* This is the BiomeMobWeight report file that is output every time the server starts.
* 
* Spawn Balance Utility (SBU) will use this file ONLY if it is renamed to BiomeMobWeight.csv.
* Lines starting with '*' are comments and ignored
* When this file is read, SBU writes summary information to the log file.
* 
1, none, bloxysstructures:adventure_realm_plains, MONSTER, creatures_expanded:abomination, 20, 1, 1
2, none, bloxysstructures:adventure_realm_plains, MONSTER, alexsmobs:farseer, 30, 1, 1
3, none, bloxysstructures:adventure_realm_plains, MONSTER, born_in_chaos_v1:baby_skeleton, 25, 1, 2
4, none, bloxysstructures:adventure_realm_plains, MONSTER, born_in_chaos_v1:baby_spider, 16, 3, 5
5, none, bloxysstructures:adventure_realm_plains, MONSTER, born_in_chaos_v1:barrel_zombie, 25, 1, 1
6, none, bloxysstructures:adventure_realm_plains, MONSTER, quark:stoneling, 80, 1, 1
7, none, bloxysstructures:adventure_realm_plains, MONSTER, quark:toretoise, 80, 2, 4
8, none, bloxysstructures:adventure_realm_plains, MONSTER, born_in_chaos_v1:bloody_gadfly, 15, 1, 1
9, none, bloxysstructures:adventure_realm_plains, MONSTER, ophidiophobia:bone_snake, 25, 2, 4
10, none, bloxysstructures:adventure_realm_plains, MONSTER, born_in_chaos_v1:bonescaller, 11, 1, 1
11, none, bloxysstructures:adventure_realm_plains, MONSTER, creatures_expanded:brood_spider, 35, 1, 1
12, none, bloxysstructures:adventure_realm_plains, MONSTER, lummobs:cacus, 10, 1, 4
13, none, bloxysstructures:adventure_realm_plains, MONSTER, lummobs:cannon_head, 3, 1, 1
14, none, bloxysstructures:adventure_realm_plains, MONSTER, born_in_chaos_v1:corpse_fly, 12, 1, 3
15, none, bloxysstructures:adventure_realm_plains, MONSTER, creatures_expanded:crumbling_skeleton, 55, 1, 3
16, none, bloxysstructures:adventure_realm_plains, MONSTER, creatures_expanded:crystalline_golem, 20, 1, 1
17, none, bloxysstructures:adventure_realm_plains, MONSTER, creatures_expanded:crystalline_spider, 45, 1, 3
18, none, bloxysstructures:adventure_realm_plains, MONSTER, born_in_chaos_v1:dark_vortex, 14, 1, 1
19, none, bloxysstructures:adventure_realm_plains, MONSTER, born_in_chaos_v1:decaying_zombie, 30, 1, 1
20, none, bloxysstructures:adventure_realm_plains, MONSTER, born_in_chaos_v1:decrepit_skeleton, 20, 1, 1
21, none, bloxysstructures:adventure_realm_plains, MONSTER, vvariants_of_titans:diabloni, 35, 1, 3
22, none, bloxysstructures:adventure_realm_plains, MONSTER, born_in_chaos_v1:dire_hound_leader, 4, 1, 1
23, none, bloxysstructures:adventure_realm_plains, MONSTER, born_in_chaos_v1:door_knight, 13, 1, 1
24, none, bloxysstructures:adventure_realm_plains, MONSTER, born_in_chaos_v1:dread_hound, 15, 3, 5
25, none, bloxysstructures:adventure_realm_plains, MONSTER, creatures_expanded:embersmog, 40, 1, 3
26, none, bloxysstructures:adventure_realm_plains, MONSTER, born_in_chaos_v1:fallen_chaos_knight, 5, 1, 1
27, none, bloxysstructures:adventure_realm_plains, MONSTER, creatures_expanded:fungal_ghoul, 60, 1, 2
28, none, bloxysstructures:adventure_realm_plains, MONSTER, creatures_expanded:gargoyle, 50, 1, 3
29, none, bloxysstructures:adventure_realm_plains, MONSTER, creatures_expanded:gloomknight, 15, 1, 1
30, none, bloxysstructures:adventure_realm_plains, MONSTER, creatures_expanded:gloomweaver, 30, 1, 2
31, none, bloxysstructures:adventure_realm_plains, MONSTER, creatures_expanded:gnasheart, 60, 1, 4
32, none, bloxysstructures:adventure_realm_plains, MONSTER, creatures_expanded:graven, 36, 3, 5
33, none, bloxysstructures:adventure_realm_plains, MONSTER, born_in_chaos_v1:krampus, 2, 1, 1
34, none, bloxysstructures:adventure_realm_plains, MONSTER, born_in_chaos_v1:krampus_henchman, 9, 2, 3
35, none, bloxysstructures:adventure_realm_plains, MONSTER, born_in_chaos_v1:lifestealer, 3, 1, 1
36, none, bloxysstructures:adventure_realm_plains, MONSTER, aam:metalplate_wanderer, 20, 1, 1
37, none, bloxysstructures:adventure_realm_plains, MONSTER, born_in_chaos_v1:missioner, 4, 1, 1
38, none, bloxysstructures:adventure_realm_plains, MONSTER, creatures_expanded:miststalker, 40, 1, 1
39, none, bloxysstructures:adventure_realm_plains, MONSTER, from_hell_rewritten:molotov_creeper, 45, 1, 1
40, none, bloxysstructures:adventure_realm_plains, MONSTER, born_in_chaos_v1:mother_spider, 15, 1, 1
41, none, bloxysstructures:adventure_realm_plains, MONSTER, mowziesmobs:grottol, 2, 1, 1
42, none, bloxysstructures:adventure_realm_plains, MONSTER, born_in_chaos_v1:mr_pumpkin, 15, 1, 3
43, none, bloxysstructures:adventure_realm_plains, MONSTER, born_in_chaos_v1:mrs_pumpkin, 13, 1, 1
44, none, bloxysstructures:adventure_realm_plains, MONSTER, born_in_chaos_v1:nightmare_stalker, 4, 1, 1
45, none, bloxysstructures:adventure_realm_plains, MONSTER, vvariants_of_titans:parah, 55, 1, 4
46, none, bloxysstructures:adventure_realm_plains, MONSTER, born_in_chaos_v1:phantom_creeper, 8, 1, 1
47, none, bloxysstructures:adventure_realm_plains, MONSTER, aam:possessed_sword, 50, 1, 2
48, none, bloxysstructures:adventure_realm_plains, MONSTER, creatures_expanded:prosperisher_zombie, 50, 1, 2
49, none, bloxysstructures:adventure_realm_plains, MONSTER, born_in_chaos_v1:pumpkin_bruiser, 10, 1, 1
50, none, bloxysstructures:adventure_realm_plains, MONSTER, lummobs:purpleguy, 5, 1, 1
51, none, bloxysstructures:adventure_realm_plains, MONSTER, born_in_chaos_v1:restless_spirit, 20, 1, 1
52, none, bloxysstructures:adventure_realm_plains, MONSTER, vvariants_of_titans:rzombs, 15, 1, 1
53, none, bloxysstructures:adventure_realm_plains, MONSTER, born_in_chaos_v1:senor_pumpkin, 10, 1, 2
54, none, bloxysstructures:adventure_realm_plains, MONSTER, creatures_expanded:shadowfiend, 35, 1, 2
55, none, bloxysstructures:adventure_realm_plains, MONSTER, born_in_chaos_v1:siamese_skeletons, 16, 1, 1
56, none, bloxysstructures:adventure_realm_plains, MONSTER, born_in_chaos_v1:sir_pumpkinhead, 4, 1, 1
57, none, bloxysstructures:adventure_realm_plains, MONSTER, born_in_chaos_v1:skeleton_demoman, 12, 1, 1
58, none, bloxysstructures:adventure_realm_plains, MONSTER, born_in_chaos_v1:skeleton_thrasher, 8, 1, 1
59, none, bloxysstructures:adventure_realm_plains, MONSTER, lummobs:slabturtle_2, 15, 1, 3
60, none, bloxysstructures:adventure_realm_plains, MONSTER, born_in_chaos_v1:spirit_guide_assistant, 9, 2, 2
61, none, bloxysstructures:adventure_realm_plains, MONSTER, born_in_chaos_v1:spirit_guide, 16, 1, 1
62, none, bloxysstructures:adventure_realm_plains, MONSTER, born_in_chaos_v1:spiritof_chaos, 8, 1, 1
63, none, bloxysstructures:adventure_realm_plains, MONSTER, born_in_chaos_v1:supreme_bonescaller, 1, 1, 1
64, none, bloxysstructures:adventure_realm_plains, MONSTER, born_in_chaos_v1:swarmer, 11, 1, 1
65, none, bloxysstructures:adventure_realm_plains, MONSTER, creatures_expanded:tremorgue, 25, 1, 2
66, none, bloxysstructures:adventure_realm_plains, MONSTER, creatures_expanded:undead_necromancer, 35, 1, 1
67, none, bloxysstructures:adventure_realm_plains, MONSTER, born_in_chaos_v1:zombie_bruiser, 16, 1, 1
68, none, bloxysstructures:adventure_realm_plains, MONSTER, born_in_chaos_v1:zombie_clown, 8, 1, 1
69, none, bloxysstructures:adventure_realm_plains, MONSTER, born_in_chaos_v1:zombie_fisherman, 30, 1, 1
70, none, bloxysstructures:adventure_realm_plains, MONSTER, born_in_chaos_v1:zombie_lumberjack, 25, 1, 1
71, none, bloxysstructures:adventure_realm_plains, MONSTER, zombie_mobs:zombiechicken, 20, 4, 6
72, none, bloxysstructures:adventure_realm_plains, MONSTER, zombie_mobs:zombiecow, 20, 4, 4
73, none, bloxysstructures:adventure_realm_plains, MONSTER, zombie_mobs:zombiepig, 20, 3, 3
74, none, bloxysstructures:adventure_realm_plains, CREATURE, bloxysstructures:adventure_realm_golem, 50, 1, 2
75, none, bloxysstructures:adventure_realm_plains, CREATURE, bloxysstructures:giant_cow, 80, 2, 4
76, none, bloxysstructures:adventure_realm_plains, CREATURE, bloxysstructures:giant_pig, 80, 2, 4
77, none, bloxysstructures:adventure_realm_plains, CREATURE, bloxysstructures:giant_sniffer, 55, 2, 4
78, none, bloxysstructures:adventure_realm_plains, CREATURE, bloxysstructures:giant_wolf, 20, 2, 3
79, none, bloxysstructures:adventure_realm_plains, CREATURE, born_in_chaos_v1:thornshell_crab, 8, 1, 1
80, none, bloxysstructures:adventure_realm_plains, WATER_CREATURE, born_in_chaos_v1:corpse_fish, 7, 3, 5
81, none, bloxysstructures:adventure_realm_plains, WATER_CREATURE, born_in_chaos_v1:glutton_fish, 2, 1, 1
82, badlands, minecraft:badlands, MONSTER, creatures_expanded:abomination, 20, 1, 1
83, badlands, minecraft:badlands, MONSTER, knights:archer, 40, 2, 3
84, badlands, minecraft:badlands, MONSTER, threateningly_mobs:armor_desert, 60, 1, 1
85, badlands, minecraft:badlands, MONSTER, threateningly_mobs:basalt_wyvern, 10, 1, 1
86, badlands, minecraft:badlands, MONSTER, ddenizens:beholder, 10, 1, 1
87, badlands, minecraft:badlands, MONSTER, creatures_expanded:brood_spider, 35, 1, 1
88, badlands, minecraft:badlands, MONSTER, threateningly_mobs:cave_hunter, 12, 1, 1
89, badlands, minecraft:badlands, MONSTER, creatures_expanded:crumbling_skeleton, 50, 1, 1
90, badlands, minecraft:badlands, MONSTER, creatures_expanded:crystalline_golem, 20, 1, 1
91, badlands, minecraft:badlands, MONSTER, creatures_expanded:crystalline_spider, 45, 1, 3
92, badlands, minecraft:badlands, MONSTER, ddenizens:daemon, 10, 1, 1
93, badlands, minecraft:badlands, MONSTER, ddenizens:death_tyrant, 10, 1, 1
94, badlands, minecraft:badlands, MONSTER, threateningly_mobs:dracoscorpius, 40, 1, 2
95, badlands, minecraft:badlands, MONSTER, threateningly_mobs:elite_zombie_warrior, 10, 1, 2
96, badlands, minecraft:badlands, MONSTER, creatures_expanded:embersmog, 40, 1, 3
97, badlands, minecraft:badlands, MONSTER, ddenizens:fossilized_skeleton, 25, 1, 2
98, badlands, minecraft:badlands, MONSTER, creatures_expanded:fungal_ghoul, 60, 1, 2
99, badlands, minecraft:badlands, MONSTER, creatures_expanded:gargoyle, 50, 1, 3
100, badlands, minecraft:badlands, MONSTER, ddenizens:gazer, 25, 1, 1
101, badlands, minecraft:badlands, MONSTER, ddenizens:ghoul, 25, 1, 1
102, badlands, minecraft:badlands, MONSTER, creatures_expanded:gilded_zombie, 55, 1, 3
103, badlands, minecraft:badlands, MONSTER, creatures_expanded:gloomknight, 5, 1, 1
104, badlands, minecraft:badlands, MONSTER, creatures_expanded:gloomweaver, 30, 1, 2
105, badlands, minecraft:badlands, MONSTER, creatures_expanded:gnasheart, 60, 1, 4
106, badlands, minecraft:badlands, MONSTER, creatures_expanded:graven, 36, 3, 5
107, badlands, minecraft:badlands, MONSTER, ddenizens:headless, 40, 1, 1
108, badlands, minecraft:badlands, MONSTER, knights:heavyknight, 40, 1, 1
109, badlands, minecraft:badlands, MONSTER, ddenizens:iron_skeleton, 15, 1, 1
110, badlands, minecraft:badlands, MONSTER, creatures_expanded:kamikaze_creeper, 45, 1, 2
111, badlands, minecraft:badlands, MONSTER, knights:knight, 50, 3, 5
112, badlands, minecraft:badlands, MONSTER, threateningly_mobs:lich_re, 10, 1, 1
113, badlands, minecraft:badlands, MONSTER, ddenizens:magma_skeleton, 40, 1, 1
114, badlands, minecraft:badlands, MONSTER, creatures_expanded:miststalker, 40, 1, 1
115, badlands, minecraft:badlands, MONSTER, mocreatures:biggolem, 10, 1, 1
116, badlands, minecraft:badlands, MONSTER, mocreatures:rat, 10, 1, 2
117, badlands, minecraft:badlands, MONSTER, mocreatures:dirtscorpion, 10, 1, 3
118, badlands, minecraft:badlands, MONSTER, mocreatures:minigolem, 40, 1, 1
119, badlands, minecraft:badlands, MONSTER, mocreatures:plainmanticore, 50, 1, 1
120, badlands, minecraft:badlands, MONSTER, mocreatures:silverskeleton, 70, 1, 1
121, badlands, minecraft:badlands, MONSTER, mocreatures:darkmanticore, 50, 1, 3
122, badlands, minecraft:badlands, MONSTER, mocreatures:cavescorpion, 50, 1, 3
123, badlands, minecraft:badlands, MONSTER, threateningly_mobs:moon_priest, 10, 1, 1
124, badlands, minecraft:badlands, MONSTER, fantasyfauna:mushcap_glowing, 50, 2, 4
125, badlands, minecraft:badlands, MONSTER, knights:noble, 50, 1, 1
126, badlands, minecraft:badlands, MONSTER, ddenizens:orc, 35, 1, 1
127, badlands, minecraft:badlands, MONSTER, threateningly_mobs:ore_drill, 32, 1, 1
128, badlands, minecraft:badlands, MONSTER, mobz:tank_zombie, 10, 1, 1
129, badlands, minecraft:badlands, MONSTER, knights:peasant, 60, 2, 3
130, badlands, minecraft:badlands, MONSTER, fantasyfauna:possessed_armor, 20, 1, 1
131, badlands, minecraft:badlands, MONSTER, creatures_expanded:prosperisher_zombie, 50, 1, 2
132, badlands, minecraft:badlands, MONSTER, pumpeddesertremake:red_sand_storm, 20, 4, 4
133, badlands, minecraft:badlands, MONSTER, threateningly_mobs:sandworm, 15, 1, 1
134, badlands, minecraft:badlands, MONSTER, ddenizens:shadow, 30, 1, 1
135, badlands, minecraft:badlands, MONSTER, creatures_expanded:shadowfiend, 35, 1, 2
136, badlands, minecraft:badlands, MONSTER, ddenizens:shadowlord, 15, 1, 1
137, badlands, minecraft:badlands, MONSTER, ddenizens:skeleton_warrior, 50, 1, 2
138, badlands, minecraft:badlands, MONSTER, threateningly_mobs:solscarab_maximus, 10, 1, 1
139, badlands, minecraft:badlands, MONSTER, mobz:archer, 10, 1, 2
140, badlands, minecraft:badlands, MONSTER, mobz:bigboss, 50, 1, 1
141, badlands, minecraft:badlands, MONSTER, mobz:boss_skeleton, 60, 1, 1
142, badlands, minecraft:badlands, MONSTER, mobz:boss_zombie, 70, 1, 1
143, badlands, minecraft:badlands, MONSTER, mobz:illusioner, 10, 1, 1
144, badlands, minecraft:badlands, MONSTER, mobz:lord_of_darkness, 10, 1, 1
145, badlands, minecraft:badlands, MONSTER, mobz:spider_mage, 40, 1, 1
146, badlands, minecraft:badlands, MONSTER, specialmobs:endercreeper, 10, 1, 4
147, badlands, minecraft:badlands, MONSTER, ddenizens:spectator, 25, 1, 1
148, badlands, minecraft:badlands, MONSTER, threateningly_mobs:steelboar, 10, 1, 1
149, badlands, minecraft:badlands, MONSTER, creatures_expanded:tremorgue, 25, 1, 2
150, badlands, minecraft:badlands, MONSTER, creatures_expanded:undead_necromancer, 35, 1, 1
151, badlands, minecraft:badlands, MONSTER, ddenizens:winged_skeleton, 70, 1, 1
152, badlands, minecraft:badlands, MONSTER, pumpeddesertremake:sand_storm, 40, 1, 1
153, badlands, minecraft:badlands, MONSTER, specialmobs:giantskeleton, 70, 1, 1
154, badlands, minecraft:badlands, MONSTER, mobz:small_zombie, 70, 1, 1
155, badlands, minecraft:badlands, MONSTER, mocreatures:undeadscorpion, 50, 1, 1
156, badlands, minecraft:badlands, MONSTER, mobz:zombie_mage, 70, 1, 1
157, badlands, minecraft:badlands, MONSTER, specialmobs:bruteskeleton, 70, 1, 1
158, badlands, minecraft:badlands, MONSTER, specialmobs:gatlingskeleton, 70, 1, 1
159, badlands, minecraft:badlands, MONSTER, specialmobs:knightskeleton, 70, 1, 1
160, badlands, minecraft:badlands, MONSTER, specialmobs:ninjaskeleton, 70, 1, 1
161, badlands, minecraft:badlands, MONSTER, specialmobs:sniperskeleton, 70, 1, 1
162, badlands, minecraft:badlands, MONSTER, specialmobs:brutezombie, 70, 1, 1
163, badlands, minecraft:badlands, MONSTER, specialmobs:plaguezombie, 70, 1, 1
164, badlands, minecraft:badlands, MONSTER, specialmobs:fishingzombie, 70, 1, 1
165, badlands, minecraft:badlands, MONSTER, specialmobs:hungryzombie, 70, 1, 1
166, badlands, minecraft:badlands, MONSTER, specialmobs:minicreeper, 40, 1, 1
167, badlands, minecraft:badlands, MONSTER, specialmobs:desertspider, 40, 1, 1
168, badlands, minecraft:badlands, MONSTER, specialmobs:desertcavespider, 40, 1, 1
169, badlands, minecraft:badlands, MONSTER, specialmobs:infernoblaze, 40, 1, 1
170, badlands, minecraft:badlands, MONSTER, threateningly_mobs:solscarab_maximus, 20, 1, 1
171, badlands, minecraft:badlands, CREATURE, iceandfire:hippogryph, 60, 1, 1
172, badlands, minecraft:badlands, CREATURE, mocreatures:mouse, 10, 1, 2
173, badlands, minecraft:badlands, CREATURE, mocreatures:bird, 16, 2, 3
174, badlands, minecraft:badlands, CREATURE, mocreatures:lion, 10, 1, 3
175, badlands, minecraft:badlands, CREATURE, mocreatures:snake, 14, 1, 2
176, badlands, minecraft:badlands, CREATURE, mocreatures:filchlizard, 10, 1, 2
177, badlands, minecraft:badlands, AMBIENT, ddenizens:boulder, 35, 1, 1
178, badlands, minecraft:badlands, AMBIENT, mocreatures:ant, 12, 1, 4
179, badlands, minecraft:badlands, AMBIENT, pumpeddesertremake:red_fennec, 10, 1, 3
180, badlands, minecraft:badlands, AMBIENT, pumpeddesertremake:red_snake, 10, 1, 1
181, jungle, minecraft:bamboo_jungle, MONSTER, creatures_expanded:abomination, 20, 1, 1
182, jungle, minecraft:bamboo_jungle, MONSTER, knights:archer, 40, 2, 3
183, jungle, minecraft:bamboo_jungle, MONSTER, ddenizens:beholder, 10, 1, 1
184, jungle, minecraft:bamboo_jungle, MONSTER, creatures_expanded:brood_spider, 35, 1, 1
185, jungle, minecraft:bamboo_jungle, MONSTER, threateningly_mobs:cave_hunter, 12, 1, 1
186, jungle, minecraft:bamboo_jungle, MONSTER, creatures_expanded:crumbling_skeleton, 50, 1, 1
187, jungle, minecraft:bamboo_jungle, MONSTER, creatures_expanded:crystalline_golem, 20, 1, 1
188, jungle, minecraft:bamboo_jungle, MONSTER, creatures_expanded:crystalline_spider, 45, 1, 3
189, jungle, minecraft:bamboo_jungle, MONSTER, ddenizens:daemon, 10, 1, 1
190, jungle, minecraft:bamboo_jungle, MONSTER, ddenizens:death_tyrant, 10, 1, 1
191, jungle, minecraft:bamboo_jungle, MONSTER, threateningly_mobs:elite_zombie_warrior, 10, 1, 2
192, jungle, minecraft:bamboo_jungle, MONSTER, creatures_expanded:embersmog, 40, 1, 3
193, jungle, minecraft:bamboo_jungle, MONSTER, ddenizens:fossilized_skeleton, 25, 1, 2
194, jungle, minecraft:bamboo_jungle, MONSTER, creatures_expanded:fungal_ghoul, 60, 1, 2
195, jungle, minecraft:bamboo_jungle, MONSTER, creatures_expanded:gargoyle, 50, 1, 3
196, jungle, minecraft:bamboo_jungle, MONSTER, ddenizens:gazer, 25, 1, 1
197, jungle, minecraft:bamboo_jungle, MONSTER, ddenizens:ghoul, 25, 1, 1
198, jungle, minecraft:bamboo_jungle, MONSTER, creatures_expanded:gloomknight, 5, 1, 1
199, jungle, minecraft:bamboo_jungle, MONSTER, creatures_expanded:gloomweaver, 30, 1, 2
200, jungle, minecraft:bamboo_jungle, MONSTER, creatures_expanded:gnasheart, 60, 1, 4
201, jungle, minecraft:bamboo_jungle, MONSTER, creatures_expanded:graven, 36, 3, 5
202, jungle, minecraft:bamboo_jungle, MONSTER, ddenizens:headless, 40, 1, 1
203, jungle, minecraft:bamboo_jungle, MONSTER, knights:heavyknight, 40, 1, 1
204, jungle, minecraft:bamboo_jungle, MONSTER, ddenizens:iron_skeleton, 15, 1, 1
205, jungle, minecraft:bamboo_jungle, MONSTER, knights:knight, 50, 3, 5
206, jungle, minecraft:bamboo_jungle, MONSTER, threateningly_mobs:lich_re, 10, 1, 1
207, jungle, minecraft:bamboo_jungle, MONSTER, ddenizens:magma_skeleton, 40, 1, 1
208, jungle, minecraft:bamboo_jungle, MONSTER, creatures_expanded:miststalker, 40, 1, 1
209, jungle, minecraft:bamboo_jungle, MONSTER, mocreatures:dirtscorpion, 10, 1, 3
210, jungle, minecraft:bamboo_jungle, MONSTER, mocreatures:cavescorpion, 50, 1, 3
211, jungle, minecraft:bamboo_jungle, MONSTER, threateningly_mobs:moon_priest, 10, 1, 1
212, jungle, minecraft:bamboo_jungle, MONSTER, fantasyfauna:mushcap_glowing, 50, 2, 4
213, jungle, minecraft:bamboo_jungle, MONSTER, knights:noble, 50, 1, 1
214, jungle, minecraft:bamboo_jungle, MONSTER, ddenizens:orc, 35, 1, 1
215, jungle, minecraft:bamboo_jungle, MONSTER, threateningly_mobs:ore_drill, 32, 1, 1
216, jungle, minecraft:bamboo_jungle, MONSTER, mobz:tank_zombie, 10, 1, 1
217, jungle, minecraft:bamboo_jungle, MONSTER, knights:peasant, 60, 2, 3
218, jungle, minecraft:bamboo_jungle, MONSTER, fantasyfauna:possessed_armor, 20, 1, 1
219, jungle, minecraft:bamboo_jungle, MONSTER, creatures_expanded:prosperisher_zombie, 50, 1, 2
220, jungle, minecraft:bamboo_jungle, MONSTER, ddenizens:shadow, 30, 1, 1
221, jungle, minecraft:bamboo_jungle, MONSTER, creatures_expanded:shadowfiend, 35, 1, 2
222, jungle, minecraft:bamboo_jungle, MONSTER, ddenizens:shadowlord, 15, 1, 1
223, jungle, minecraft:bamboo_jungle, MONSTER, ddenizens:skeleton_warrior, 50, 1, 2
224, jungle, minecraft:bamboo_jungle, MONSTER, mobz:armored_zombie, 70, 1, 1
225, jungle, minecraft:bamboo_jungle, MONSTER, mobz:blue_spider, 20, 2, 3
226, jungle, minecraft:bamboo_jungle, MONSTER, mobz:bowman, 50, 1, 2
227, jungle, minecraft:bamboo_jungle, MONSTER, mobz:cookie_creeper, 10, 1, 2
228, jungle, minecraft:bamboo_jungle, MONSTER, mobz:dwarf, 10, 1, 1
229, jungle, minecraft:bamboo_jungle, MONSTER, mobz:fast_zombie, 70, 1, 1
230, jungle, minecraft:bamboo_jungle, MONSTER, mobz:honey_slime, 10, 1, 1
231, jungle, minecraft:bamboo_jungle, MONSTER, mobz:iron_steve, 30, 1, 1
232, jungle, minecraft:bamboo_jungle, MONSTER, mobz:lost_skeleton, 70, 1, 1
233, jungle, minecraft:bamboo_jungle, MONSTER, mobz:overgrown_skeleton, 15, 2, 4
234, jungle, minecraft:bamboo_jungle, MONSTER, mobz:purple_spider, 15, 1, 4
235, jungle, minecraft:bamboo_jungle, MONSTER, mobz:tank_zombie, 30, 1, 2
236, jungle, minecraft:bamboo_jungle, MONSTER, mobz:templar, 40, 1, 1
237, jungle, minecraft:bamboo_jungle, MONSTER, mobz:warrior, 10, 1, 2
238, jungle, minecraft:bamboo_jungle, MONSTER, mobz:zombie_mage, 70, 1, 1
239, jungle, minecraft:bamboo_jungle, MONSTER, specialmobs:endercreeper, 10, 1, 4
240, jungle, minecraft:bamboo_jungle, MONSTER, ddenizens:spectator, 25, 1, 1
241, jungle, minecraft:bamboo_jungle, MONSTER, creatures_expanded:tremorgue, 25, 1, 2
242, jungle, minecraft:bamboo_jungle, MONSTER, creatures_expanded:undead_necromancer, 35, 1, 1
243, jungle, minecraft:bamboo_jungle, MONSTER, ddenizens:winged_skeleton, 70, 1, 1
244, jungle, minecraft:bamboo_jungle, MONSTER, specialmobs:giantskeleton, 70, 1, 1
245, jungle, minecraft:bamboo_jungle, MONSTER, mocreatures:biggolem, 20, 1, 1
246, jungle, minecraft:bamboo_jungle, MONSTER, mobz:small_zombie, 70, 1, 1
247, jungle, minecraft:bamboo_jungle, MONSTER, mocreatures:minigolem, 40, 1, 1
248, jungle, minecraft:bamboo_jungle, MONSTER, mocreatures:darkmanticore, 50, 1, 1
249, jungle, minecraft:bamboo_jungle, MONSTER, mocreatures:undeadscorpion, 50, 1, 1
250, jungle, minecraft:bamboo_jungle, MONSTER, mocreatures:silverskeleton, 70, 1, 1
251, jungle, minecraft:bamboo_jungle, MONSTER, mobz:bigboss, 50, 1, 1
252, jungle, minecraft:bamboo_jungle, MONSTER, specialmobs:bruteskeleton, 70, 1, 1
253, jungle, minecraft:bamboo_jungle, MONSTER, specialmobs:gatlingskeleton, 70, 1, 1
254, jungle, minecraft:bamboo_jungle, MONSTER, specialmobs:knightskeleton, 70, 1, 1
255, jungle, minecraft:bamboo_jungle, MONSTER, specialmobs:ninjaskeleton, 70, 1, 1
256, jungle, minecraft:bamboo_jungle, MONSTER, specialmobs:sniperskeleton, 70, 1, 1
257, jungle, minecraft:bamboo_jungle, MONSTER, specialmobs:brutezombie, 70, 1, 1
258, jungle, minecraft:bamboo_jungle, MONSTER, specialmobs:plaguezombie, 70, 1, 1
259, jungle, minecraft:bamboo_jungle, MONSTER, specialmobs:fishingzombie, 70, 1, 1
260, jungle, minecraft:bamboo_jungle, MONSTER, specialmobs:hungryzombie, 70, 1, 1
261, jungle, minecraft:bamboo_jungle, MONSTER, specialmobs:minicreeper, 40, 1, 1
262, jungle, minecraft:bamboo_jungle, CREATURE, cold_sweat:chameleon, 80, 1, 1
263, jungle, minecraft:bamboo_jungle, CREATURE, iceandfire:amphithere, 50, 1, 3
264, jungle, minecraft:bamboo_jungle, CREATURE, mocreatures:bird, 16, 2, 3
265, jungle, minecraft:bamboo_jungle, CREATURE, mocreatures:tiger, 10, 1, 2
266, jungle, minecraft:bamboo_jungle, CREATURE, mocreatures:leopard, 10, 1, 2
267, jungle, minecraft:bamboo_jungle, CREATURE, mocreatures:panther, 10, 1, 2
268, jungle, minecraft:bamboo_jungle, CREATURE, mocreatures:elephant, 10, 1, 2
269, jungle, minecraft:bamboo_jungle, CREATURE, mocreatures:snake, 14, 1, 2
270, jungle, minecraft:bamboo_jungle, CREATURE, mocreatures:pandabear, 10, 1, 3
271, jungle, minecraft:bamboo_jungle, CREATURE, mobz:brown_bear, 30, 2, 3
272, jungle, minecraft:bamboo_jungle, CREATURE, mobz:dirty_boar, 10, 1, 3
273, jungle, minecraft:bamboo_jungle, CREATURE, mobz:fiora, 10, 1, 1
274, jungle, minecraft:bamboo_jungle, CREATURE, mobz:golden_chicken, 10, 1, 2
275, jungle, minecraft:bamboo_jungle, CREATURE, mobz:katherine, 10, 1, 1
276, jungle, minecraft:bamboo_jungle, CREATURE, mobz:wild_boar, 10, 2, 4
277, jungle, minecraft:bamboo_jungle, AMBIENT, ddenizens:boulder, 35, 1, 1
278, jungle, minecraft:bamboo_jungle, AMBIENT, mocreatures:snail, 10, 1, 2
279, jungle, minecraft:bamboo_jungle, AMBIENT, mocreatures:bee, 10, 1, 2
280, jungle, minecraft:bamboo_jungle, AMBIENT, mocreatures:firefly, 10, 1, 2
281, jungle, minecraft:bamboo_jungle, AMBIENT, mocreatures:dragonfly, 10, 1, 2
282, jungle, minecraft:bamboo_jungle, AMBIENT, mocreatures:roach, 10, 1, 2
283, jungle, minecraft:bamboo_jungle, AMBIENT, mocreatures:butterfly, 12, 1, 4
284, jungle, minecraft:bamboo_jungle, AMBIENT, mocreatures:ant, 12, 1, 4
285, jungle, minecraft:bamboo_jungle, AMBIENT, mocreatures:grasshopper, 10, 1, 2
286, jungle, minecraft:bamboo_jungle, AMBIENT, mocreatures:cricket, 10, 1, 2
287, jungle, minecraft:bamboo_jungle, AMBIENT, mobz:tiny_spider, 10, 1, 1
288, jungle, minecraft:bamboo_jungle, WATER_CREATURE, mocreatures:angelfish, 12, 1, 6
289, jungle, minecraft:bamboo_jungle, WATER_CREATURE, mocreatures:piranha, 50, 1, 3
290, nether, minecraft:basalt_deltas, MONSTER, creatures_expanded:abomination, 20, 1, 1
291, nether, minecraft:basalt_deltas, MONSTER, threateningly_mobs:basalt_wyvern, 10, 1, 1
292, nether, minecraft:basalt_deltas, MONSTER, creatures_expanded:brood_spider, 35, 1, 1
293, nether, minecraft:basalt_deltas, MONSTER, creatures_expanded:crumbling_skeleton, 50, 1, 1
294, nether, minecraft:basalt_deltas, MONSTER, creatures_expanded:crystalline_golem, 20, 1, 1
295, nether, minecraft:basalt_deltas, MONSTER, creatures_expanded:crystalline_spider, 45, 1, 3
296, nether, minecraft:basalt_deltas, MONSTER, creatures_expanded:embersmog, 40, 1, 3
297, nether, minecraft:basalt_deltas, MONSTER, creatures_expanded:fungal_ghoul, 60, 1, 2
298, nether, minecraft:basalt_deltas, MONSTER, creatures_expanded:gargoyle, 50, 1, 3
299, nether, minecraft:basalt_deltas, MONSTER, creatures_expanded:gloomknight, 5, 1, 1
300, nether, minecraft:basalt_deltas, MONSTER, creatures_expanded:gloomweaver, 30, 1, 2
301, nether, minecraft:basalt_deltas, MONSTER, creatures_expanded:gnasheart, 60, 1, 4
302, nether, minecraft:basalt_deltas, MONSTER, creatures_expanded:graven, 36, 3, 5
303, nether, minecraft:basalt_deltas, MONSTER, ddenizens:magma_skeleton, 15, 1, 4
304, nether, minecraft:basalt_deltas, MONSTER, creatures_expanded:miststalker, 40, 1, 1
305, nether, minecraft:basalt_deltas, MONSTER, mocreatures:flamewraith, 10, 1, 2
306, nether, minecraft:basalt_deltas, MONSTER, mocreatures:fireogre, 10, 1, 2
307, nether, minecraft:basalt_deltas, MONSTER, mocreatures:hellrat, 10, 1, 4
308, nether, minecraft:basalt_deltas, MONSTER, mocreatures:firemanticore, 10, 1, 3
309, nether, minecraft:basalt_deltas, MONSTER, mocreatures:firescorpion, 10, 1, 3
310, nether, minecraft:basalt_deltas, MONSTER, mocreatures:horsemob, 10, 1, 3
311, nether, minecraft:basalt_deltas, MONSTER, fantasyfauna:possessed_armor, 20, 1, 1
312, nether, minecraft:basalt_deltas, MONSTER, creatures_expanded:prosperisher_zombie, 50, 1, 2
313, nether, minecraft:basalt_deltas, MONSTER, creatures_expanded:pyroclastic_boulder, 20, 1, 1
314, nether, minecraft:basalt_deltas, MONSTER, creatures_expanded:pyrorachnid, 35, 1, 2
315, nether, minecraft:basalt_deltas, MONSTER, ddenizens:shadow, 15, 1, 1
316, nether, minecraft:basalt_deltas, MONSTER, creatures_expanded:shadowfiend, 35, 1, 2
317, nether, minecraft:basalt_deltas, MONSTER, mobz:lava_golem, 10, 1, 1
318, nether, minecraft:basalt_deltas, MONSTER, mobz:nether_skeleton, 10, 1, 2
319, nether, minecraft:basalt_deltas, MONSTER, mobz:nether_wolf, 10, 1, 3
320, nether, minecraft:basalt_deltas, MONSTER, mobz:pigman, 10, 2, 3
321, nether, minecraft:basalt_deltas, MONSTER, mobz:soul_creeper, 10, 1, 2
322, nether, minecraft:basalt_deltas, MONSTER, mobz:wither_blaze, 10, 1, 3
323, nether, minecraft:basalt_deltas, MONSTER, specialmobs:firecreeper, 10, 4, 4
324, nether, minecraft:basalt_deltas, MONSTER, specialmobs:firezombie, 10, 4, 4
325, nether, minecraft:basalt_deltas, MONSTER, specialmobs:firespider, 10, 4, 4
326, nether, minecraft:basalt_deltas, MONSTER, creatures_expanded:tremorgue, 25, 1, 2
327, nether, minecraft:basalt_deltas, MONSTER, creatures_expanded:undead_necromancer, 35, 1, 1
328, nether, minecraft:basalt_deltas, MONSTER, specialmobs:bruteskeleton, 70, 1, 1
329, nether, minecraft:basalt_deltas, MONSTER, specialmobs:gatlingskeleton, 70, 1, 1
330, nether, minecraft:basalt_deltas, MONSTER, specialmobs:knightskeleton, 70, 1, 1
331, nether, minecraft:basalt_deltas, MONSTER, specialmobs:ninjaskeleton, 70, 1, 1
332, nether, minecraft:basalt_deltas, MONSTER, specialmobs:sniperskeleton, 70, 1, 1
333, nether, minecraft:basalt_deltas, MONSTER, specialmobs:brutezombie, 70, 1, 1
334, nether, minecraft:basalt_deltas, MONSTER, specialmobs:plaguezombie, 70, 1, 1
335, nether, minecraft:basalt_deltas, MONSTER, specialmobs:fishingzombie, 70, 1, 1
336, nether, minecraft:basalt_deltas, MONSTER, specialmobs:hungryzombie, 70, 1, 1
337, nether, minecraft:basalt_deltas, MONSTER, specialmobs:minicreeper, 40, 1, 1
338, beach, minecraft:beach, MONSTER, creatures_expanded:abomination, 10, 1, 1
339, beach, minecraft:beach, MONSTER, knights:archer, 10, 2, 3
340, beach, minecraft:beach, MONSTER, ddenizens:beholder, 10, 1, 1
341, beach, minecraft:beach, MONSTER, creatures_expanded:brood_spider, 10, 1, 1
342, beach, minecraft:beach, MONSTER, threateningly_mobs:cannon_crab, 10, 1, 1
343, beach, minecraft:beach, MONSTER, threateningly_mobs:cave_hunter, 10, 1, 1
344, beach, minecraft:beach, MONSTER, creatures_expanded:crumbling_skeleton, 50, 1, 1
345, beach, minecraft:beach, MONSTER, creatures_expanded:crystalline_golem, 10, 1, 1
346, beach, minecraft:beach, MONSTER, creatures_expanded:crystalline_spider, 10, 1, 3
347, beach, minecraft:beach, MONSTER, ddenizens:daemon, 10, 1, 1
348, beach, minecraft:beach, MONSTER, ddenizens:death_tyrant, 10, 1, 1
349, beach, minecraft:beach, MONSTER, threateningly_mobs:elite_zombie_warrior, 10, 1, 2
350, beach, minecraft:beach, MONSTER, creatures_expanded:embersmog, 10, 1, 3
351, beach, minecraft:beach, MONSTER, ddenizens:fossilized_skeleton, 10, 1, 2
352, beach, minecraft:beach, MONSTER, creatures_expanded:fungal_ghoul, 10, 1, 2
353, beach, minecraft:beach, MONSTER, creatures_expanded:gargoyle, 10, 1, 3
354, beach, minecraft:beach, MONSTER, ddenizens:gazer, 10, 1, 1
355, beach, minecraft:beach, MONSTER, ddenizens:ghoul, 10, 1, 1
356, beach, minecraft:beach, MONSTER, creatures_expanded:gloomknight, 5, 1, 1
357, beach, minecraft:beach, MONSTER, creatures_expanded:gloomweaver, 10, 1, 2
358, beach, minecraft:beach, MONSTER, creatures_expanded:gnasheart, 10, 1, 4
359, beach, minecraft:beach, MONSTER, creatures_expanded:graven, 10, 3, 5
360, beach, minecraft:beach, MONSTER, ddenizens:headless, 10, 1, 1
361, beach, minecraft:beach, MONSTER, knights:heavyknight, 40, 1, 1
362, beach, minecraft:beach, MONSTER, ddenizens:iron_skeleton, 10, 1, 1
363, beach, minecraft:beach, MONSTER, knights:knight, 10, 3, 5
364, beach, minecraft:beach, MONSTER, threateningly_mobs:lich_re, 10, 1, 1
365, beach, minecraft:beach, MONSTER, ddenizens:magma_skeleton, 10, 1, 1
366, beach, minecraft:beach, MONSTER, creatures_expanded:miststalker, 10, 1, 1
367, beach, minecraft:beach, MONSTER, mocreatures:biggolem, 10, 1, 1
368, beach, minecraft:beach, MONSTER, mocreatures:dirtscorpion, 10, 1, 3
369, beach, minecraft:beach, MONSTER, mocreatures:minigolem, 40, 1, 1
370, beach, minecraft:beach, MONSTER, mocreatures:plainmanticore, 50, 1, 1
371, beach, minecraft:beach, MONSTER, mocreatures:silverskeleton, 70, 1, 1
372, beach, minecraft:beach, MONSTER, mocreatures:darkmanticore, 50, 1, 3
373, beach, minecraft:beach, MONSTER, mocreatures:cavescorpion, 50, 1, 3
374, beach, minecraft:beach, MONSTER, threateningly_mobs:moon_priest, 10, 1, 1
375, beach, minecraft:beach, MONSTER, fantasyfauna:mushcap_glowing, 10, 2, 4
376, beach, minecraft:beach, MONSTER, knights:noble, 10, 1, 1
377, beach, minecraft:beach, MONSTER, ddenizens:orc, 10, 1, 1
378, beach, minecraft:beach, MONSTER, threateningly_mobs:ore_drill, 10, 1, 1
379, beach, minecraft:beach, MONSTER, mobz:tank_zombie, 10, 1, 1
380, beach, minecraft:beach, MONSTER, knights:peasant, 10, 2, 3
381, beach, minecraft:beach, MONSTER, fantasyfauna:possessed_armor, 10, 1, 1
382, beach, minecraft:beach, MONSTER, creatures_expanded:prosperisher_zombie, 10, 1, 2
383, beach, minecraft:beach, MONSTER, ddenizens:shadow, 10, 1, 1
384, beach, minecraft:beach, MONSTER, creatures_expanded:shadowfiend, 10, 1, 2
385, beach, minecraft:beach, MONSTER, ddenizens:shadowlord, 10, 1, 1
386, beach, minecraft:beach, MONSTER, ddenizens:skeleton_warrior, 10, 1, 2
387, beach, minecraft:beach, MONSTER, mobz:armored_zombie, 70, 1, 1
388, beach, minecraft:beach, MONSTER, mobz:blue_spider, 10, 2, 3
389, beach, minecraft:beach, MONSTER, mobz:bowman, 50, 1, 2
390, beach, minecraft:beach, MONSTER, mobz:dwarf, 10, 1, 1
391, beach, minecraft:beach, MONSTER, mobz:fast_zombie, 70, 1, 1
392, beach, minecraft:beach, MONSTER, mobz:honey_slime, 10, 1, 1
393, beach, minecraft:beach, MONSTER, mobz:iron_steve, 30, 1, 1
394, beach, minecraft:beach, MONSTER, mobz:lost_skeleton, 70, 1, 1
395, beach, minecraft:beach, MONSTER, mobz:overgrown_skeleton, 10, 2, 4
396, beach, minecraft:beach, MONSTER, mobz:purple_spider, 10, 1, 4
397, beach, minecraft:beach, MONSTER, mobz:tank_zombie, 10, 1, 2
398, beach, minecraft:beach, MONSTER, mobz:templar, 40, 1, 1
399, beach, minecraft:beach, MONSTER, mobz:warrior, 10, 1, 2
400, beach, minecraft:beach, MONSTER, mobz:zombie_mage, 70, 1, 1
401, beach, minecraft:beach, MONSTER, specialmobs:endercreeper, 10, 1, 4
402, beach, minecraft:beach, MONSTER, ddenizens:spectator, 10, 1, 1
403, beach, minecraft:beach, MONSTER, creatures_expanded:tremorgue, 10, 1, 2
404, beach, minecraft:beach, MONSTER, creatures_expanded:undead_necromancer, 10, 1, 1
405, beach, minecraft:beach, MONSTER, ddenizens:winged_skeleton, 70, 1, 1
406, beach, minecraft:beach, MONSTER, specialmobs:giantskeleton, 70, 1, 1
407, beach, minecraft:beach, MONSTER, mobz:small_zombie, 70, 1, 1
408, beach, minecraft:beach, MONSTER, mocreatures:undeadscorpion, 50, 1, 1
409, beach, minecraft:beach, MONSTER, mobz:bigboss, 50, 1, 1
410, beach, minecraft:beach, MONSTER, specialmobs:bruteskeleton, 70, 1, 1
411, beach, minecraft:beach, MONSTER, specialmobs:gatlingskeleton, 70, 1, 1
412, beach, minecraft:beach, MONSTER, specialmobs:knightskeleton, 70, 1, 1
413, beach, minecraft:beach, MONSTER, specialmobs:ninjaskeleton, 70, 1, 1
414, beach, minecraft:beach, MONSTER, specialmobs:sniperskeleton, 70, 1, 1
415, beach, minecraft:beach, MONSTER, specialmobs:brutezombie, 70, 1, 1
416, beach, minecraft:beach, MONSTER, specialmobs:plaguezombie, 70, 1, 1
417, beach, minecraft:beach, MONSTER, specialmobs:fishingzombie, 70, 1, 1
418, beach, minecraft:beach, MONSTER, specialmobs:hungryzombie, 70, 1, 1
419, beach, minecraft:beach, MONSTER, specialmobs:minicreeper, 40, 1, 1
420, beach, minecraft:beach, MONSTER, pirates:shipmate_1, 50, 1, 1
421, beach, minecraft:beach, MONSTER, pirates:shipmate_2, 50, 1, 1
422, beach, minecraft:beach, MONSTER, pirates:shipmate_3, 50, 1, 1
423, beach, minecraft:beach, MONSTER, threateningly_mobs:cannon_crab, 60, 1, 1
424, beach, minecraft:beach, CREATURE, mocreatures:lion, 10, 1, 3
425, beach, minecraft:beach, CREATURE, mocreatures:elephant, 10, 1, 2
426, beach, minecraft:beach, CREATURE, mocreatures:ostrich, 10, 1, 1
427, beach, minecraft:beach, CREATURE, mocreatures:snake, 14, 1, 2
428, beach, minecraft:beach, CREATURE, mocreatures:filchlizard, 10, 1, 2
429, beach, minecraft:beach, CREATURE, mobz:brown_bear, 30, 2, 3
430, beach, minecraft:beach, CREATURE, mobz:dirty_boar, 10, 1, 3
431, beach, minecraft:beach, CREATURE, mobz:fiora, 10, 1, 1
432, beach, minecraft:beach, CREATURE, mobz:golden_chicken, 10, 1, 2
433, beach, minecraft:beach, CREATURE, mobz:katherine, 10, 1, 1
434, beach, minecraft:beach, CREATURE, mobz:wild_boar, 10, 2, 4
435, beach, minecraft:beach, AMBIENT, ddenizens:boulder, 35, 1, 1
436, beach, minecraft:beach, AMBIENT, mocreatures:crab, 20, 1, 2
437, beach, minecraft:beach, AMBIENT, mobz:tiny_spider, 10, 1, 1
438, beach, minecraft:beach, WATER_CREATURE, mocreatures:salmon, 10, 1, 4
439, beach, minecraft:beach, WATER_CREATURE, mocreatures:angler, 12, 1, 6
440, beach, minecraft:beach, WATER_CREATURE, mocreatures:clownfish, 12, 1, 6
441, beach, minecraft:beach, WATER_CREATURE, mocreatures:manderin, 12, 1, 6
442, beach, minecraft:beach, WATER_CREATURE, mocreatures:hippotang, 12, 1, 6
443, beach, minecraft:beach, WATER_CREATURE, mocreatures:fishy, 12, 1, 6
444, beach, minecraft:beach, WATER_CREATURE, mocreatures:anchovy, 12, 1, 6
445, beach, minecraft:beach, WATER_CREATURE, mocreatures:cod, 10, 1, 4
446, forest, minecraft:birch_forest, MONSTER, creatures_expanded:abomination, 20, 1, 1
447, forest, minecraft:birch_forest, MONSTER, knights:archer, 40, 2, 3
448, forest, minecraft:birch_forest, MONSTER, ddenizens:beholder, 10, 1, 1
449, forest, minecraft:birch_forest, MONSTER, creatures_expanded:brood_spider, 35, 1, 1
450, forest, minecraft:birch_forest, MONSTER, threateningly_mobs:cave_hunter, 12, 1, 1
451, forest, minecraft:birch_forest, MONSTER, creatures_expanded:crumbling_skeleton, 50, 1, 1
452, forest, minecraft:birch_forest, MONSTER, creatures_expanded:crystalline_golem, 20, 1, 1
453, forest, minecraft:birch_forest, MONSTER, creatures_expanded:crystalline_spider, 45, 1, 3
454, forest, minecraft:birch_forest, MONSTER, ddenizens:daemon, 10, 1, 1
455, forest, minecraft:birch_forest, MONSTER, ddenizens:death_tyrant, 10, 1, 1
456, forest, minecraft:birch_forest, MONSTER, threateningly_mobs:elite_zombie_warrior, 10, 1, 2
457, forest, minecraft:birch_forest, MONSTER, creatures_expanded:embersmog, 40, 1, 3
458, forest, minecraft:birch_forest, MONSTER, threateningly_mobs:forest_drake, 16, 1, 2
459, forest, minecraft:birch_forest, MONSTER, ddenizens:fossilized_skeleton, 25, 1, 2
460, forest, minecraft:birch_forest, MONSTER, creatures_expanded:fungal_ghoul, 60, 1, 2
461, forest, minecraft:birch_forest, MONSTER, creatures_expanded:gargoyle, 50, 1, 3
462, forest, minecraft:birch_forest, MONSTER, ddenizens:gazer, 25, 1, 1
463, forest, minecraft:birch_forest, MONSTER, ddenizens:ghoul, 25, 1, 1
464, forest, minecraft:birch_forest, MONSTER, creatures_expanded:gloomknight, 5, 1, 1
465, forest, minecraft:birch_forest, MONSTER, creatures_expanded:gloomweaver, 30, 1, 2
466, forest, minecraft:birch_forest, MONSTER, creatures_expanded:gnasheart, 60, 1, 4
467, forest, minecraft:birch_forest, MONSTER, creatures_expanded:graven, 36, 3, 5
468, forest, minecraft:birch_forest, MONSTER, ddenizens:headless, 40, 1, 1
469, forest, minecraft:birch_forest, MONSTER, knights:heavyknight, 40, 1, 1
470, forest, minecraft:birch_forest, MONSTER, iceandfire:troll, 40, 1, 3
471, forest, minecraft:birch_forest, MONSTER, ddenizens:iron_skeleton, 15, 1, 1
472, forest, minecraft:birch_forest, MONSTER, knights:knight, 50, 3, 5
473, forest, minecraft:birch_forest, MONSTER, threateningly_mobs:lich_re, 10, 1, 1
474, forest, minecraft:birch_forest, MONSTER, ddenizens:magma_skeleton, 40, 1, 1
475, forest, minecraft:birch_forest, MONSTER, threateningly_mobs:mega_aphid, 16, 1, 2
476, forest, minecraft:birch_forest, MONSTER, creatures_expanded:miststalker, 40, 1, 1
477, forest, minecraft:birch_forest, MONSTER, mocreatures:werewolf, 10, 1, 4
478, forest, minecraft:birch_forest, MONSTER, mocreatures:wwolf, 10, 1, 3
479, forest, minecraft:birch_forest, MONSTER, mocreatures:rat, 10, 1, 2
480, forest, minecraft:birch_forest, MONSTER, mocreatures:wraith, 50, 1, 1
481, forest, minecraft:birch_forest, MONSTER, threateningly_mobs:moon_priest, 10, 1, 1
482, forest, minecraft:birch_forest, MONSTER, fantasyfauna:mushcap_glowing, 50, 2, 4
483, forest, minecraft:birch_forest, MONSTER, knights:noble, 50, 1, 1
484, forest, minecraft:birch_forest, MONSTER, ddenizens:orc, 35, 1, 1
485, forest, minecraft:birch_forest, MONSTER, threateningly_mobs:ore_drill, 32, 1, 1
486, forest, minecraft:birch_forest, MONSTER, mobz:tank_zombie, 10, 1, 1
487, forest, minecraft:birch_forest, MONSTER, knights:peasant, 60, 2, 3
488, forest, minecraft:birch_forest, MONSTER, fantasyfauna:possessed_armor, 20, 1, 1
489, forest, minecraft:birch_forest, MONSTER, creatures_expanded:prosperisher_zombie, 50, 1, 2
490, forest, minecraft:birch_forest, MONSTER, threateningly_mobs:re_rock_snail, 10, 1, 1
491, forest, minecraft:birch_forest, MONSTER, ddenizens:shadow, 30, 1, 1
492, forest, minecraft:birch_forest, MONSTER, threateningly_mobs:shadow_spider, 16, 1, 2
493, forest, minecraft:birch_forest, MONSTER, creatures_expanded:shadowfiend, 35, 1, 2
494, forest, minecraft:birch_forest, MONSTER, ddenizens:shadowlord, 15, 1, 1
495, forest, minecraft:birch_forest, MONSTER, creatures_expanded:shroomarauder, 40, 1, 4
496, forest, minecraft:birch_forest, MONSTER, ddenizens:skeleton_warrior, 50, 1, 2
497, forest, minecraft:birch_forest, MONSTER, mobz:armored_zombie, 70, 1, 1
498, forest, minecraft:birch_forest, MONSTER, mobz:blue_spider, 20, 2, 3
499, forest, minecraft:birch_forest, MONSTER, mobz:bowman, 50, 1, 2
500, forest, minecraft:birch_forest, MONSTER, mobz:dwarf, 10, 1, 1
501, forest, minecraft:birch_forest, MONSTER, mobz:fast_zombie, 70, 1, 1
502, forest, minecraft:birch_forest, MONSTER, mobz:honey_slime, 10, 1, 1
503, forest, minecraft:birch_forest, MONSTER, mobz:iron_steve, 30, 1, 1
504, forest, minecraft:birch_forest, MONSTER, mobz:lost_skeleton, 70, 1, 1
505, forest, minecraft:birch_forest, MONSTER, mobz:overgrown_skeleton, 15, 2, 4
506, forest, minecraft:birch_forest, MONSTER, mobz:purple_spider, 15, 1, 4
507, forest, minecraft:birch_forest, MONSTER, mobz:tank_zombie, 30, 1, 2
508, forest, minecraft:birch_forest, MONSTER, mobz:templar, 40, 1, 1
509, forest, minecraft:birch_forest, MONSTER, mobz:warrior, 10, 1, 2
510, forest, minecraft:birch_forest, MONSTER, mobz:zombie_mage, 70, 1, 1
511, forest, minecraft:birch_forest, MONSTER, specialmobs:endercreeper, 10, 1, 4
512, forest, minecraft:birch_forest, MONSTER, ddenizens:spectator, 25, 1, 1
513, forest, minecraft:birch_forest, MONSTER, threateningly_mobs:the_earthloong, 10, 1, 1
514, forest, minecraft:birch_forest, MONSTER, threateningly_mobs:the_regalhart, 10, 1, 1
515, forest, minecraft:birch_forest, MONSTER, creatures_expanded:tremorgue, 25, 1, 2
516, forest, minecraft:birch_forest, MONSTER, creatures_expanded:undead_necromancer, 35, 1, 1
517, forest, minecraft:birch_forest, MONSTER, ddenizens:winged_skeleton, 70, 1, 1
518, forest, minecraft:birch_forest, MONSTER, mocreatures:greenogre, 40, 1, 1
519, forest, minecraft:birch_forest, MONSTER, mocreatures:dirtscorpion, 30, 1, 1
520, forest, minecraft:birch_forest, MONSTER, specialmobs:giantskeleton, 70, 1, 1
521, forest, minecraft:birch_forest, MONSTER, mocreatures:biggolem, 20, 1, 1
522, forest, minecraft:birch_forest, MONSTER, mobz:small_zombie, 70, 1, 1
523, forest, minecraft:birch_forest, MONSTER, mocreatures:minigolem, 40, 1, 1
524, forest, minecraft:birch_forest, MONSTER, mocreatures:darkmanticore, 50, 1, 1
525, forest, minecraft:birch_forest, MONSTER, mocreatures:undeadscorpion, 50, 1, 1
526, forest, minecraft:birch_forest, MONSTER, mocreatures:silverskeleton, 70, 1, 1
527, forest, minecraft:birch_forest, MONSTER, mobz:bigboss, 50, 1, 1
528, forest, minecraft:birch_forest, MONSTER, specialmobs:bruteskeleton, 70, 1, 1
529, forest, minecraft:birch_forest, MONSTER, specialmobs:gatlingskeleton, 70, 1, 1
530, forest, minecraft:birch_forest, MONSTER, specialmobs:knightskeleton, 70, 1, 1
531, forest, minecraft:birch_forest, MONSTER, specialmobs:ninjaskeleton, 70, 1, 1
532, forest, minecraft:birch_forest, MONSTER, specialmobs:sniperskeleton, 70, 1, 1
533, forest, minecraft:birch_forest, MONSTER, specialmobs:brutezombie, 70, 1, 1
534, forest, minecraft:birch_forest, MONSTER, specialmobs:plaguezombie, 70, 1, 1
535, forest, minecraft:birch_forest, MONSTER, specialmobs:fishingzombie, 70, 1, 1
536, forest, minecraft:birch_forest, MONSTER, specialmobs:hungryzombie, 70, 1, 1
537, forest, minecraft:birch_forest, MONSTER, specialmobs:minicreeper, 40, 1, 1
538, forest, minecraft:birch_forest, MONSTER, threateningly_mobs:steelboar, 10, 1, 1
539, forest, minecraft:birch_forest, MONSTER, threateningly_mobs:forest_drake, 40, 1, 3
540, forest, minecraft:birch_forest, CREATURE, mocreatures:boar, 12, 2, 2
541, forest, minecraft:birch_forest, CREATURE, mocreatures:mouse, 10, 1, 2
542, forest, minecraft:birch_forest, CREATURE, mocreatures:bird, 16, 2, 3
543, forest, minecraft:birch_forest, CREATURE, mocreatures:bunny, 12, 2, 3
544, forest, minecraft:birch_forest, CREATURE, mocreatures:mole, 10, 1, 2
545, forest, minecraft:birch_forest, CREATURE, mocreatures:grizzlybear, 40, 1, 2
546, forest, minecraft:birch_forest, CREATURE, mocreatures:turkey, 12, 1, 2
547, forest, minecraft:birch_forest, CREATURE, mocreatures:deer, 10, 1, 2
548, forest, minecraft:birch_forest, CREATURE, mocreatures:snake, 14, 1, 2
549, forest, minecraft:birch_forest, CREATURE, mocreatures:kitty, 10, 1, 2
550, forest, minecraft:birch_forest, CREATURE, mocreatures:fox, 10, 1, 1
551, forest, minecraft:birch_forest, CREATURE, mocreatures:ent, 10, 1, 2
552, forest, minecraft:birch_forest, CREATURE, mocreatures:raccoon, 12, 1, 2
553, forest, minecraft:birch_forest, CREATURE, mobz:brown_bear, 30, 2, 3
554, forest, minecraft:birch_forest, CREATURE, mobz:dirty_boar, 10, 1, 3
555, forest, minecraft:birch_forest, CREATURE, mobz:fiora, 10, 1, 1
556, forest, minecraft:birch_forest, CREATURE, mobz:golden_chicken, 10, 1, 2
557, forest, minecraft:birch_forest, CREATURE, mobz:katherine, 10, 1, 1
558, forest, minecraft:birch_forest, CREATURE, mobz:wild_boar, 10, 2, 4
559, forest, minecraft:birch_forest, AMBIENT, ddenizens:boulder, 35, 1, 1
560, forest, minecraft:birch_forest, AMBIENT, mocreatures:bee, 10, 1, 2
561, forest, minecraft:birch_forest, AMBIENT, mocreatures:firefly, 10, 1, 2
562, forest, minecraft:birch_forest, AMBIENT, mocreatures:dragonfly, 10, 1, 2
563, forest, minecraft:birch_forest, AMBIENT, mocreatures:butterfly, 12, 1, 4
564, forest, minecraft:birch_forest, AMBIENT, mocreatures:ant, 12, 1, 4
565, forest, minecraft:birch_forest, AMBIENT, mocreatures:grasshopper, 10, 1, 2
566, forest, minecraft:birch_forest, AMBIENT, mocreatures:fly, 12, 1, 2
567, forest, minecraft:birch_forest, AMBIENT, mocreatures:cricket, 10, 1, 2
568, forest, minecraft:birch_forest, AMBIENT, fantasyfauna:mossolith, 20, 1, 4
569, forest, minecraft:birch_forest, AMBIENT, fantasyfauna:mushcap_brown, 20, 2, 4
570, forest, minecraft:birch_forest, AMBIENT, fantasyfauna:mushcap_red, 20, 2, 4
571, forest, minecraft:birch_forest, AMBIENT, fantasyfauna:mushcap_vishroom, 10, 2, 4
572, forest, minecraft:birch_forest, AMBIENT, threateningly_mobs:nature_fairy, 10, 1, 1
573, forest, minecraft:birch_forest, AMBIENT, threateningly_mobs:shadowmoon_butterfly, 10, 1, 1
574, forest, minecraft:birch_forest, AMBIENT, mobz:tiny_spider, 10, 1, 1
575, forest, minecraft:birch_forest, AMBIENT, fantasyfauna:wisp, 60, 1, 2
576, forest, minecraft:birch_forest, WATER_CREATURE, mocreatures:salmon, 10, 1, 4
577, forest, minecraft:birch_forest, WATER_CREATURE, mocreatures:fishy, 12, 1, 6
578, forest, minecraft:birch_forest, WATER_CREATURE, mocreatures:bass, 10, 1, 4
579, extreme_hills, minecraft:cherry_grove, MONSTER, creatures_expanded:abomination, 20, 1, 1
580, extreme_hills, minecraft:cherry_grove, MONSTER, knights:archer, 40, 2, 3
581, extreme_hills, minecraft:cherry_grove, MONSTER, ddenizens:beholder, 10, 1, 1
582, extreme_hills, minecraft:cherry_grove, MONSTER, creatures_expanded:brood_spider, 35, 1, 1
583, extreme_hills, minecraft:cherry_grove, MONSTER, threateningly_mobs:cave_hunter, 12, 1, 1
584, extreme_hills, minecraft:cherry_grove, MONSTER, creatures_expanded:crumbling_skeleton, 50, 1, 1
585, extreme_hills, minecraft:cherry_grove, MONSTER, creatures_expanded:crystalline_golem, 20, 1, 1
586, extreme_hills, minecraft:cherry_grove, MONSTER, creatures_expanded:crystalline_spider, 45, 1, 3
587, extreme_hills, minecraft:cherry_grove, MONSTER, ddenizens:daemon, 10, 1, 1
588, extreme_hills, minecraft:cherry_grove, MONSTER, ddenizens:death_tyrant, 10, 1, 1
589, extreme_hills, minecraft:cherry_grove, MONSTER, threateningly_mobs:elite_zombie_warrior, 10, 1, 2
590, extreme_hills, minecraft:cherry_grove, MONSTER, creatures_expanded:embersmog, 40, 1, 3
591, extreme_hills, minecraft:cherry_grove, MONSTER, ddenizens:fossilized_skeleton, 25, 1, 2
592, extreme_hills, minecraft:cherry_grove, MONSTER, creatures_expanded:fungal_ghoul, 60, 1, 2
593, extreme_hills, minecraft:cherry_grove, MONSTER, creatures_expanded:gargoyle, 50, 1, 3
594, extreme_hills, minecraft:cherry_grove, MONSTER, ddenizens:gazer, 25, 1, 1
595, extreme_hills, minecraft:cherry_grove, MONSTER, ddenizens:ghoul, 25, 1, 1
596, extreme_hills, minecraft:cherry_grove, MONSTER, creatures_expanded:gloomknight, 5, 1, 1
597, extreme_hills, minecraft:cherry_grove, MONSTER, creatures_expanded:gloomweaver, 30, 1, 2
598, extreme_hills, minecraft:cherry_grove, MONSTER, creatures_expanded:gnasheart, 60, 1, 4
599, extreme_hills, minecraft:cherry_grove, MONSTER, creatures_expanded:graven, 36, 3, 5
600, extreme_hills, minecraft:cherry_grove, MONSTER, ddenizens:headless, 40, 1, 1
601, extreme_hills, minecraft:cherry_grove, MONSTER, knights:heavyknight, 40, 1, 1
602, extreme_hills, minecraft:cherry_grove, MONSTER, ddenizens:iron_skeleton, 15, 1, 1
603, extreme_hills, minecraft:cherry_grove, MONSTER, knights:knight, 50, 3, 5
604, extreme_hills, minecraft:cherry_grove, MONSTER, threateningly_mobs:lich_re, 10, 1, 1
605, extreme_hills, minecraft:cherry_grove, MONSTER, ddenizens:magma_skeleton, 40, 1, 1
606, extreme_hills, minecraft:cherry_grove, MONSTER, creatures_expanded:miststalker, 40, 1, 1
607, extreme_hills, minecraft:cherry_grove, MONSTER, threateningly_mobs:moon_priest, 10, 1, 1
608, extreme_hills, minecraft:cherry_grove, MONSTER, fantasyfauna:mushcap_glowing, 50, 2, 4
609, extreme_hills, minecraft:cherry_grove, MONSTER, knights:noble, 50, 1, 1
610, extreme_hills, minecraft:cherry_grove, MONSTER, ddenizens:orc, 35, 1, 1
611, extreme_hills, minecraft:cherry_grove, MONSTER, threateningly_mobs:ore_drill, 32, 1, 1
612, extreme_hills, minecraft:cherry_grove, MONSTER, mobz:tank_zombie, 10, 1, 1
613, extreme_hills, minecraft:cherry_grove, MONSTER, knights:peasant, 60, 2, 3
614, extreme_hills, minecraft:cherry_grove, MONSTER, fantasyfauna:possessed_armor, 20, 1, 1
615, extreme_hills, minecraft:cherry_grove, MONSTER, creatures_expanded:prosperisher_zombie, 50, 1, 2
616, extreme_hills, minecraft:cherry_grove, MONSTER, ddenizens:shadow, 30, 1, 1
617, extreme_hills, minecraft:cherry_grove, MONSTER, creatures_expanded:shadowfiend, 35, 1, 2
618, extreme_hills, minecraft:cherry_grove, MONSTER, ddenizens:shadowlord, 15, 1, 1
619, extreme_hills, minecraft:cherry_grove, MONSTER, ddenizens:skeleton_warrior, 50, 1, 2
620, extreme_hills, minecraft:cherry_grove, MONSTER, specialmobs:endercreeper, 10, 1, 4
621, extreme_hills, minecraft:cherry_grove, MONSTER, ddenizens:spectator, 25, 1, 1
622, extreme_hills, minecraft:cherry_grove, MONSTER, creatures_expanded:tremorgue, 25, 1, 2
623, extreme_hills, minecraft:cherry_grove, MONSTER, creatures_expanded:undead_necromancer, 35, 1, 1
624, extreme_hills, minecraft:cherry_grove, MONSTER, ddenizens:winged_skeleton, 70, 1, 1
625, extreme_hills, minecraft:cherry_grove, MONSTER, specialmobs:giantskeleton, 70, 1, 1
626, extreme_hills, minecraft:cherry_grove, MONSTER, mocreatures:biggolem, 20, 1, 1
627, extreme_hills, minecraft:cherry_grove, MONSTER, mobz:small_zombie, 70, 1, 1
628, extreme_hills, minecraft:cherry_grove, MONSTER, mocreatures:minigolem, 40, 1, 1
629, extreme_hills, minecraft:cherry_grove, MONSTER, mocreatures:darkmanticore, 50, 1, 1
630, extreme_hills, minecraft:cherry_grove, MONSTER, mocreatures:undeadscorpion, 50, 1, 1
631, extreme_hills, minecraft:cherry_grove, MONSTER, mobz:zombie_mage, 70, 1, 1
632, extreme_hills, minecraft:cherry_grove, MONSTER, mocreatures:silverskeleton, 70, 1, 1
633, extreme_hills, minecraft:cherry_grove, MONSTER, mobz:bigboss, 50, 1, 1
634, extreme_hills, minecraft:cherry_grove, MONSTER, specialmobs:bruteskeleton, 70, 1, 1
635, extreme_hills, minecraft:cherry_grove, MONSTER, specialmobs:gatlingskeleton, 70, 1, 1
636, extreme_hills, minecraft:cherry_grove, MONSTER, specialmobs:knightskeleton, 70, 1, 1
637, extreme_hills, minecraft:cherry_grove, MONSTER, specialmobs:ninjaskeleton, 70, 1, 1
638, extreme_hills, minecraft:cherry_grove, MONSTER, specialmobs:sniperskeleton, 70, 1, 1
639, extreme_hills, minecraft:cherry_grove, MONSTER, specialmobs:brutezombie, 70, 1, 1
640, extreme_hills, minecraft:cherry_grove, MONSTER, specialmobs:plaguezombie, 70, 1, 1
641, extreme_hills, minecraft:cherry_grove, MONSTER, specialmobs:fishingzombie, 70, 1, 1
642, extreme_hills, minecraft:cherry_grove, MONSTER, specialmobs:hungryzombie, 70, 1, 1
643, extreme_hills, minecraft:cherry_grove, MONSTER, specialmobs:minicreeper, 40, 1, 1
644, extreme_hills, minecraft:cherry_grove, AMBIENT, ddenizens:boulder, 35, 1, 1
645, extreme_hills, minecraft:cherry_grove, AMBIENT, threateningly_mobs:nature_fairy, 10, 1, 1
646, extreme_hills, minecraft:cherry_grove, AMBIENT, fantasyfauna:wisp, 60, 1, 2
647, ocean, minecraft:cold_ocean, MONSTER, creatures_expanded:abomination, 20, 1, 1
648, ocean, minecraft:cold_ocean, MONSTER, knights:archer, 40, 2, 3
649, ocean, minecraft:cold_ocean, MONSTER, ddenizens:beholder, 10, 1, 1
650, ocean, minecraft:cold_ocean, MONSTER, creatures_expanded:brood_spider, 35, 1, 1
651, ocean, minecraft:cold_ocean, MONSTER, threateningly_mobs:cannon_crab, 20, 1, 1
652, ocean, minecraft:cold_ocean, MONSTER, threateningly_mobs:cave_hunter, 12, 1, 1
653, ocean, minecraft:cold_ocean, MONSTER, creatures_expanded:crumbling_skeleton, 50, 1, 1
654, ocean, minecraft:cold_ocean, MONSTER, creatures_expanded:crystalline_golem, 20, 1, 1
655, ocean, minecraft:cold_ocean, MONSTER, creatures_expanded:crystalline_spider, 45, 1, 3
656, ocean, minecraft:cold_ocean, MONSTER, ddenizens:daemon, 10, 1, 1
657, ocean, minecraft:cold_ocean, MONSTER, ddenizens:death_tyrant, 10, 1, 1
658, ocean, minecraft:cold_ocean, MONSTER, threateningly_mobs:elite_zombie_warrior, 10, 1, 2
659, ocean, minecraft:cold_ocean, MONSTER, creatures_expanded:embersmog, 40, 1, 3
660, ocean, minecraft:cold_ocean, MONSTER, ddenizens:fossilized_skeleton, 25, 1, 2
661, ocean, minecraft:cold_ocean, MONSTER, threateningly_mobs:frostbite, 15, 1, 1
662, ocean, minecraft:cold_ocean, MONSTER, creatures_expanded:fungal_ghoul, 60, 1, 2
663, ocean, minecraft:cold_ocean, MONSTER, creatures_expanded:gargoyle, 50, 1, 3
664, ocean, minecraft:cold_ocean, MONSTER, ddenizens:gazer, 25, 1, 1
665, ocean, minecraft:cold_ocean, MONSTER, ddenizens:ghoul, 25, 1, 1
666, ocean, minecraft:cold_ocean, MONSTER, creatures_expanded:gloomknight, 5, 1, 1
667, ocean, minecraft:cold_ocean, MONSTER, creatures_expanded:gloomweaver, 30, 1, 2
668, ocean, minecraft:cold_ocean, MONSTER, creatures_expanded:gnasheart, 60, 1, 4
669, ocean, minecraft:cold_ocean, MONSTER, creatures_expanded:graven, 36, 3, 5
670, ocean, minecraft:cold_ocean, MONSTER, ddenizens:headless, 40, 1, 1
671, ocean, minecraft:cold_ocean, MONSTER, knights:heavyknight, 40, 1, 1
672, ocean, minecraft:cold_ocean, MONSTER, threateningly_mobs:hydra, 10, 1, 1
673, ocean, minecraft:cold_ocean, MONSTER, ddenizens:iron_skeleton, 15, 1, 1
674, ocean, minecraft:cold_ocean, MONSTER, knights:knight, 50, 3, 5
675, ocean, minecraft:cold_ocean, MONSTER, threateningly_mobs:lich_re, 10, 1, 1
676, ocean, minecraft:cold_ocean, MONSTER, ddenizens:magma_skeleton, 40, 1, 1
677, ocean, minecraft:cold_ocean, MONSTER, creatures_expanded:miststalker, 40, 1, 1
678, ocean, minecraft:cold_ocean, MONSTER, threateningly_mobs:moon_priest, 10, 1, 1
679, ocean, minecraft:cold_ocean, MONSTER, fantasyfauna:mushcap_glowing, 50, 2, 4
680, ocean, minecraft:cold_ocean, MONSTER, knights:noble, 50, 1, 1
681, ocean, minecraft:cold_ocean, MONSTER, ddenizens:orc, 35, 1, 1
682, ocean, minecraft:cold_ocean, MONSTER, threateningly_mobs:ore_drill, 32, 1, 1
683, ocean, minecraft:cold_ocean, MONSTER, mobz:tank_zombie, 10, 1, 1
684, ocean, minecraft:cold_ocean, MONSTER, knights:peasant, 60, 2, 3
685, ocean, minecraft:cold_ocean, MONSTER, fantasyfauna:possessed_armor, 20, 1, 1
686, ocean, minecraft:cold_ocean, MONSTER, creatures_expanded:prosperisher_zombie, 50, 1, 2
687, ocean, minecraft:cold_ocean, MONSTER, ddenizens:shadow, 30, 1, 1
688, ocean, minecraft:cold_ocean, MONSTER, creatures_expanded:shadowfiend, 35, 1, 2
689, ocean, minecraft:cold_ocean, MONSTER, ddenizens:shadowlord, 15, 1, 1
690, ocean, minecraft:cold_ocean, MONSTER, ddenizens:skeleton_warrior, 50, 1, 2
691, ocean, minecraft:cold_ocean, MONSTER, specialmobs:endercreeper, 10, 1, 4
692, ocean, minecraft:cold_ocean, MONSTER, specialmobs:drowningcreeper, 10, 1, 1
693, ocean, minecraft:cold_ocean, MONSTER, specialmobs:blueberryslime, 10, 1, 1
694, ocean, minecraft:cold_ocean, MONSTER, specialmobs:pirateskeleton, 10, 1, 1
695, ocean, minecraft:cold_ocean, MONSTER, ddenizens:spectator, 25, 1, 1
696, ocean, minecraft:cold_ocean, MONSTER, creatures_expanded:tremorgue, 25, 1, 2
697, ocean, minecraft:cold_ocean, MONSTER, creatures_expanded:undead_necromancer, 35, 1, 1
698, ocean, minecraft:cold_ocean, MONSTER, specialmobs:giantskeleton, 70, 1, 1
699, ocean, minecraft:cold_ocean, MONSTER, mocreatures:biggolem, 20, 1, 1
700, ocean, minecraft:cold_ocean, MONSTER, mobz:small_zombie, 70, 1, 1
701, ocean, minecraft:cold_ocean, MONSTER, mocreatures:minigolem, 40, 1, 1
702, ocean, minecraft:cold_ocean, MONSTER, mocreatures:darkmanticore, 50, 1, 1
703, ocean, minecraft:cold_ocean, MONSTER, mocreatures:undeadscorpion, 50, 1, 1
704, ocean, minecraft:cold_ocean, MONSTER, mobz:zombie_mage, 70, 1, 1
705, ocean, minecraft:cold_ocean, MONSTER, mocreatures:silverskeleton, 70, 1, 1
706, ocean, minecraft:cold_ocean, MONSTER, mobz:bigboss, 50, 1, 1
707, ocean, minecraft:cold_ocean, AMBIENT, ddenizens:boulder, 35, 1, 1
708, ocean, minecraft:cold_ocean, AMBIENT, threateningly_mobs:giant_seacucumber, 10, 2, 4
709, ocean, minecraft:cold_ocean, WATER_CREATURE, mocreatures:dolphin, 10, 2, 4
710, ocean, minecraft:cold_ocean, WATER_CREATURE, mocreatures:salmon, 10, 1, 4
711, ocean, minecraft:cold_ocean, WATER_CREATURE, mocreatures:angler, 12, 1, 6
712, ocean, minecraft:cold_ocean, WATER_CREATURE, mocreatures:jellyfish, 10, 1, 4
713, ocean, minecraft:cold_ocean, WATER_CREATURE, mocreatures:clownfish, 12, 1, 6
714, ocean, minecraft:cold_ocean, WATER_CREATURE, mocreatures:manderin, 12, 1, 6
715, ocean, minecraft:cold_ocean, WATER_CREATURE, mocreatures:shark, 10, 1, 2
716, ocean, minecraft:cold_ocean, WATER_CREATURE, mocreatures:hippotang, 12, 1, 6
717, ocean, minecraft:cold_ocean, WATER_CREATURE, mocreatures:mantaray, 10, 1, 2
718, ocean, minecraft:cold_ocean, WATER_CREATURE, mocreatures:fishy, 12, 1, 6
719, ocean, minecraft:cold_ocean, WATER_CREATURE, mocreatures:anchovy, 12, 1, 6
720, ocean, minecraft:cold_ocean, WATER_CREATURE, mocreatures:cod, 10, 1, 4
721, ocean, minecraft:cold_ocean, WATER_AMBIENT, threateningly_mobs:riptooth, 10, 1, 1
722, ocean, minecraft:cold_ocean, WATER_AMBIENT, threateningly_mobs:tide_specter, 10, 1, 1
723, nether, minecraft:crimson_forest, MONSTER, creatures_expanded:abomination, 20, 1, 1
724, nether, minecraft:crimson_forest, MONSTER, creatures_expanded:brood_spider, 35, 1, 1
725, nether, minecraft:crimson_forest, MONSTER, creatures_expanded:crumbling_skeleton, 50, 1, 1
726, nether, minecraft:crimson_forest, MONSTER, creatures_expanded:crystalline_golem, 20, 1, 1
727, nether, minecraft:crimson_forest, MONSTER, creatures_expanded:crystalline_spider, 45, 1, 3
728, nether, minecraft:crimson_forest, MONSTER, creatures_expanded:embersmog, 40, 1, 3
729, nether, minecraft:crimson_forest, MONSTER, creatures_expanded:fungal_ghoul, 60, 1, 2
730, nether, minecraft:crimson_forest, MONSTER, creatures_expanded:gargoyle, 50, 1, 3
731, nether, minecraft:crimson_forest, MONSTER, creatures_expanded:gloomknight, 5, 1, 1
732, nether, minecraft:crimson_forest, MONSTER, creatures_expanded:gloomweaver, 30, 1, 2
733, nether, minecraft:crimson_forest, MONSTER, creatures_expanded:gnasheart, 60, 1, 4
734, nether, minecraft:crimson_forest, MONSTER, creatures_expanded:graven, 36, 3, 5
735, nether, minecraft:crimson_forest, MONSTER, ddenizens:magma_skeleton, 15, 1, 4
736, nether, minecraft:crimson_forest, MONSTER, creatures_expanded:miststalker, 40, 1, 1
737, nether, minecraft:crimson_forest, MONSTER, mocreatures:flamewraith, 10, 1, 2
738, nether, minecraft:crimson_forest, MONSTER, mocreatures:fireogre, 10, 1, 2
739, nether, minecraft:crimson_forest, MONSTER, mocreatures:hellrat, 10, 1, 4
740, nether, minecraft:crimson_forest, MONSTER, mocreatures:firemanticore, 10, 1, 3
741, nether, minecraft:crimson_forest, MONSTER, mocreatures:firescorpion, 10, 1, 3
742, nether, minecraft:crimson_forest, MONSTER, mocreatures:horsemob, 10, 1, 3
743, nether, minecraft:crimson_forest, MONSTER, fantasyfauna:possessed_armor, 20, 1, 1
744, nether, minecraft:crimson_forest, MONSTER, creatures_expanded:prosperisher_zombie, 50, 1, 2
745, nether, minecraft:crimson_forest, MONSTER, ddenizens:shadow, 15, 1, 1
746, nether, minecraft:crimson_forest, MONSTER, creatures_expanded:shadowfiend, 35, 1, 2
747, nether, minecraft:crimson_forest, MONSTER, mobz:lava_golem, 10, 1, 1
748, nether, minecraft:crimson_forest, MONSTER, mobz:nether_skeleton, 10, 1, 2
749, nether, minecraft:crimson_forest, MONSTER, mobz:nether_wolf, 10, 1, 3
750, nether, minecraft:crimson_forest, MONSTER, mobz:pigman, 10, 2, 3
751, nether, minecraft:crimson_forest, MONSTER, mobz:soul_creeper, 10, 1, 2
752, nether, minecraft:crimson_forest, MONSTER, mobz:wither_blaze, 10, 1, 3
753, nether, minecraft:crimson_forest, MONSTER, specialmobs:firecreeper, 10, 4, 4
754, nether, minecraft:crimson_forest, MONSTER, specialmobs:firezombie, 10, 4, 4
755, nether, minecraft:crimson_forest, MONSTER, specialmobs:firespider, 10, 4, 4
756, nether, minecraft:crimson_forest, MONSTER, creatures_expanded:tremorgue, 25, 1, 2
757, nether, minecraft:crimson_forest, MONSTER, creatures_expanded:undead_necromancer, 35, 1, 1
758, nether, minecraft:crimson_forest, MONSTER, specialmobs:bruteskeleton, 70, 1, 1
759, nether, minecraft:crimson_forest, MONSTER, specialmobs:gatlingskeleton, 70, 1, 1
760, nether, minecraft:crimson_forest, MONSTER, specialmobs:knightskeleton, 70, 1, 1
761, nether, minecraft:crimson_forest, MONSTER, specialmobs:ninjaskeleton, 70, 1, 1
762, nether, minecraft:crimson_forest, MONSTER, specialmobs:sniperskeleton, 70, 1, 1
763, nether, minecraft:crimson_forest, MONSTER, specialmobs:brutezombie, 70, 1, 1
764, nether, minecraft:crimson_forest, MONSTER, specialmobs:plaguezombie, 70, 1, 1
765, nether, minecraft:crimson_forest, MONSTER, specialmobs:fishingzombie, 70, 1, 1
766, nether, minecraft:crimson_forest, MONSTER, specialmobs:hungryzombie, 70, 1, 1
767, nether, minecraft:crimson_forest, MONSTER, specialmobs:minicreeper, 40, 1, 1
768, nether, minecraft:crimson_forest, AMBIENT, fantasyfauna:mushcap_crimson, 20, 2, 4
769, forest, minecraft:dark_forest, MONSTER, creatures_expanded:abomination, 20, 1, 1
770, forest, minecraft:dark_forest, MONSTER, knights:archer, 40, 2, 3
771, forest, minecraft:dark_forest, MONSTER, ddenizens:beholder, 10, 1, 1
772, forest, minecraft:dark_forest, MONSTER, creatures_expanded:brood_spider, 35, 1, 1
773, forest, minecraft:dark_forest, MONSTER, threateningly_mobs:cave_hunter, 12, 1, 1
774, forest, minecraft:dark_forest, MONSTER, creatures_expanded:crumbling_skeleton, 50, 1, 1
775, forest, minecraft:dark_forest, MONSTER, creatures_expanded:crystalline_golem, 20, 1, 1
776, forest, minecraft:dark_forest, MONSTER, creatures_expanded:crystalline_spider, 45, 1, 3
777, forest, minecraft:dark_forest, MONSTER, ddenizens:daemon, 10, 1, 1
778, forest, minecraft:dark_forest, MONSTER, ddenizens:death_tyrant, 10, 1, 1
779, forest, minecraft:dark_forest, MONSTER, threateningly_mobs:elite_zombie_warrior, 10, 1, 2
780, forest, minecraft:dark_forest, MONSTER, creatures_expanded:embersmog, 40, 1, 3
781, forest, minecraft:dark_forest, MONSTER, threateningly_mobs:forest_drake, 16, 1, 2
782, forest, minecraft:dark_forest, MONSTER, ddenizens:fossilized_skeleton, 25, 1, 2
783, forest, minecraft:dark_forest, MONSTER, creatures_expanded:fungal_ghoul, 60, 1, 2
784, forest, minecraft:dark_forest, MONSTER, creatures_expanded:gargoyle, 50, 1, 3
785, forest, minecraft:dark_forest, MONSTER, ddenizens:gazer, 25, 1, 1
786, forest, minecraft:dark_forest, MONSTER, ddenizens:ghoul, 25, 1, 1
787, forest, minecraft:dark_forest, MONSTER, creatures_expanded:gloomknight, 5, 1, 1
788, forest, minecraft:dark_forest, MONSTER, creatures_expanded:gloomweaver, 30, 1, 2
789, forest, minecraft:dark_forest, MONSTER, creatures_expanded:gnasheart, 60, 1, 4
790, forest, minecraft:dark_forest, MONSTER, creatures_expanded:graven, 36, 3, 5
791, forest, minecraft:dark_forest, MONSTER, ddenizens:headless, 40, 1, 1
792, forest, minecraft:dark_forest, MONSTER, knights:heavyknight, 40, 1, 1
793, forest, minecraft:dark_forest, MONSTER, iceandfire:troll, 40, 1, 3
794, forest, minecraft:dark_forest, MONSTER, ddenizens:iron_skeleton, 15, 1, 1
795, forest, minecraft:dark_forest, MONSTER, knights:knight, 50, 3, 5
796, forest, minecraft:dark_forest, MONSTER, threateningly_mobs:lich_re, 10, 1, 1
797, forest, minecraft:dark_forest, MONSTER, ddenizens:magma_skeleton, 40, 1, 1
798, forest, minecraft:dark_forest, MONSTER, threateningly_mobs:mega_aphid, 16, 1, 2
799, forest, minecraft:dark_forest, MONSTER, creatures_expanded:miststalker, 40, 1, 1
800, forest, minecraft:dark_forest, MONSTER, mocreatures:werewolf, 10, 1, 4
801, forest, minecraft:dark_forest, MONSTER, mocreatures:wwolf, 10, 1, 3
802, forest, minecraft:dark_forest, MONSTER, mocreatures:greenogre, 10, 1, 2
803, forest, minecraft:dark_forest, MONSTER, mocreatures:rat, 10, 1, 2
804, forest, minecraft:dark_forest, MONSTER, mocreatures:toxicmanticore, 40, 1, 1
805, forest, minecraft:dark_forest, MONSTER, mocreatures:silverskeleton, 70, 1, 1
806, forest, minecraft:dark_forest, MONSTER, mocreatures:darkmanticore, 50, 1, 3
807, forest, minecraft:dark_forest, MONSTER, mocreatures:cavescorpion, 50, 1, 3
808, forest, minecraft:dark_forest, MONSTER, mocreatures:undeadscorpion, 50, 1, 3
809, forest, minecraft:dark_forest, MONSTER, mocreatures:horsemob, 10, 1, 3
810, forest, minecraft:dark_forest, MONSTER, mocreatures:wraith, 50, 1, 1
811, forest, minecraft:dark_forest, MONSTER, threateningly_mobs:moon_priest, 10, 1, 1
812, forest, minecraft:dark_forest, MONSTER, fantasyfauna:mushcap_glowing, 50, 2, 4
813, forest, minecraft:dark_forest, MONSTER, knights:noble, 50, 1, 1
814, forest, minecraft:dark_forest, MONSTER, ddenizens:orc, 35, 1, 1
815, forest, minecraft:dark_forest, MONSTER, threateningly_mobs:ore_drill, 32, 1, 1
816, forest, minecraft:dark_forest, MONSTER, mobz:tank_zombie, 10, 1, 1
817, forest, minecraft:dark_forest, MONSTER, knights:peasant, 60, 2, 3
818, forest, minecraft:dark_forest, MONSTER, fantasyfauna:possessed_armor, 20, 1, 1
819, forest, minecraft:dark_forest, MONSTER, creatures_expanded:prosperisher_zombie, 50, 1, 2
820, forest, minecraft:dark_forest, MONSTER, threateningly_mobs:re_rock_snail, 10, 1, 1
821, forest, minecraft:dark_forest, MONSTER, ddenizens:shadow, 30, 1, 1
822, forest, minecraft:dark_forest, MONSTER, threateningly_mobs:shadow_spider, 16, 1, 2
823, forest, minecraft:dark_forest, MONSTER, creatures_expanded:shadowfiend, 35, 1, 2
824, forest, minecraft:dark_forest, MONSTER, ddenizens:shadowlord, 15, 1, 1
825, forest, minecraft:dark_forest, MONSTER, creatures_expanded:shroomarauder, 40, 1, 4
826, forest, minecraft:dark_forest, MONSTER, ddenizens:skeleton_warrior, 50, 1, 2
827, forest, minecraft:dark_forest, MONSTER, mobz:armored_zombie, 70, 1, 1
828, forest, minecraft:dark_forest, MONSTER, mobz:blue_spider, 20, 2, 3
829, forest, minecraft:dark_forest, MONSTER, mobz:bowman, 50, 1, 2
830, forest, minecraft:dark_forest, MONSTER, mobz:dwarf, 10, 1, 1
831, forest, minecraft:dark_forest, MONSTER, mobz:fast_zombie, 70, 1, 1
832, forest, minecraft:dark_forest, MONSTER, mobz:honey_slime, 10, 1, 1
833, forest, minecraft:dark_forest, MONSTER, mobz:iron_steve, 30, 1, 1
834, forest, minecraft:dark_forest, MONSTER, mobz:lost_skeleton, 70, 1, 1
835, forest, minecraft:dark_forest, MONSTER, mobz:overgrown_skeleton, 15, 2, 4
836, forest, minecraft:dark_forest, MONSTER, mobz:purple_spider, 15, 1, 4
837, forest, minecraft:dark_forest, MONSTER, mobz:tank_zombie, 30, 1, 2
838, forest, minecraft:dark_forest, MONSTER, mobz:templar, 40, 1, 1
839, forest, minecraft:dark_forest, MONSTER, mobz:warrior, 10, 1, 2
840, forest, minecraft:dark_forest, MONSTER, mobz:zombie_mage, 70, 1, 1
841, forest, minecraft:dark_forest, MONSTER, specialmobs:endercreeper, 10, 1, 4
842, forest, minecraft:dark_forest, MONSTER, ddenizens:spectator, 25, 1, 1
843, forest, minecraft:dark_forest, MONSTER, threateningly_mobs:steelboar, 10, 1, 1
844, forest, minecraft:dark_forest, MONSTER, threateningly_mobs:the_earthloong, 10, 1, 1
845, forest, minecraft:dark_forest, MONSTER, threateningly_mobs:the_regalhart, 10, 1, 1
846, forest, minecraft:dark_forest, MONSTER, creatures_expanded:tremorgue, 25, 1, 2
847, forest, minecraft:dark_forest, MONSTER, creatures_expanded:undead_necromancer, 35, 1, 1
848, forest, minecraft:dark_forest, MONSTER, ddenizens:winged_skeleton, 70, 1, 1
849, forest, minecraft:dark_forest, MONSTER, mocreatures:greenogre, 40, 1, 1
850, forest, minecraft:dark_forest, MONSTER, mocreatures:dirtscorpion, 30, 1, 1
851, forest, minecraft:dark_forest, MONSTER, specialmobs:giantskeleton, 70, 1, 1
852, forest, minecraft:dark_forest, MONSTER, mocreatures:biggolem, 20, 1, 1
853, forest, minecraft:dark_forest, MONSTER, mobz:small_zombie, 70, 1, 1
854, forest, minecraft:dark_forest, MONSTER, mocreatures:minigolem, 40, 1, 1
855, forest, minecraft:dark_forest, MONSTER, mobz:bigboss, 50, 1, 1
856, forest, minecraft:dark_forest, MONSTER, specialmobs:bruteskeleton, 70, 1, 1
857, forest, minecraft:dark_forest, MONSTER, specialmobs:gatlingskeleton, 70, 1, 1
858, forest, minecraft:dark_forest, MONSTER, specialmobs:knightskeleton, 70, 1, 1
859, forest, minecraft:dark_forest, MONSTER, specialmobs:ninjaskeleton, 70, 1, 1
860, forest, minecraft:dark_forest, MONSTER, specialmobs:sniperskeleton, 70, 1, 1
861, forest, minecraft:dark_forest, MONSTER, specialmobs:brutezombie, 70, 1, 1
862, forest, minecraft:dark_forest, MONSTER, specialmobs:plaguezombie, 70, 1, 1
863, forest, minecraft:dark_forest, MONSTER, specialmobs:fishingzombie, 70, 1, 1
864, forest, minecraft:dark_forest, MONSTER, specialmobs:hungryzombie, 70, 1, 1
865, forest, minecraft:dark_forest, MONSTER, specialmobs:minicreeper, 40, 1, 1
866, forest, minecraft:dark_forest, MONSTER, threateningly_mobs:steelboar, 10, 1, 1
867, forest, minecraft:dark_forest, MONSTER, threateningly_mobs:forest_drake, 40, 1, 3
868, forest, minecraft:dark_forest, CREATURE, mocreatures:boar, 12, 2, 2
869, forest, minecraft:dark_forest, CREATURE, mocreatures:mouse, 10, 1, 2
870, forest, minecraft:dark_forest, CREATURE, mocreatures:bird, 16, 2, 3
871, forest, minecraft:dark_forest, CREATURE, mocreatures:bunny, 12, 2, 3
872, forest, minecraft:dark_forest, CREATURE, mocreatures:mole, 10, 1, 2
873, forest, minecraft:dark_forest, CREATURE, mocreatures:grizzlybear, 40, 1, 2
874, forest, minecraft:dark_forest, CREATURE, mocreatures:turkey, 12, 1, 2
875, forest, minecraft:dark_forest, CREATURE, mocreatures:deer, 10, 1, 2
876, forest, minecraft:dark_forest, CREATURE, mocreatures:snake, 14, 1, 2
877, forest, minecraft:dark_forest, CREATURE, mocreatures:kitty, 10, 1, 2
878, forest, minecraft:dark_forest, CREATURE, mocreatures:fox, 10, 1, 1
879, forest, minecraft:dark_forest, CREATURE, mocreatures:ent, 10, 1, 2
880, forest, minecraft:dark_forest, CREATURE, mocreatures:raccoon, 12, 1, 2
881, forest, minecraft:dark_forest, CREATURE, mobz:brown_bear, 30, 2, 3
882, forest, minecraft:dark_forest, CREATURE, mobz:dirty_boar, 10, 1, 3
883, forest, minecraft:dark_forest, CREATURE, mobz:fiora, 10, 1, 1
884, forest, minecraft:dark_forest, CREATURE, mobz:golden_chicken, 10, 1, 2
885, forest, minecraft:dark_forest, CREATURE, mobz:katherine, 10, 1, 1
886, forest, minecraft:dark_forest, CREATURE, mobz:wild_boar, 10, 2, 4
887, forest, minecraft:dark_forest, AMBIENT, ddenizens:boulder, 35, 1, 1
888, forest, minecraft:dark_forest, AMBIENT, mocreatures:bee, 10, 1, 2
889, forest, minecraft:dark_forest, AMBIENT, mocreatures:firefly, 10, 1, 2
890, forest, minecraft:dark_forest, AMBIENT, mocreatures:dragonfly, 10, 1, 2
891, forest, minecraft:dark_forest, AMBIENT, mocreatures:roach, 10, 1, 2
892, forest, minecraft:dark_forest, AMBIENT, mocreatures:butterfly, 12, 1, 4
893, forest, minecraft:dark_forest, AMBIENT, mocreatures:maggot, 10, 1, 2
894, forest, minecraft:dark_forest, AMBIENT, mocreatures:ant, 12, 1, 4
895, forest, minecraft:dark_forest, AMBIENT, mocreatures:grasshopper, 10, 1, 2
896, forest, minecraft:dark_forest, AMBIENT, mocreatures:fly, 12, 1, 2
897, forest, minecraft:dark_forest, AMBIENT, mocreatures:cricket, 10, 1, 2
898, forest, minecraft:dark_forest, AMBIENT, fantasyfauna:mossolith, 20, 1, 4
899, forest, minecraft:dark_forest, AMBIENT, fantasyfauna:mushcap_brown, 20, 2, 4
900, forest, minecraft:dark_forest, AMBIENT, fantasyfauna:mushcap_red, 20, 2, 4
901, forest, minecraft:dark_forest, AMBIENT, fantasyfauna:mushcap_vishroom, 10, 2, 4
902, forest, minecraft:dark_forest, AMBIENT, threateningly_mobs:nature_fairy, 10, 1, 1
903, forest, minecraft:dark_forest, AMBIENT, threateningly_mobs:shadowmoon_butterfly, 10, 1, 1
904, forest, minecraft:dark_forest, AMBIENT, mobz:tiny_spider, 10, 1, 1
905, forest, minecraft:dark_forest, AMBIENT, fantasyfauna:wisp, 60, 1, 2
906, forest, minecraft:dark_forest, WATER_CREATURE, mocreatures:salmon, 10, 1, 4
907, forest, minecraft:dark_forest, WATER_CREATURE, mocreatures:fishy, 12, 1, 6
908, forest, minecraft:dark_forest, WATER_CREATURE, mocreatures:bass, 10, 1, 4
909, ocean, minecraft:deep_cold_ocean, MONSTER, creatures_expanded:abomination, 20, 1, 1
910, ocean, minecraft:deep_cold_ocean, MONSTER, knights:archer, 40, 2, 3
911, ocean, minecraft:deep_cold_ocean, MONSTER, ddenizens:beholder, 10, 1, 1
912, ocean, minecraft:deep_cold_ocean, MONSTER, creatures_expanded:brood_spider, 35, 1, 1
913, ocean, minecraft:deep_cold_ocean, MONSTER, threateningly_mobs:cannon_crab, 20, 1, 1
914, ocean, minecraft:deep_cold_ocean, MONSTER, threateningly_mobs:cave_hunter, 12, 1, 1
915, ocean, minecraft:deep_cold_ocean, MONSTER, creatures_expanded:crumbling_skeleton, 50, 1, 1
916, ocean, minecraft:deep_cold_ocean, MONSTER, creatures_expanded:crystalline_golem, 20, 1, 1
917, ocean, minecraft:deep_cold_ocean, MONSTER, creatures_expanded:crystalline_spider, 45, 1, 3
918, ocean, minecraft:deep_cold_ocean, MONSTER, ddenizens:daemon, 10, 1, 1
919, ocean, minecraft:deep_cold_ocean, MONSTER, ddenizens:death_tyrant, 10, 1, 1
920, ocean, minecraft:deep_cold_ocean, MONSTER, threateningly_mobs:elite_zombie_warrior, 10, 1, 2
921, ocean, minecraft:deep_cold_ocean, MONSTER, creatures_expanded:embersmog, 40, 1, 3
922, ocean, minecraft:deep_cold_ocean, MONSTER, ddenizens:fossilized_skeleton, 25, 1, 2
923, ocean, minecraft:deep_cold_ocean, MONSTER, threateningly_mobs:frostbite, 15, 1, 1
924, ocean, minecraft:deep_cold_ocean, MONSTER, creatures_expanded:fungal_ghoul, 60, 1, 2
925, ocean, minecraft:deep_cold_ocean, MONSTER, creatures_expanded:gargoyle, 50, 1, 3
926, ocean, minecraft:deep_cold_ocean, MONSTER, ddenizens:gazer, 25, 1, 1
927, ocean, minecraft:deep_cold_ocean, MONSTER, ddenizens:ghoul, 25, 1, 1
928, ocean, minecraft:deep_cold_ocean, MONSTER, creatures_expanded:gloomknight, 5, 1, 1
929, ocean, minecraft:deep_cold_ocean, MONSTER, creatures_expanded:gloomweaver, 30, 1, 2
930, ocean, minecraft:deep_cold_ocean, MONSTER, creatures_expanded:gnasheart, 60, 1, 4
931, ocean, minecraft:deep_cold_ocean, MONSTER, creatures_expanded:graven, 36, 3, 5
932, ocean, minecraft:deep_cold_ocean, MONSTER, ddenizens:headless, 40, 1, 1
933, ocean, minecraft:deep_cold_ocean, MONSTER, knights:heavyknight, 40, 1, 1
934, ocean, minecraft:deep_cold_ocean, MONSTER, threateningly_mobs:hydra, 10, 1, 1
935, ocean, minecraft:deep_cold_ocean, MONSTER, ddenizens:iron_skeleton, 15, 1, 1
936, ocean, minecraft:deep_cold_ocean, MONSTER, knights:knight, 50, 3, 5
937, ocean, minecraft:deep_cold_ocean, MONSTER, threateningly_mobs:lich_re, 10, 1, 1
938, ocean, minecraft:deep_cold_ocean, MONSTER, ddenizens:magma_skeleton, 40, 1, 1
939, ocean, minecraft:deep_cold_ocean, MONSTER, creatures_expanded:miststalker, 40, 1, 1
940, ocean, minecraft:deep_cold_ocean, MONSTER, threateningly_mobs:moon_priest, 10, 1, 1
941, ocean, minecraft:deep_cold_ocean, MONSTER, fantasyfauna:mushcap_glowing, 50, 2, 4
942, ocean, minecraft:deep_cold_ocean, MONSTER, knights:noble, 50, 1, 1
943, ocean, minecraft:deep_cold_ocean, MONSTER, ddenizens:orc, 35, 1, 1
944, ocean, minecraft:deep_cold_ocean, MONSTER, threateningly_mobs:ore_drill, 32, 1, 1
945, ocean, minecraft:deep_cold_ocean, MONSTER, mobz:tank_zombie, 10, 1, 1
946, ocean, minecraft:deep_cold_ocean, MONSTER, knights:peasant, 60, 2, 3
947, ocean, minecraft:deep_cold_ocean, MONSTER, fantasyfauna:possessed_armor, 20, 1, 1
948, ocean, minecraft:deep_cold_ocean, MONSTER, creatures_expanded:prosperisher_zombie, 50, 1, 2
949, ocean, minecraft:deep_cold_ocean, MONSTER, ddenizens:shadow, 30, 1, 1
950, ocean, minecraft:deep_cold_ocean, MONSTER, creatures_expanded:shadowfiend, 35, 1, 2
951, ocean, minecraft:deep_cold_ocean, MONSTER, ddenizens:shadowlord, 15, 1, 1
952, ocean, minecraft:deep_cold_ocean, MONSTER, ddenizens:skeleton_warrior, 50, 1, 2
953, ocean, minecraft:deep_cold_ocean, MONSTER, specialmobs:endercreeper, 10, 1, 4
954, ocean, minecraft:deep_cold_ocean, MONSTER, specialmobs:drowningcreeper, 10, 1, 1
955, ocean, minecraft:deep_cold_ocean, MONSTER, specialmobs:blueberryslime, 10, 1, 1
956, ocean, minecraft:deep_cold_ocean, MONSTER, specialmobs:pirateskeleton, 10, 1, 1
957, ocean, minecraft:deep_cold_ocean, MONSTER, ddenizens:spectator, 25, 1, 1
958, ocean, minecraft:deep_cold_ocean, MONSTER, creatures_expanded:tremorgue, 25, 1, 2
959, ocean, minecraft:deep_cold_ocean, MONSTER, creatures_expanded:undead_necromancer, 35, 1, 1
960, ocean, minecraft:deep_cold_ocean, MONSTER, specialmobs:giantskeleton, 70, 1, 1
961, ocean, minecraft:deep_cold_ocean, MONSTER, mocreatures:biggolem, 20, 1, 1
962, ocean, minecraft:deep_cold_ocean, MONSTER, mobz:small_zombie, 70, 1, 1
963, ocean, minecraft:deep_cold_ocean, MONSTER, mocreatures:minigolem, 40, 1, 1
964, ocean, minecraft:deep_cold_ocean, MONSTER, mocreatures:darkmanticore, 50, 1, 1
965, ocean, minecraft:deep_cold_ocean, MONSTER, mocreatures:undeadscorpion, 50, 1, 1
966, ocean, minecraft:deep_cold_ocean, MONSTER, mobz:zombie_mage, 70, 1, 1
967, ocean, minecraft:deep_cold_ocean, MONSTER, mocreatures:silverskeleton, 70, 1, 1
968, ocean, minecraft:deep_cold_ocean, MONSTER, mobz:bigboss, 50, 1, 1
969, ocean, minecraft:deep_cold_ocean, AMBIENT, ddenizens:boulder, 35, 1, 1
970, ocean, minecraft:deep_cold_ocean, AMBIENT, threateningly_mobs:giant_seacucumber, 10, 2, 4
971, ocean, minecraft:deep_cold_ocean, WATER_CREATURE, mocreatures:dolphin, 10, 2, 4
972, ocean, minecraft:deep_cold_ocean, WATER_CREATURE, mocreatures:salmon, 10, 1, 4
973, ocean, minecraft:deep_cold_ocean, WATER_CREATURE, mocreatures:angler, 12, 1, 6
974, ocean, minecraft:deep_cold_ocean, WATER_CREATURE, mocreatures:jellyfish, 10, 1, 4
975, ocean, minecraft:deep_cold_ocean, WATER_CREATURE, mocreatures:clownfish, 12, 1, 6
976, ocean, minecraft:deep_cold_ocean, WATER_CREATURE, mocreatures:manderin, 12, 1, 6
977, ocean, minecraft:deep_cold_ocean, WATER_CREATURE, mocreatures:shark, 10, 1, 2
978, ocean, minecraft:deep_cold_ocean, WATER_CREATURE, mocreatures:hippotang, 12, 1, 6
979, ocean, minecraft:deep_cold_ocean, WATER_CREATURE, mocreatures:mantaray, 10, 1, 2
980, ocean, minecraft:deep_cold_ocean, WATER_CREATURE, mocreatures:fishy, 12, 1, 6
981, ocean, minecraft:deep_cold_ocean, WATER_CREATURE, mocreatures:anchovy, 12, 1, 6
982, ocean, minecraft:deep_cold_ocean, WATER_CREATURE, mocreatures:cod, 10, 1, 4
983, ocean, minecraft:deep_cold_ocean, WATER_AMBIENT, threateningly_mobs:riptooth, 10, 1, 1
984, ocean, minecraft:deep_cold_ocean, WATER_AMBIENT, threateningly_mobs:tide_specter, 10, 1, 1
985, none, minecraft:deep_dark, MONSTER, creatures_expanded:abomination, 20, 1, 1
986, none, minecraft:deep_dark, MONSTER, knights:archer, 40, 2, 3
987, none, minecraft:deep_dark, MONSTER, ddenizens:beholder, 10, 1, 1
988, none, minecraft:deep_dark, MONSTER, creatures_expanded:brood_spider, 35, 1, 1
989, none, minecraft:deep_dark, MONSTER, creatures_expanded:crumbling_skeleton, 50, 1, 1
990, none, minecraft:deep_dark, MONSTER, creatures_expanded:crystalline_golem, 20, 1, 1
991, none, minecraft:deep_dark, MONSTER, creatures_expanded:crystalline_spider, 45, 1, 3
992, none, minecraft:deep_dark, MONSTER, ddenizens:daemon, 10, 1, 1
993, none, minecraft:deep_dark, MONSTER, ddenizens:death_tyrant, 10, 1, 1
994, none, minecraft:deep_dark, MONSTER, threateningly_mobs:elite_zombie_warrior, 10, 1, 2
995, none, minecraft:deep_dark, MONSTER, creatures_expanded:embersmog, 40, 1, 3
996, none, minecraft:deep_dark, MONSTER, ddenizens:fossilized_skeleton, 25, 1, 2
997, none, minecraft:deep_dark, MONSTER, creatures_expanded:fungal_ghoul, 60, 1, 2
998, none, minecraft:deep_dark, MONSTER, creatures_expanded:gargoyle, 50, 1, 3
999, none, minecraft:deep_dark, MONSTER, ddenizens:gazer, 25, 1, 1
1000, none, minecraft:deep_dark, MONSTER, ddenizens:ghoul, 25, 1, 1
1001, none, minecraft:deep_dark, MONSTER, creatures_expanded:gloomknight, 5, 1, 1
1002, none, minecraft:deep_dark, MONSTER, creatures_expanded:gloomweaver, 30, 1, 2
1003, none, minecraft:deep_dark, MONSTER, creatures_expanded:gnasheart, 60, 1, 4
1004, none, minecraft:deep_dark, MONSTER, creatures_expanded:graven, 36, 3, 5
1005, none, minecraft:deep_dark, MONSTER, ddenizens:headless, 40, 1, 1
1006, none, minecraft:deep_dark, MONSTER, knights:heavyknight, 40, 1, 1
1007, none, minecraft:deep_dark, MONSTER, ddenizens:iron_skeleton, 15, 1, 1
1008, none, minecraft:deep_dark, MONSTER, knights:knight, 50, 3, 5
1009, none, minecraft:deep_dark, MONSTER, threateningly_mobs:lich_re, 10, 1, 1
1010, none, minecraft:deep_dark, MONSTER, ddenizens:magma_skeleton, 40, 1, 1
1011, none, minecraft:deep_dark, MONSTER, creatures_expanded:miststalker, 40, 1, 1
1012, none, minecraft:deep_dark, MONSTER, mocreatures:greenogre, 10, 1, 2
1013, none, minecraft:deep_dark, MONSTER, mocreatures:toxicmanticore, 40, 1, 1
1014, none, minecraft:deep_dark, MONSTER, mocreatures:silverskeleton, 70, 1, 1
1015, none, minecraft:deep_dark, MONSTER, mocreatures:darkmanticore, 50, 1, 3
1016, none, minecraft:deep_dark, MONSTER, mocreatures:cavescorpion, 50, 1, 3
1017, none, minecraft:deep_dark, MONSTER, mocreatures:undeadscorpion, 50, 1, 3
1018, none, minecraft:deep_dark, MONSTER, mocreatures:horsemob, 10, 1, 3
1019, none, minecraft:deep_dark, MONSTER, mocreatures:wraith, 50, 1, 1
1020, none, minecraft:deep_dark, MONSTER, fantasyfauna:mushcap_glowing, 50, 2, 4
1021, none, minecraft:deep_dark, MONSTER, knights:noble, 50, 1, 1
1022, none, minecraft:deep_dark, MONSTER, ddenizens:orc, 35, 1, 1
1023, none, minecraft:deep_dark, MONSTER, threateningly_mobs:ore_drill, 32, 1, 1
1024, none, minecraft:deep_dark, MONSTER, knights:peasant, 60, 2, 3
1025, none, minecraft:deep_dark, MONSTER, fantasyfauna:possessed_armor, 20, 1, 1
1026, none, minecraft:deep_dark, MONSTER, creatures_expanded:prosperisher_zombie, 50, 1, 2
1027, none, minecraft:deep_dark, MONSTER, ddenizens:shadow, 30, 1, 1
1028, none, minecraft:deep_dark, MONSTER, creatures_expanded:shadowfiend, 35, 1, 2
1029, none, minecraft:deep_dark, MONSTER, ddenizens:shadowlord, 15, 1, 1
1030, none, minecraft:deep_dark, MONSTER, ddenizens:skeleton_warrior, 50, 1, 2
1031, none, minecraft:deep_dark, MONSTER, ddenizens:spectator, 25, 1, 1
1032, none, minecraft:deep_dark, MONSTER, creatures_expanded:tremorgue, 25, 1, 2
1033, none, minecraft:deep_dark, MONSTER, creatures_expanded:undead_necromancer, 35, 1, 1
1034, none, minecraft:deep_dark, MONSTER, ddenizens:winged_skeleton, 70, 1, 1
1035, none, minecraft:deep_dark, MONSTER, specialmobs:bruteskeleton, 70, 1, 1
1036, none, minecraft:deep_dark, MONSTER, specialmobs:gatlingskeleton, 70, 1, 1
1037, none, minecraft:deep_dark, MONSTER, specialmobs:knightskeleton, 70, 1, 1
1038, none, minecraft:deep_dark, MONSTER, specialmobs:ninjaskeleton, 70, 1, 1
1039, none, minecraft:deep_dark, MONSTER, specialmobs:sniperskeleton, 70, 1, 1
1040, none, minecraft:deep_dark, MONSTER, specialmobs:brutezombie, 70, 1, 1
1041, none, minecraft:deep_dark, MONSTER, specialmobs:plaguezombie, 70, 1, 1
1042, none, minecraft:deep_dark, MONSTER, specialmobs:fishingzombie, 70, 1, 1
1043, none, minecraft:deep_dark, MONSTER, specialmobs:hungryzombie, 70, 1, 1
1044, none, minecraft:deep_dark, MONSTER, specialmobs:minicreeper, 40, 1, 1
1045, none, minecraft:deep_dark, AMBIENT, ddenizens:boulder, 35, 1, 1
1046, none, minecraft:deep_dark, AMBIENT, mocreatures:roach, 10, 1, 2
1047, none, minecraft:deep_dark, AMBIENT, mocreatures:maggot, 10, 1, 2
1048, ocean, minecraft:deep_frozen_ocean, MONSTER, creatures_expanded:abomination, 20, 1, 1
1049, ocean, minecraft:deep_frozen_ocean, MONSTER, knights:archer, 40, 2, 3
1050, ocean, minecraft:deep_frozen_ocean, MONSTER, ddenizens:beholder, 10, 1, 1
1051, ocean, minecraft:deep_frozen_ocean, MONSTER, creatures_expanded:brood_spider, 35, 1, 1
1052, ocean, minecraft:deep_frozen_ocean, MONSTER, threateningly_mobs:cannon_crab, 20, 1, 1
1053, ocean, minecraft:deep_frozen_ocean, MONSTER, threateningly_mobs:cave_hunter, 12, 1, 1
1054, ocean, minecraft:deep_frozen_ocean, MONSTER, creatures_expanded:crumbling_skeleton, 50, 1, 1
1055, ocean, minecraft:deep_frozen_ocean, MONSTER, creatures_expanded:crystalline_golem, 20, 1, 1
1056, ocean, minecraft:deep_frozen_ocean, MONSTER, creatures_expanded:crystalline_spider, 45, 1, 3
1057, ocean, minecraft:deep_frozen_ocean, MONSTER, ddenizens:daemon, 10, 1, 1
1058, ocean, minecraft:deep_frozen_ocean, MONSTER, ddenizens:death_tyrant, 10, 1, 1
1059, ocean, minecraft:deep_frozen_ocean, MONSTER, threateningly_mobs:elite_zombie_warrior, 10, 1, 2
1060, ocean, minecraft:deep_frozen_ocean, MONSTER, creatures_expanded:embersmog, 40, 1, 3
1061, ocean, minecraft:deep_frozen_ocean, MONSTER, ddenizens:fossilized_skeleton, 25, 1, 2
1062, ocean, minecraft:deep_frozen_ocean, MONSTER, creatures_expanded:fungal_ghoul, 60, 1, 2
1063, ocean, minecraft:deep_frozen_ocean, MONSTER, creatures_expanded:gargoyle, 50, 1, 3
1064, ocean, minecraft:deep_frozen_ocean, MONSTER, ddenizens:gazer, 25, 1, 1
1065, ocean, minecraft:deep_frozen_ocean, MONSTER, ddenizens:ghoul, 25, 1, 1
1066, ocean, minecraft:deep_frozen_ocean, MONSTER, creatures_expanded:gloomknight, 5, 1, 1
1067, ocean, minecraft:deep_frozen_ocean, MONSTER, creatures_expanded:gloomweaver, 30, 1, 2
1068, ocean, minecraft:deep_frozen_ocean, MONSTER, creatures_expanded:gnasheart, 60, 1, 4
1069, ocean, minecraft:deep_frozen_ocean, MONSTER, creatures_expanded:graven, 36, 3, 5
1070, ocean, minecraft:deep_frozen_ocean, MONSTER, ddenizens:headless, 40, 1, 1
1071, ocean, minecraft:deep_frozen_ocean, MONSTER, knights:heavyknight, 40, 1, 1
1072, ocean, minecraft:deep_frozen_ocean, MONSTER, threateningly_mobs:hydra, 10, 1, 1
1073, ocean, minecraft:deep_frozen_ocean, MONSTER, ddenizens:iron_skeleton, 15, 1, 1
1074, ocean, minecraft:deep_frozen_ocean, MONSTER, knights:knight, 50, 3, 5
1075, ocean, minecraft:deep_frozen_ocean, MONSTER, threateningly_mobs:lich_re, 10, 1, 1
1076, ocean, minecraft:deep_frozen_ocean, MONSTER, ddenizens:magma_skeleton, 40, 1, 1
1077, ocean, minecraft:deep_frozen_ocean, MONSTER, creatures_expanded:miststalker, 40, 1, 1
1078, ocean, minecraft:deep_frozen_ocean, MONSTER, threateningly_mobs:moon_priest, 10, 1, 1
1079, ocean, minecraft:deep_frozen_ocean, MONSTER, fantasyfauna:mushcap_glowing, 50, 2, 4
1080, ocean, minecraft:deep_frozen_ocean, MONSTER, knights:noble, 50, 1, 1
1081, ocean, minecraft:deep_frozen_ocean, MONSTER, ddenizens:orc, 35, 1, 1
1082, ocean, minecraft:deep_frozen_ocean, MONSTER, threateningly_mobs:ore_drill, 32, 1, 1
1083, ocean, minecraft:deep_frozen_ocean, MONSTER, mobz:tank_zombie, 10, 1, 1
1084, ocean, minecraft:deep_frozen_ocean, MONSTER, knights:peasant, 60, 2, 3
1085, ocean, minecraft:deep_frozen_ocean, MONSTER, fantasyfauna:possessed_armor, 20, 1, 1
1086, ocean, minecraft:deep_frozen_ocean, MONSTER, creatures_expanded:prosperisher_zombie, 50, 1, 2
1087, ocean, minecraft:deep_frozen_ocean, MONSTER, ddenizens:shadow, 30, 1, 1
1088, ocean, minecraft:deep_frozen_ocean, MONSTER, creatures_expanded:shadowfiend, 35, 1, 2
1089, ocean, minecraft:deep_frozen_ocean, MONSTER, ddenizens:shadowlord, 15, 1, 1
1090, ocean, minecraft:deep_frozen_ocean, MONSTER, ddenizens:skeleton_warrior, 50, 1, 2
1091, ocean, minecraft:deep_frozen_ocean, MONSTER, specialmobs:endercreeper, 10, 1, 4
1092, ocean, minecraft:deep_frozen_ocean, MONSTER, specialmobs:drowningcreeper, 10, 1, 1
1093, ocean, minecraft:deep_frozen_ocean, MONSTER, specialmobs:blueberryslime, 10, 1, 1
1094, ocean, minecraft:deep_frozen_ocean, MONSTER, specialmobs:pirateskeleton, 10, 1, 1
1095, ocean, minecraft:deep_frozen_ocean, MONSTER, ddenizens:spectator, 25, 1, 1
1096, ocean, minecraft:deep_frozen_ocean, MONSTER, creatures_expanded:tremorgue, 25, 1, 2
1097, ocean, minecraft:deep_frozen_ocean, MONSTER, creatures_expanded:undead_necromancer, 35, 1, 1
1098, ocean, minecraft:deep_frozen_ocean, MONSTER, specialmobs:giantskeleton, 70, 1, 1
1099, ocean, minecraft:deep_frozen_ocean, MONSTER, mocreatures:biggolem, 20, 1, 1
1100, ocean, minecraft:deep_frozen_ocean, MONSTER, mobz:small_zombie, 70, 1, 1
1101, ocean, minecraft:deep_frozen_ocean, MONSTER, mocreatures:minigolem, 40, 1, 1
1102, ocean, minecraft:deep_frozen_ocean, MONSTER, mocreatures:darkmanticore, 50, 1, 1
1103, ocean, minecraft:deep_frozen_ocean, MONSTER, mocreatures:undeadscorpion, 50, 1, 1
1104, ocean, minecraft:deep_frozen_ocean, MONSTER, mobz:zombie_mage, 70, 1, 1
1105, ocean, minecraft:deep_frozen_ocean, MONSTER, mocreatures:silverskeleton, 70, 1, 1
1106, ocean, minecraft:deep_frozen_ocean, MONSTER, mobz:bigboss, 50, 1, 1
1107, ocean, minecraft:deep_frozen_ocean, AMBIENT, ddenizens:boulder, 35, 1, 1
1108, ocean, minecraft:deep_frozen_ocean, AMBIENT, threateningly_mobs:giant_seacucumber, 10, 2, 4
1109, ocean, minecraft:deep_frozen_ocean, WATER_CREATURE, mocreatures:dolphin, 10, 2, 4
1110, ocean, minecraft:deep_frozen_ocean, WATER_CREATURE, mocreatures:salmon, 10, 1, 4
1111, ocean, minecraft:deep_frozen_ocean, WATER_CREATURE, mocreatures:angler, 12, 1, 6
1112, ocean, minecraft:deep_frozen_ocean, WATER_CREATURE, mocreatures:jellyfish, 10, 1, 4
1113, ocean, minecraft:deep_frozen_ocean, WATER_CREATURE, mocreatures:clownfish, 12, 1, 6
1114, ocean, minecraft:deep_frozen_ocean, WATER_CREATURE, mocreatures:manderin, 12, 1, 6
1115, ocean, minecraft:deep_frozen_ocean, WATER_CREATURE, mocreatures:shark, 10, 1, 2
1116, ocean, minecraft:deep_frozen_ocean, WATER_CREATURE, mocreatures:hippotang, 12, 1, 6
1117, ocean, minecraft:deep_frozen_ocean, WATER_CREATURE, mocreatures:mantaray, 10, 1, 2
1118, ocean, minecraft:deep_frozen_ocean, WATER_CREATURE, mocreatures:fishy, 12, 1, 6
1119, ocean, minecraft:deep_frozen_ocean, WATER_CREATURE, mocreatures:anchovy, 12, 1, 6
1120, ocean, minecraft:deep_frozen_ocean, WATER_CREATURE, mocreatures:cod, 10, 1, 4
1121, ocean, minecraft:deep_frozen_ocean, WATER_AMBIENT, threateningly_mobs:riptooth, 10, 1, 1
1122, ocean, minecraft:deep_frozen_ocean, WATER_AMBIENT, threateningly_mobs:tide_specter, 10, 1, 1
1123, ocean, minecraft:deep_lukewarm_ocean, MONSTER, creatures_expanded:abomination, 20, 1, 1
1124, ocean, minecraft:deep_lukewarm_ocean, MONSTER, knights:archer, 40, 2, 3
1125, ocean, minecraft:deep_lukewarm_ocean, MONSTER, ddenizens:beholder, 10, 1, 1
1126, ocean, minecraft:deep_lukewarm_ocean, MONSTER, creatures_expanded:brood_spider, 35, 1, 1
1127, ocean, minecraft:deep_lukewarm_ocean, MONSTER, threateningly_mobs:cannon_crab, 20, 1, 1
1128, ocean, minecraft:deep_lukewarm_ocean, MONSTER, threateningly_mobs:cave_hunter, 12, 1, 1
1129, ocean, minecraft:deep_lukewarm_ocean, MONSTER, creatures_expanded:crumbling_skeleton, 50, 1, 1
1130, ocean, minecraft:deep_lukewarm_ocean, MONSTER, creatures_expanded:crystalline_golem, 20, 1, 1
1131, ocean, minecraft:deep_lukewarm_ocean, MONSTER, creatures_expanded:crystalline_spider, 45, 1, 3
1132, ocean, minecraft:deep_lukewarm_ocean, MONSTER, ddenizens:daemon, 10, 1, 1
1133, ocean, minecraft:deep_lukewarm_ocean, MONSTER, ddenizens:death_tyrant, 10, 1, 1
1134, ocean, minecraft:deep_lukewarm_ocean, MONSTER, threateningly_mobs:elite_zombie_warrior, 10, 1, 2
1135, ocean, minecraft:deep_lukewarm_ocean, MONSTER, creatures_expanded:embersmog, 40, 1, 3
1136, ocean, minecraft:deep_lukewarm_ocean, MONSTER, ddenizens:fossilized_skeleton, 25, 1, 2
1137, ocean, minecraft:deep_lukewarm_ocean, MONSTER, creatures_expanded:fungal_ghoul, 60, 1, 2
1138, ocean, minecraft:deep_lukewarm_ocean, MONSTER, creatures_expanded:gargoyle, 50, 1, 3
1139, ocean, minecraft:deep_lukewarm_ocean, MONSTER, ddenizens:gazer, 25, 1, 1
1140, ocean, minecraft:deep_lukewarm_ocean, MONSTER, ddenizens:ghoul, 25, 1, 1
1141, ocean, minecraft:deep_lukewarm_ocean, MONSTER, creatures_expanded:gloomknight, 5, 1, 1
1142, ocean, minecraft:deep_lukewarm_ocean, MONSTER, creatures_expanded:gloomweaver, 30, 1, 2
1143, ocean, minecraft:deep_lukewarm_ocean, MONSTER, creatures_expanded:gnasheart, 60, 1, 4
1144, ocean, minecraft:deep_lukewarm_ocean, MONSTER, creatures_expanded:graven, 36, 3, 5
1145, ocean, minecraft:deep_lukewarm_ocean, MONSTER, ddenizens:headless, 40, 1, 1
1146, ocean, minecraft:deep_lukewarm_ocean, MONSTER, knights:heavyknight, 40, 1, 1
1147, ocean, minecraft:deep_lukewarm_ocean, MONSTER, threateningly_mobs:hydra, 10, 1, 1
1148, ocean, minecraft:deep_lukewarm_ocean, MONSTER, ddenizens:iron_skeleton, 15, 1, 1
1149, ocean, minecraft:deep_lukewarm_ocean, MONSTER, knights:knight, 50, 3, 5
1150, ocean, minecraft:deep_lukewarm_ocean, MONSTER, threateningly_mobs:lich_re, 10, 1, 1
1151, ocean, minecraft:deep_lukewarm_ocean, MONSTER, ddenizens:magma_skeleton, 40, 1, 1
1152, ocean, minecraft:deep_lukewarm_ocean, MONSTER, creatures_expanded:miststalker, 40, 1, 1
1153, ocean, minecraft:deep_lukewarm_ocean, MONSTER, threateningly_mobs:moon_priest, 10, 1, 1
1154, ocean, minecraft:deep_lukewarm_ocean, MONSTER, fantasyfauna:mushcap_glowing, 50, 2, 4
1155, ocean, minecraft:deep_lukewarm_ocean, MONSTER, knights:noble, 50, 1, 1
1156, ocean, minecraft:deep_lukewarm_ocean, MONSTER, ddenizens:orc, 35, 1, 1
1157, ocean, minecraft:deep_lukewarm_ocean, MONSTER, threateningly_mobs:ore_drill, 32, 1, 1
1158, ocean, minecraft:deep_lukewarm_ocean, MONSTER, mobz:tank_zombie, 10, 1, 1
1159, ocean, minecraft:deep_lukewarm_ocean, MONSTER, knights:peasant, 60, 2, 3
1160, ocean, minecraft:deep_lukewarm_ocean, MONSTER, fantasyfauna:possessed_armor, 20, 1, 1
1161, ocean, minecraft:deep_lukewarm_ocean, MONSTER, creatures_expanded:prosperisher_zombie, 50, 1, 2
1162, ocean, minecraft:deep_lukewarm_ocean, MONSTER, ddenizens:shadow, 30, 1, 1
1163, ocean, minecraft:deep_lukewarm_ocean, MONSTER, creatures_expanded:shadowfiend, 35, 1, 2
1164, ocean, minecraft:deep_lukewarm_ocean, MONSTER, ddenizens:shadowlord, 15, 1, 1
1165, ocean, minecraft:deep_lukewarm_ocean, MONSTER, ddenizens:skeleton_warrior, 50, 1, 2
1166, ocean, minecraft:deep_lukewarm_ocean, MONSTER, specialmobs:endercreeper, 10, 1, 4
1167, ocean, minecraft:deep_lukewarm_ocean, MONSTER, specialmobs:drowningcreeper, 10, 1, 1
1168, ocean, minecraft:deep_lukewarm_ocean, MONSTER, specialmobs:blueberryslime, 10, 1, 1
1169, ocean, minecraft:deep_lukewarm_ocean, MONSTER, specialmobs:pirateskeleton, 10, 1, 1
1170, ocean, minecraft:deep_lukewarm_ocean, MONSTER, ddenizens:spectator, 25, 1, 1
1171, ocean, minecraft:deep_lukewarm_ocean, MONSTER, creatures_expanded:tremorgue, 25, 1, 2
1172, ocean, minecraft:deep_lukewarm_ocean, MONSTER, creatures_expanded:undead_necromancer, 35, 1, 1
1173, ocean, minecraft:deep_lukewarm_ocean, MONSTER, specialmobs:giantskeleton, 70, 1, 1
1174, ocean, minecraft:deep_lukewarm_ocean, MONSTER, mocreatures:biggolem, 20, 1, 1
1175, ocean, minecraft:deep_lukewarm_ocean, MONSTER, mobz:small_zombie, 70, 1, 1
1176, ocean, minecraft:deep_lukewarm_ocean, MONSTER, mocreatures:minigolem, 40, 1, 1
1177, ocean, minecraft:deep_lukewarm_ocean, MONSTER, mocreatures:darkmanticore, 50, 1, 1
1178, ocean, minecraft:deep_lukewarm_ocean, MONSTER, mocreatures:undeadscorpion, 50, 1, 1
1179, ocean, minecraft:deep_lukewarm_ocean, MONSTER, mobz:zombie_mage, 70, 1, 1
1180, ocean, minecraft:deep_lukewarm_ocean, MONSTER, mocreatures:silverskeleton, 70, 1, 1
1181, ocean, minecraft:deep_lukewarm_ocean, MONSTER, mobz:bigboss, 50, 1, 1
1182, ocean, minecraft:deep_lukewarm_ocean, AMBIENT, ddenizens:boulder, 35, 1, 1
1183, ocean, minecraft:deep_lukewarm_ocean, AMBIENT, threateningly_mobs:giant_seacucumber, 10, 2, 4
1184, ocean, minecraft:deep_lukewarm_ocean, WATER_CREATURE, mocreatures:dolphin, 10, 2, 4
1185, ocean, minecraft:deep_lukewarm_ocean, WATER_CREATURE, mocreatures:salmon, 10, 1, 4
1186, ocean, minecraft:deep_lukewarm_ocean, WATER_CREATURE, mocreatures:angler, 12, 1, 6
1187, ocean, minecraft:deep_lukewarm_ocean, WATER_CREATURE, mocreatures:jellyfish, 10, 1, 4
1188, ocean, minecraft:deep_lukewarm_ocean, WATER_CREATURE, mocreatures:clownfish, 12, 1, 6
1189, ocean, minecraft:deep_lukewarm_ocean, WATER_CREATURE, mocreatures:manderin, 12, 1, 6
1190, ocean, minecraft:deep_lukewarm_ocean, WATER_CREATURE, mocreatures:shark, 10, 1, 2
1191, ocean, minecraft:deep_lukewarm_ocean, WATER_CREATURE, mocreatures:hippotang, 12, 1, 6
1192, ocean, minecraft:deep_lukewarm_ocean, WATER_CREATURE, mocreatures:mantaray, 10, 1, 2
1193, ocean, minecraft:deep_lukewarm_ocean, WATER_CREATURE, mocreatures:fishy, 12, 1, 6
1194, ocean, minecraft:deep_lukewarm_ocean, WATER_CREATURE, mocreatures:anchovy, 12, 1, 6
1195, ocean, minecraft:deep_lukewarm_ocean, WATER_CREATURE, mocreatures:cod, 10, 1, 4
1196, ocean, minecraft:deep_lukewarm_ocean, WATER_AMBIENT, threateningly_mobs:riptooth, 10, 1, 1
1197, ocean, minecraft:deep_lukewarm_ocean, WATER_AMBIENT, threateningly_mobs:tide_specter, 10, 1, 1
1198, ocean, minecraft:deep_ocean, MONSTER, creatures_expanded:abomination, 20, 1, 1
1199, ocean, minecraft:deep_ocean, MONSTER, knights:archer, 40, 2, 3
1200, ocean, minecraft:deep_ocean, MONSTER, ddenizens:beholder, 10, 1, 1
1201, ocean, minecraft:deep_ocean, MONSTER, creatures_expanded:brood_spider, 35, 1, 1
1202, ocean, minecraft:deep_ocean, MONSTER, threateningly_mobs:cannon_crab, 20, 1, 1
1203, ocean, minecraft:deep_ocean, MONSTER, threateningly_mobs:cave_hunter, 12, 1, 1
1204, ocean, minecraft:deep_ocean, MONSTER, creatures_expanded:crumbling_skeleton, 50, 1, 1
1205, ocean, minecraft:deep_ocean, MONSTER, creatures_expanded:crystalline_golem, 20, 1, 1
1206, ocean, minecraft:deep_ocean, MONSTER, creatures_expanded:crystalline_spider, 45, 1, 3
1207, ocean, minecraft:deep_ocean, MONSTER, ddenizens:daemon, 10, 1, 1
1208, ocean, minecraft:deep_ocean, MONSTER, ddenizens:death_tyrant, 10, 1, 1
1209, ocean, minecraft:deep_ocean, MONSTER, threateningly_mobs:elite_zombie_warrior, 10, 1, 2
1210, ocean, minecraft:deep_ocean, MONSTER, creatures_expanded:embersmog, 40, 1, 3
1211, ocean, minecraft:deep_ocean, MONSTER, ddenizens:fossilized_skeleton, 25, 1, 2
1212, ocean, minecraft:deep_ocean, MONSTER, creatures_expanded:fungal_ghoul, 60, 1, 2
1213, ocean, minecraft:deep_ocean, MONSTER, creatures_expanded:gargoyle, 50, 1, 3
1214, ocean, minecraft:deep_ocean, MONSTER, ddenizens:gazer, 25, 1, 1
1215, ocean, minecraft:deep_ocean, MONSTER, ddenizens:ghoul, 25, 1, 1
1216, ocean, minecraft:deep_ocean, MONSTER, creatures_expanded:gloomknight, 5, 1, 1
1217, ocean, minecraft:deep_ocean, MONSTER, creatures_expanded:gloomweaver, 30, 1, 2
1218, ocean, minecraft:deep_ocean, MONSTER, creatures_expanded:gnasheart, 60, 1, 4
1219, ocean, minecraft:deep_ocean, MONSTER, creatures_expanded:graven, 36, 3, 5
1220, ocean, minecraft:deep_ocean, MONSTER, ddenizens:headless, 40, 1, 1
1221, ocean, minecraft:deep_ocean, MONSTER, knights:heavyknight, 40, 1, 1
1222, ocean, minecraft:deep_ocean, MONSTER, threateningly_mobs:hydra, 10, 1, 1
1223, ocean, minecraft:deep_ocean, MONSTER, ddenizens:iron_skeleton, 15, 1, 1
1224, ocean, minecraft:deep_ocean, MONSTER, knights:knight, 50, 3, 5
1225, ocean, minecraft:deep_ocean, MONSTER, threateningly_mobs:lich_re, 10, 1, 1
1226, ocean, minecraft:deep_ocean, MONSTER, ddenizens:magma_skeleton, 40, 1, 1
1227, ocean, minecraft:deep_ocean, MONSTER, creatures_expanded:miststalker, 40, 1, 1
1228, ocean, minecraft:deep_ocean, MONSTER, threateningly_mobs:moon_priest, 10, 1, 1
1229, ocean, minecraft:deep_ocean, MONSTER, fantasyfauna:mushcap_glowing, 50, 2, 4
1230, ocean, minecraft:deep_ocean, MONSTER, knights:noble, 50, 1, 1
1231, ocean, minecraft:deep_ocean, MONSTER, ddenizens:orc, 35, 1, 1
1232, ocean, minecraft:deep_ocean, MONSTER, threateningly_mobs:ore_drill, 32, 1, 1
1233, ocean, minecraft:deep_ocean, MONSTER, mobz:tank_zombie, 10, 1, 1
1234, ocean, minecraft:deep_ocean, MONSTER, knights:peasant, 60, 2, 3
1235, ocean, minecraft:deep_ocean, MONSTER, fantasyfauna:possessed_armor, 20, 1, 1
1236, ocean, minecraft:deep_ocean, MONSTER, creatures_expanded:prosperisher_zombie, 50, 1, 2
1237, ocean, minecraft:deep_ocean, MONSTER, ddenizens:shadow, 30, 1, 1
1238, ocean, minecraft:deep_ocean, MONSTER, creatures_expanded:shadowfiend, 35, 1, 2
1239, ocean, minecraft:deep_ocean, MONSTER, ddenizens:shadowlord, 15, 1, 1
1240, ocean, minecraft:deep_ocean, MONSTER, ddenizens:skeleton_warrior, 50, 1, 2
1241, ocean, minecraft:deep_ocean, MONSTER, specialmobs:endercreeper, 10, 1, 4
1242, ocean, minecraft:deep_ocean, MONSTER, specialmobs:drowningcreeper, 10, 1, 1
1243, ocean, minecraft:deep_ocean, MONSTER, specialmobs:blueberryslime, 10, 1, 1
1244, ocean, minecraft:deep_ocean, MONSTER, specialmobs:pirateskeleton, 10, 1, 1
1245, ocean, minecraft:deep_ocean, MONSTER, ddenizens:spectator, 25, 1, 1
1246, ocean, minecraft:deep_ocean, MONSTER, creatures_expanded:tremorgue, 25, 1, 2
1247, ocean, minecraft:deep_ocean, MONSTER, creatures_expanded:undead_necromancer, 35, 1, 1
1248, ocean, minecraft:deep_ocean, MONSTER, specialmobs:giantskeleton, 70, 1, 1
1249, ocean, minecraft:deep_ocean, MONSTER, mocreatures:biggolem, 20, 1, 1
1250, ocean, minecraft:deep_ocean, MONSTER, mobz:small_zombie, 70, 1, 1
1251, ocean, minecraft:deep_ocean, MONSTER, mocreatures:minigolem, 40, 1, 1
1252, ocean, minecraft:deep_ocean, MONSTER, mocreatures:darkmanticore, 50, 1, 1
1253, ocean, minecraft:deep_ocean, MONSTER, mocreatures:undeadscorpion, 50, 1, 1
1254, ocean, minecraft:deep_ocean, MONSTER, mobz:zombie_mage, 70, 1, 1
1255, ocean, minecraft:deep_ocean, MONSTER, mocreatures:silverskeleton, 70, 1, 1
1256, ocean, minecraft:deep_ocean, MONSTER, mobz:bigboss, 50, 1, 1
1257, ocean, minecraft:deep_ocean, AMBIENT, ddenizens:boulder, 35, 1, 1
1258, ocean, minecraft:deep_ocean, AMBIENT, threateningly_mobs:giant_seacucumber, 10, 2, 4
1259, ocean, minecraft:deep_ocean, WATER_CREATURE, mocreatures:dolphin, 10, 2, 4
1260, ocean, minecraft:deep_ocean, WATER_CREATURE, mocreatures:salmon, 10, 1, 4
1261, ocean, minecraft:deep_ocean, WATER_CREATURE, mocreatures:angler, 12, 1, 6
1262, ocean, minecraft:deep_ocean, WATER_CREATURE, mocreatures:jellyfish, 10, 1, 4
1263, ocean, minecraft:deep_ocean, WATER_CREATURE, mocreatures:clownfish, 12, 1, 6
1264, ocean, minecraft:deep_ocean, WATER_CREATURE, mocreatures:manderin, 12, 1, 6
1265, ocean, minecraft:deep_ocean, WATER_CREATURE, mocreatures:shark, 10, 1, 2
1266, ocean, minecraft:deep_ocean, WATER_CREATURE, mocreatures:hippotang, 12, 1, 6
1267, ocean, minecraft:deep_ocean, WATER_CREATURE, mocreatures:mantaray, 10, 1, 2
1268, ocean, minecraft:deep_ocean, WATER_CREATURE, mocreatures:fishy, 12, 1, 6
1269, ocean, minecraft:deep_ocean, WATER_CREATURE, mocreatures:anchovy, 12, 1, 6
1270, ocean, minecraft:deep_ocean, WATER_CREATURE, mocreatures:cod, 10, 1, 4
1271, ocean, minecraft:deep_ocean, WATER_AMBIENT, threateningly_mobs:riptooth, 10, 1, 1
1272, ocean, minecraft:deep_ocean, WATER_AMBIENT, threateningly_mobs:tide_specter, 10, 1, 1
1273, none, terrablender:deferred_placeholder, MONSTER, creatures_expanded:abomination, 20, 1, 1
1274, none, terrablender:deferred_placeholder, MONSTER, creatures_expanded:brood_spider, 35, 1, 1
1275, none, terrablender:deferred_placeholder, MONSTER, creatures_expanded:crumbling_skeleton, 50, 1, 1
1276, none, terrablender:deferred_placeholder, MONSTER, creatures_expanded:crystalline_golem, 20, 1, 1
1277, none, terrablender:deferred_placeholder, MONSTER, creatures_expanded:crystalline_spider, 45, 1, 3
1278, none, terrablender:deferred_placeholder, MONSTER, creatures_expanded:embersmog, 40, 1, 3
1279, none, terrablender:deferred_placeholder, MONSTER, creatures_expanded:fungal_ghoul, 60, 1, 2
1280, none, terrablender:deferred_placeholder, MONSTER, creatures_expanded:gargoyle, 50, 1, 3
1281, none, terrablender:deferred_placeholder, MONSTER, creatures_expanded:gloomknight, 5, 1, 1
1282, none, terrablender:deferred_placeholder, MONSTER, creatures_expanded:gloomweaver, 30, 1, 2
1283, none, terrablender:deferred_placeholder, MONSTER, creatures_expanded:gnasheart, 60, 1, 4
1284, none, terrablender:deferred_placeholder, MONSTER, creatures_expanded:graven, 36, 3, 5
1285, none, terrablender:deferred_placeholder, MONSTER, creatures_expanded:miststalker, 40, 1, 1
1286, none, terrablender:deferred_placeholder, MONSTER, fantasyfauna:possessed_armor, 20, 1, 1
1287, none, terrablender:deferred_placeholder, MONSTER, creatures_expanded:prosperisher_zombie, 50, 1, 2
1288, none, terrablender:deferred_placeholder, MONSTER, creatures_expanded:shadowfiend, 35, 1, 2
1289, none, terrablender:deferred_placeholder, MONSTER, creatures_expanded:tremorgue, 25, 1, 2
1290, none, terrablender:deferred_placeholder, MONSTER, creatures_expanded:undead_necromancer, 35, 1, 1
1291, none, terrablender:deferred_placeholder, MONSTER, specialmobs:bruteskeleton, 70, 1, 1
1292, none, terrablender:deferred_placeholder, MONSTER, specialmobs:gatlingskeleton, 70, 1, 1
1293, none, terrablender:deferred_placeholder, MONSTER, specialmobs:knightskeleton, 70, 1, 1
1294, none, terrablender:deferred_placeholder, MONSTER, specialmobs:ninjaskeleton, 70, 1, 1
1295, none, terrablender:deferred_placeholder, MONSTER, specialmobs:sniperskeleton, 70, 1, 1
1296, none, terrablender:deferred_placeholder, MONSTER, specialmobs:brutezombie, 70, 1, 1
1297, none, terrablender:deferred_placeholder, MONSTER, specialmobs:plaguezombie, 70, 1, 1
1298, none, terrablender:deferred_placeholder, MONSTER, specialmobs:fishingzombie, 70, 1, 1
1299, none, terrablender:deferred_placeholder, MONSTER, specialmobs:hungryzombie, 70, 1, 1
1300, none, terrablender:deferred_placeholder, MONSTER, specialmobs:minicreeper, 40, 1, 1
1301, desert, minecraft:desert, MONSTER, creatures_expanded:abomination, 20, 1, 1
1302, desert, minecraft:desert, MONSTER, knights:archer, 40, 2, 3
1303, desert, minecraft:desert, MONSTER, threateningly_mobs:armor_desert, 60, 1, 1
1304, desert, minecraft:desert, MONSTER, ddenizens:beholder, 10, 1, 1
1305, desert, minecraft:desert, MONSTER, creatures_expanded:brood_spider, 35, 1, 1
1306, desert, minecraft:desert, MONSTER, threateningly_mobs:cave_hunter, 12, 1, 1
1307, desert, minecraft:desert, MONSTER, creatures_expanded:crumbling_skeleton, 50, 1, 1
1308, desert, minecraft:desert, MONSTER, creatures_expanded:crystalline_golem, 20, 1, 1
1309, desert, minecraft:desert, MONSTER, creatures_expanded:crystalline_spider, 45, 1, 3
1310, desert, minecraft:desert, MONSTER, ddenizens:daemon, 10, 1, 1
1311, desert, minecraft:desert, MONSTER, ddenizens:death_tyrant, 10, 1, 1
1312, desert, minecraft:desert, MONSTER, threateningly_mobs:dracoscorpius, 40, 1, 2
1313, desert, minecraft:desert, MONSTER, threateningly_mobs:elite_zombie_warrior, 10, 1, 2
1314, desert, minecraft:desert, MONSTER, creatures_expanded:embersmog, 40, 1, 3
1315, desert, minecraft:desert, MONSTER, ddenizens:fossilized_skeleton, 25, 1, 2
1316, desert, minecraft:desert, MONSTER, creatures_expanded:fungal_ghoul, 60, 1, 2
1317, desert, minecraft:desert, MONSTER, creatures_expanded:gargoyle, 50, 1, 3
1318, desert, minecraft:desert, MONSTER, ddenizens:gazer, 25, 1, 1
1319, desert, minecraft:desert, MONSTER, ddenizens:ghoul, 25, 1, 1
1320, desert, minecraft:desert, MONSTER, creatures_expanded:gloomknight, 5, 1, 1
1321, desert, minecraft:desert, MONSTER, creatures_expanded:gloomweaver, 30, 1, 2
1322, desert, minecraft:desert, MONSTER, creatures_expanded:gnasheart, 60, 1, 4
1323, desert, minecraft:desert, MONSTER, creatures_expanded:graven, 36, 3, 5
1324, desert, minecraft:desert, MONSTER, ddenizens:headless, 40, 1, 1
1325, desert, minecraft:desert, MONSTER, knights:heavyknight, 40, 1, 1
1326, desert, minecraft:desert, MONSTER, ddenizens:iron_skeleton, 15, 1, 1
1327, desert, minecraft:desert, MONSTER, creatures_expanded:kamikaze_creeper, 45, 1, 2
1328, desert, minecraft:desert, MONSTER, knights:knight, 50, 3, 5
1329, desert, minecraft:desert, MONSTER, threateningly_mobs:lich_re, 10, 1, 1
1330, desert, minecraft:desert, MONSTER, ddenizens:magma_skeleton, 40, 1, 1
1331, desert, minecraft:desert, MONSTER, creatures_expanded:miststalker, 40, 1, 1
1332, desert, minecraft:desert, MONSTER, mocreatures:biggolem, 10, 1, 1
1333, desert, minecraft:desert, MONSTER, mocreatures:dirtscorpion, 10, 1, 3
1334, desert, minecraft:desert, MONSTER, mocreatures:minigolem, 40, 1, 1
1335, desert, minecraft:desert, MONSTER, mocreatures:plainmanticore, 50, 1, 1
1336, desert, minecraft:desert, MONSTER, mocreatures:silverskeleton, 70, 1, 1
1337, desert, minecraft:desert, MONSTER, mocreatures:darkmanticore, 50, 1, 3
1338, desert, minecraft:desert, MONSTER, mocreatures:cavescorpion, 50, 1, 3
1339, desert, minecraft:desert, MONSTER, threateningly_mobs:moon_priest, 10, 1, 1
1340, desert, minecraft:desert, MONSTER, pumpeddesertremake:mummy, 10, 4, 4
1341, desert, minecraft:desert, MONSTER, fantasyfauna:mushcap_glowing, 50, 2, 4
1342, desert, minecraft:desert, MONSTER, knights:noble, 50, 1, 1
1343, desert, minecraft:desert, MONSTER, ddenizens:orc, 35, 1, 1
1344, desert, minecraft:desert, MONSTER, threateningly_mobs:ore_drill, 32, 1, 1
1345, desert, minecraft:desert, MONSTER, mobz:tank_zombie, 10, 1, 1
1346, desert, minecraft:desert, MONSTER, knights:peasant, 60, 2, 3
1347, desert, minecraft:desert, MONSTER, fantasyfauna:possessed_armor, 20, 1, 1
1348, desert, minecraft:desert, MONSTER, creatures_expanded:prosperisher_zombie, 50, 1, 2
1349, desert, minecraft:desert, MONSTER, pumpeddesertremake:sand_storm, 40, 1, 1
1350, desert, minecraft:desert, MONSTER, threateningly_mobs:sandworm, 15, 1, 1
1351, desert, minecraft:desert, MONSTER, pumpeddesertremake:security_guard, 10, 2, 2
1352, desert, minecraft:desert, MONSTER, ddenizens:shadow, 30, 1, 1
1353, desert, minecraft:desert, MONSTER, creatures_expanded:shadowfiend, 35, 1, 2
1354, desert, minecraft:desert, MONSTER, ddenizens:shadowlord, 15, 1, 1
1355, desert, minecraft:desert, MONSTER, ddenizens:skeleton_warrior, 50, 1, 2
1356, desert, minecraft:desert, MONSTER, threateningly_mobs:solscarab_maximus, 10, 1, 1
1357, desert, minecraft:desert, MONSTER, mobz:armored_zombie, 70, 1, 1
1358, desert, minecraft:desert, MONSTER, mobz:blue_spider, 20, 2, 3
1359, desert, minecraft:desert, MONSTER, mobz:bowman, 50, 1, 2
1360, desert, minecraft:desert, MONSTER, mobz:dwarf, 10, 1, 1
1361, desert, minecraft:desert, MONSTER, mobz:fast_zombie, 70, 1, 1
1362, desert, minecraft:desert, MONSTER, mobz:honey_slime, 10, 1, 1
1363, desert, minecraft:desert, MONSTER, mobz:iron_steve, 30, 1, 1
1364, desert, minecraft:desert, MONSTER, mobz:lost_skeleton, 70, 1, 1
1365, desert, minecraft:desert, MONSTER, mobz:overgrown_skeleton, 15, 2, 4
1366, desert, minecraft:desert, MONSTER, mobz:purple_spider, 15, 1, 4
1367, desert, minecraft:desert, MONSTER, mobz:tank_zombie, 30, 1, 2
1368, desert, minecraft:desert, MONSTER, mobz:templar, 40, 1, 1
1369, desert, minecraft:desert, MONSTER, mobz:warrior, 10, 1, 2
1370, desert, minecraft:desert, MONSTER, mobz:zombie_mage, 70, 1, 1
1371, desert, minecraft:desert, MONSTER, specialmobs:endercreeper, 10, 1, 4
1372, desert, minecraft:desert, MONSTER, ddenizens:spectator, 25, 1, 1
1373, desert, minecraft:desert, MONSTER, creatures_expanded:tremorgue, 25, 1, 2
1374, desert, minecraft:desert, MONSTER, creatures_expanded:undead_necromancer, 35, 1, 1
1375, desert, minecraft:desert, MONSTER, ddenizens:winged_skeleton, 70, 1, 1
1376, desert, minecraft:desert, MONSTER, pumpeddesertremake:sand_storm, 40, 1, 1
1377, desert, minecraft:desert, MONSTER, specialmobs:giantskeleton, 70, 1, 1
1378, desert, minecraft:desert, MONSTER, mobz:small_zombie, 70, 1, 1
1379, desert, minecraft:desert, MONSTER, mocreatures:undeadscorpion, 50, 1, 1
1380, desert, minecraft:desert, MONSTER, mobz:bigboss, 50, 1, 1
1381, desert, minecraft:desert, MONSTER, specialmobs:bruteskeleton, 70, 1, 1
1382, desert, minecraft:desert, MONSTER, specialmobs:gatlingskeleton, 70, 1, 1
1383, desert, minecraft:desert, MONSTER, specialmobs:knightskeleton, 70, 1, 1
1384, desert, minecraft:desert, MONSTER, specialmobs:ninjaskeleton, 70, 1, 1
1385, desert, minecraft:desert, MONSTER, specialmobs:sniperskeleton, 70, 1, 1
1386, desert, minecraft:desert, MONSTER, specialmobs:brutezombie, 70, 1, 1
1387, desert, minecraft:desert, MONSTER, specialmobs:plaguezombie, 70, 1, 1
1388, desert, minecraft:desert, MONSTER, specialmobs:fishingzombie, 70, 1, 1
1389, desert, minecraft:desert, MONSTER, specialmobs:hungryzombie, 70, 1, 1
1390, desert, minecraft:desert, MONSTER, specialmobs:minicreeper, 40, 1, 1
1391, desert, minecraft:desert, MONSTER, specialmobs:desertspider, 40, 1, 1
1392, desert, minecraft:desert, MONSTER, specialmobs:desertcavespider, 40, 1, 1
1393, desert, minecraft:desert, MONSTER, specialmobs:infernoblaze, 40, 1, 1
1394, desert, minecraft:desert, MONSTER, threateningly_mobs:solscarab_maximus, 20, 1, 1
1395, desert, minecraft:desert, CREATURE, threateningly_mobs:flame_horn_re, 15, 1, 1
1396, desert, minecraft:desert, CREATURE, cold_sweat:chameleon, 10, 1, 1
1397, desert, minecraft:desert, CREATURE, mocreatures:lion, 10, 1, 3
1398, desert, minecraft:desert, CREATURE, mocreatures:elephant, 10, 1, 2
1399, desert, minecraft:desert, CREATURE, mocreatures:ostrich, 10, 1, 1
1400, desert, minecraft:desert, CREATURE, mocreatures:snake, 14, 1, 2
1401, desert, minecraft:desert, CREATURE, mocreatures:filchlizard, 10, 1, 2
1402, desert, minecraft:desert, CREATURE, mobz:brown_bear, 30, 2, 3
1403, desert, minecraft:desert, CREATURE, mobz:dirty_boar, 10, 1, 3
1404, desert, minecraft:desert, CREATURE, mobz:fiora, 10, 1, 1
1405, desert, minecraft:desert, CREATURE, mobz:golden_chicken, 10, 1, 2
1406, desert, minecraft:desert, CREATURE, mobz:katherine, 10, 1, 1
1407, desert, minecraft:desert, CREATURE, mobz:wild_boar, 10, 2, 4
1408, desert, minecraft:desert, AMBIENT, ddenizens:boulder, 35, 1, 1
1409, desert, minecraft:desert, AMBIENT, pumpeddesertremake:cactus_chekflower, 10, 1, 1
1410, desert, minecraft:desert, AMBIENT, pumpeddesertremake:fennec, 20, 4, 4
1411, desert, minecraft:desert, AMBIENT, mocreatures:roach, 10, 1, 2
1412, desert, minecraft:desert, AMBIENT, mocreatures:ant, 12, 1, 4
1413, desert, minecraft:desert, AMBIENT, pumpeddesertremake:ostrich, 10, 4, 4
1414, desert, minecraft:desert, AMBIENT, pumpeddesertremake:rihno, 10, 4, 4
1415, desert, minecraft:desert, AMBIENT, pumpeddesertremake:saxul_jay, 10, 2, 2
1416, desert, minecraft:desert, AMBIENT, pumpeddesertremake:scorpion, 10, 4, 4
1417, desert, minecraft:desert, AMBIENT, pumpeddesertremake:snake, 10, 1, 1
1418, desert, minecraft:desert, AMBIENT, mobz:tiny_spider, 10, 1, 1
1419, desert, minecraft:desert, AMBIENT, pumpeddesertremake:the_desert_western_gopher, 10, 4, 4
1420, none, threateningly_mobs:distortion_land, MONSTER, creatures_expanded:abomination, 20, 1, 1
1421, none, threateningly_mobs:distortion_land, MONSTER, alexsmobs:farseer, 30, 1, 1
1422, none, threateningly_mobs:distortion_land, MONSTER, born_in_chaos_v1:baby_skeleton, 25, 1, 2
1423, none, threateningly_mobs:distortion_land, MONSTER, born_in_chaos_v1:baby_spider, 16, 3, 5
1424, none, threateningly_mobs:distortion_land, MONSTER, born_in_chaos_v1:barrel_zombie, 25, 1, 1
1425, none, threateningly_mobs:distortion_land, MONSTER, quark:stoneling, 80, 1, 1
1426, none, threateningly_mobs:distortion_land, MONSTER, quark:toretoise, 80, 2, 4
1427, none, threateningly_mobs:distortion_land, MONSTER, born_in_chaos_v1:bloody_gadfly, 15, 1, 1
1428, none, threateningly_mobs:distortion_land, MONSTER, ophidiophobia:bone_snake, 25, 2, 4
1429, none, threateningly_mobs:distortion_land, MONSTER, born_in_chaos_v1:bonescaller, 11, 1, 1
1430, none, threateningly_mobs:distortion_land, MONSTER, creatures_expanded:brood_spider, 35, 1, 1
1431, none, threateningly_mobs:distortion_land, MONSTER, lummobs:cacus, 10, 1, 4
1432, none, threateningly_mobs:distortion_land, MONSTER, lummobs:cannon_head, 3, 1, 1
1433, none, threateningly_mobs:distortion_land, MONSTER, born_in_chaos_v1:corpse_fly, 12, 1, 3
1434, none, threateningly_mobs:distortion_land, MONSTER, creatures_expanded:crumbling_skeleton, 55, 1, 3
1435, none, threateningly_mobs:distortion_land, MONSTER, creatures_expanded:crystalline_golem, 20, 1, 1
1436, none, threateningly_mobs:distortion_land, MONSTER, creatures_expanded:crystalline_spider, 45, 1, 3
1437, none, threateningly_mobs:distortion_land, MONSTER, born_in_chaos_v1:dark_vortex, 14, 1, 1
1438, none, threateningly_mobs:distortion_land, MONSTER, born_in_chaos_v1:decaying_zombie, 30, 1, 1
1439, none, threateningly_mobs:distortion_land, MONSTER, born_in_chaos_v1:decrepit_skeleton, 20, 1, 1
1440, none, threateningly_mobs:distortion_land, MONSTER, threateningly_mobs:devourer, 12, 1, 2
1441, none, threateningly_mobs:distortion_land, MONSTER, vvariants_of_titans:diabloni, 35, 1, 3
1442, none, threateningly_mobs:distortion_land, MONSTER, born_in_chaos_v1:dire_hound_leader, 4, 1, 1
1443, none, threateningly_mobs:distortion_land, MONSTER, born_in_chaos_v1:door_knight, 13, 1, 1
1444, none, threateningly_mobs:distortion_land, MONSTER, born_in_chaos_v1:dread_hound, 15, 3, 5
1445, none, threateningly_mobs:distortion_land, MONSTER, creatures_expanded:embersmog, 40, 1, 3
1446, none, threateningly_mobs:distortion_land, MONSTER, born_in_chaos_v1:fallen_chaos_knight, 5, 1, 1
1447, none, threateningly_mobs:distortion_land, MONSTER, creatures_expanded:fungal_ghoul, 60, 1, 2
1448, none, threateningly_mobs:distortion_land, MONSTER, creatures_expanded:gargoyle, 50, 1, 3
1449, none, threateningly_mobs:distortion_land, MONSTER, creatures_expanded:gloomknight, 15, 1, 1
1450, none, threateningly_mobs:distortion_land, MONSTER, creatures_expanded:gloomweaver, 30, 1, 2
1451, none, threateningly_mobs:distortion_land, MONSTER, creatures_expanded:gnasheart, 60, 1, 4
1452, none, threateningly_mobs:distortion_land, MONSTER, creatures_expanded:graven, 36, 3, 5
1453, none, threateningly_mobs:distortion_land, MONSTER, born_in_chaos_v1:krampus, 2, 1, 1
1454, none, threateningly_mobs:distortion_land, MONSTER, born_in_chaos_v1:krampus_henchman, 9, 2, 3
1455, none, threateningly_mobs:distortion_land, MONSTER, born_in_chaos_v1:lifestealer, 3, 1, 1
1456, none, threateningly_mobs:distortion_land, MONSTER, aam:metalplate_wanderer, 20, 1, 1
1457, none, threateningly_mobs:distortion_land, MONSTER, born_in_chaos_v1:missioner, 4, 1, 1
1458, none, threateningly_mobs:distortion_land, MONSTER, creatures_expanded:miststalker, 40, 1, 1
1459, none, threateningly_mobs:distortion_land, MONSTER, from_hell_rewritten:molotov_creeper, 45, 1, 1
1460, none, threateningly_mobs:distortion_land, MONSTER, born_in_chaos_v1:mother_spider, 15, 1, 1
1461, none, threateningly_mobs:distortion_land, MONSTER, mowziesmobs:grottol, 2, 1, 1
1462, none, threateningly_mobs:distortion_land, MONSTER, born_in_chaos_v1:mr_pumpkin, 15, 1, 3
1463, none, threateningly_mobs:distortion_land, MONSTER, born_in_chaos_v1:mrs_pumpkin, 13, 1, 1
1464, none, threateningly_mobs:distortion_land, MONSTER, threateningly_mobs:nibbler, 48, 1, 4
1465, none, threateningly_mobs:distortion_land, MONSTER, born_in_chaos_v1:nightmare_stalker, 4, 1, 1
1466, none, threateningly_mobs:distortion_land, MONSTER, vvariants_of_titans:parah, 55, 1, 4
1467, none, threateningly_mobs:distortion_land, MONSTER, born_in_chaos_v1:phantom_creeper, 8, 1, 1
1468, none, threateningly_mobs:distortion_land, MONSTER, aam:possessed_sword, 50, 1, 2
1469, none, threateningly_mobs:distortion_land, MONSTER, creatures_expanded:prosperisher_zombie, 50, 1, 2
1470, none, threateningly_mobs:distortion_land, MONSTER, born_in_chaos_v1:pumpkin_bruiser, 10, 1, 1
1471, none, threateningly_mobs:distortion_land, MONSTER, lummobs:purpleguy, 5, 1, 1
1472, none, threateningly_mobs:distortion_land, MONSTER, born_in_chaos_v1:restless_spirit, 20, 1, 1
1473, none, threateningly_mobs:distortion_land, MONSTER, vvariants_of_titans:rzombs, 15, 1, 1
1474, none, threateningly_mobs:distortion_land, MONSTER, born_in_chaos_v1:senor_pumpkin, 10, 1, 2
1475, none, threateningly_mobs:distortion_land, MONSTER, creatures_expanded:shadowfiend, 35, 1, 2
1476, none, threateningly_mobs:distortion_land, MONSTER, born_in_chaos_v1:siamese_skeletons, 16, 1, 1
1477, none, threateningly_mobs:distortion_land, MONSTER, born_in_chaos_v1:sir_pumpkinhead, 4, 1, 1
1478, none, threateningly_mobs:distortion_land, MONSTER, born_in_chaos_v1:skeleton_demoman, 12, 1, 1
1479, none, threateningly_mobs:distortion_land, MONSTER, threateningly_mobs:skeleton_predator, 2, 1, 1
1480, none, threateningly_mobs:distortion_land, MONSTER, born_in_chaos_v1:skeleton_thrasher, 8, 1, 1
1481, none, threateningly_mobs:distortion_land, MONSTER, lummobs:slabturtle_2, 15, 1, 3
1482, none, threateningly_mobs:distortion_land, MONSTER, born_in_chaos_v1:spirit_guide_assistant, 9, 2, 2
1483, none, threateningly_mobs:distortion_land, MONSTER, born_in_chaos_v1:spirit_guide, 16, 1, 1
1484, none, threateningly_mobs:distortion_land, MONSTER, born_in_chaos_v1:spiritof_chaos, 8, 1, 1
1485, none, threateningly_mobs:distortion_land, MONSTER, born_in_chaos_v1:supreme_bonescaller, 1, 1, 1
1486, none, threateningly_mobs:distortion_land, MONSTER, born_in_chaos_v1:swarmer, 11, 1, 1
1487, none, threateningly_mobs:distortion_land, MONSTER, creatures_expanded:tremorgue, 25, 1, 2
1488, none, threateningly_mobs:distortion_land, MONSTER, creatures_expanded:undead_necromancer, 35, 1, 1
1489, none, threateningly_mobs:distortion_land, MONSTER, born_in_chaos_v1:zombie_bruiser, 16, 1, 1
1490, none, threateningly_mobs:distortion_land, MONSTER, born_in_chaos_v1:zombie_clown, 8, 1, 1
1491, none, threateningly_mobs:distortion_land, MONSTER, born_in_chaos_v1:zombie_fisherman, 30, 1, 1
1492, none, threateningly_mobs:distortion_land, MONSTER, born_in_chaos_v1:zombie_lumberjack, 25, 1, 1
1493, none, threateningly_mobs:distortion_land, MONSTER, zombie_mobs:zombiechicken, 20, 4, 6
1494, none, threateningly_mobs:distortion_land, MONSTER, zombie_mobs:zombiecow, 20, 4, 4
1495, none, threateningly_mobs:distortion_land, MONSTER, zombie_mobs:zombiepig, 20, 3, 3
1496, none, threateningly_mobs:distortion_land, CREATURE, born_in_chaos_v1:thornshell_crab, 8, 1, 1
1497, none, threateningly_mobs:distortion_land, WATER_CREATURE, born_in_chaos_v1:corpse_fish, 7, 3, 5
1498, none, threateningly_mobs:distortion_land, WATER_CREATURE, born_in_chaos_v1:glutton_fish, 2, 1, 1
1499, none, minecraft:dripstone_caves, MONSTER, creatures_expanded:abomination, 20, 1, 1
1500, none, minecraft:dripstone_caves, MONSTER, knights:archer, 40, 2, 3
1501, none, minecraft:dripstone_caves, MONSTER, ddenizens:beholder, 10, 1, 1
1502, none, minecraft:dripstone_caves, MONSTER, creatures_expanded:brood_spider, 35, 1, 1
1503, none, minecraft:dripstone_caves, MONSTER, threateningly_mobs:cave_hunter, 12, 1, 1
1504, none, minecraft:dripstone_caves, MONSTER, creatures_expanded:crumbling_skeleton, 50, 1, 1
1505, none, minecraft:dripstone_caves, MONSTER, creatures_expanded:crystalline_golem, 20, 1, 1
1506, none, minecraft:dripstone_caves, MONSTER, creatures_expanded:crystalline_spider, 45, 1, 3
1507, none, minecraft:dripstone_caves, MONSTER, ddenizens:daemon, 10, 1, 1
1508, none, minecraft:dripstone_caves, MONSTER, ddenizens:death_tyrant, 10, 1, 1
1509, none, minecraft:dripstone_caves, MONSTER, threateningly_mobs:elite_zombie_warrior, 10, 1, 2
1510, none, minecraft:dripstone_caves, MONSTER, creatures_expanded:embersmog, 40, 1, 3
1511, none, minecraft:dripstone_caves, MONSTER, ddenizens:fossilized_skeleton, 25, 1, 2
1512, none, minecraft:dripstone_caves, MONSTER, creatures_expanded:fungal_ghoul, 60, 1, 2
1513, none, minecraft:dripstone_caves, MONSTER, creatures_expanded:gargoyle, 50, 1, 3
1514, none, minecraft:dripstone_caves, MONSTER, ddenizens:gazer, 25, 1, 1
1515, none, minecraft:dripstone_caves, MONSTER, ddenizens:ghoul, 25, 1, 1
1516, none, minecraft:dripstone_caves, MONSTER, creatures_expanded:gilded_zombie, 55, 1, 3
1517, none, minecraft:dripstone_caves, MONSTER, creatures_expanded:gloomknight, 5, 1, 1
1518, none, minecraft:dripstone_caves, MONSTER, creatures_expanded:gloomweaver, 30, 1, 2
1519, none, minecraft:dripstone_caves, MONSTER, creatures_expanded:gnasheart, 60, 1, 4
1520, none, minecraft:dripstone_caves, MONSTER, creatures_expanded:graven, 36, 3, 5
1521, none, minecraft:dripstone_caves, MONSTER, ddenizens:headless, 40, 1, 1
1522, none, minecraft:dripstone_caves, MONSTER, knights:heavyknight, 40, 1, 1
1523, none, minecraft:dripstone_caves, MONSTER, ddenizens:iron_skeleton, 15, 1, 1
1524, none, minecraft:dripstone_caves, MONSTER, creatures_expanded:kamikaze_creeper, 45, 1, 2
1525, none, minecraft:dripstone_caves, MONSTER, knights:knight, 50, 3, 5
1526, none, minecraft:dripstone_caves, MONSTER, threateningly_mobs:lich_re, 10, 1, 1
1527, none, minecraft:dripstone_caves, MONSTER, ddenizens:magma_skeleton, 40, 1, 1
1528, none, minecraft:dripstone_caves, MONSTER, creatures_expanded:miststalker, 40, 1, 1
1529, none, minecraft:dripstone_caves, MONSTER, threateningly_mobs:moon_priest, 10, 1, 1
1530, none, minecraft:dripstone_caves, MONSTER, fantasyfauna:mushcap_glowing, 50, 2, 4
1531, none, minecraft:dripstone_caves, MONSTER, knights:noble, 50, 1, 1
1532, none, minecraft:dripstone_caves, MONSTER, ddenizens:orc, 35, 1, 1
1533, none, minecraft:dripstone_caves, MONSTER, threateningly_mobs:ore_drill, 32, 1, 1
1534, none, minecraft:dripstone_caves, MONSTER, mobz:tank_zombie, 10, 1, 1
1535, none, minecraft:dripstone_caves, MONSTER, knights:peasant, 60, 2, 3
1536, none, minecraft:dripstone_caves, MONSTER, fantasyfauna:possessed_armor, 20, 1, 1
1537, none, minecraft:dripstone_caves, MONSTER, creatures_expanded:prosperisher_zombie, 50, 1, 2
1538, none, minecraft:dripstone_caves, MONSTER, ddenizens:shadow, 30, 1, 1
1539, none, minecraft:dripstone_caves, MONSTER, creatures_expanded:shadowfiend, 35, 1, 2
1540, none, minecraft:dripstone_caves, MONSTER, ddenizens:shadowlord, 15, 1, 1
1541, none, minecraft:dripstone_caves, MONSTER, ddenizens:skeleton_warrior, 50, 1, 2
1542, none, minecraft:dripstone_caves, MONSTER, mobz:armored_zombie, 70, 1, 1
1543, none, minecraft:dripstone_caves, MONSTER, mobz:blue_spider, 20, 2, 3
1544, none, minecraft:dripstone_caves, MONSTER, mobz:bowman, 50, 1, 2
1545, none, minecraft:dripstone_caves, MONSTER, mobz:dwarf, 10, 1, 1
1546, none, minecraft:dripstone_caves, MONSTER, mobz:fast_zombie, 70, 1, 1
1547, none, minecraft:dripstone_caves, MONSTER, mobz:honey_slime, 10, 1, 1
1548, none, minecraft:dripstone_caves, MONSTER, mobz:iron_steve, 30, 1, 1
1549, none, minecraft:dripstone_caves, MONSTER, mobz:lost_skeleton, 70, 1, 1
1550, none, minecraft:dripstone_caves, MONSTER, mobz:overgrown_skeleton, 15, 2, 4
1551, none, minecraft:dripstone_caves, MONSTER, mobz:purple_spider, 15, 1, 4
1552, none, minecraft:dripstone_caves, MONSTER, mobz:tank_zombie, 30, 1, 2
1553, none, minecraft:dripstone_caves, MONSTER, mobz:templar, 40, 1, 1
1554, none, minecraft:dripstone_caves, MONSTER, mobz:warrior, 10, 1, 2
1555, none, minecraft:dripstone_caves, MONSTER, mobz:zombie_mage, 70, 1, 1
1556, none, minecraft:dripstone_caves, MONSTER, specialmobs:endercreeper, 10, 1, 4
1557, none, minecraft:dripstone_caves, MONSTER, ddenizens:spectator, 25, 1, 1
1558, none, minecraft:dripstone_caves, MONSTER, creatures_expanded:tremorgue, 25, 1, 2
1559, none, minecraft:dripstone_caves, MONSTER, creatures_expanded:undead_necromancer, 35, 1, 1
1560, none, minecraft:dripstone_caves, MONSTER, ddenizens:winged_skeleton, 70, 1, 1
1561, none, minecraft:dripstone_caves, MONSTER, specialmobs:bruteskeleton, 70, 1, 1
1562, none, minecraft:dripstone_caves, MONSTER, specialmobs:gatlingskeleton, 70, 1, 1
1563, none, minecraft:dripstone_caves, MONSTER, specialmobs:knightskeleton, 70, 1, 1
1564, none, minecraft:dripstone_caves, MONSTER, specialmobs:ninjaskeleton, 70, 1, 1
1565, none, minecraft:dripstone_caves, MONSTER, specialmobs:sniperskeleton, 70, 1, 1
1566, none, minecraft:dripstone_caves, MONSTER, specialmobs:brutezombie, 70, 1, 1
1567, none, minecraft:dripstone_caves, MONSTER, specialmobs:plaguezombie, 70, 1, 1
1568, none, minecraft:dripstone_caves, MONSTER, specialmobs:fishingzombie, 70, 1, 1
1569, none, minecraft:dripstone_caves, MONSTER, specialmobs:hungryzombie, 70, 1, 1
1570, none, minecraft:dripstone_caves, MONSTER, specialmobs:minicreeper, 40, 1, 1
1571, none, minecraft:dripstone_caves, CREATURE, mobz:brown_bear, 30, 2, 3
1572, none, minecraft:dripstone_caves, CREATURE, mobz:dirty_boar, 10, 1, 3
1573, none, minecraft:dripstone_caves, CREATURE, mobz:fiora, 10, 1, 1
1574, none, minecraft:dripstone_caves, CREATURE, mobz:golden_chicken, 10, 1, 2
1575, none, minecraft:dripstone_caves, CREATURE, mobz:katherine, 10, 1, 1
1576, none, minecraft:dripstone_caves, CREATURE, mobz:wild_boar, 10, 2, 4
1577, none, minecraft:dripstone_caves, AMBIENT, ddenizens:boulder, 35, 1, 1
1578, none, minecraft:dripstone_caves, AMBIENT, mocreatures:ant, 12, 1, 4
1579, none, minecraft:dripstone_caves, AMBIENT, mobz:tiny_spider, 10, 1, 1
1580, the_end, minecraft:end_barrens, MONSTER, creatures_expanded:abomination, 20, 1, 1
1581, the_end, minecraft:end_barrens, MONSTER, creatures_expanded:brood_spider, 35, 1, 1
1582, the_end, minecraft:end_barrens, MONSTER, creatures_expanded:crumbling_skeleton, 50, 1, 1
1583, the_end, minecraft:end_barrens, MONSTER, creatures_expanded:crystalline_golem, 20, 1, 1
1584, the_end, minecraft:end_barrens, MONSTER, creatures_expanded:crystalline_spider, 45, 1, 3
1585, the_end, minecraft:end_barrens, MONSTER, creatures_expanded:embersmog, 40, 1, 3
1586, the_end, minecraft:end_barrens, MONSTER, creatures_expanded:fungal_ghoul, 60, 1, 2
1587, the_end, minecraft:end_barrens, MONSTER, creatures_expanded:gargoyle, 50, 1, 3
1588, the_end, minecraft:end_barrens, MONSTER, creatures_expanded:gloomknight, 5, 1, 1
1589, the_end, minecraft:end_barrens, MONSTER, creatures_expanded:gloomweaver, 30, 1, 2
1590, the_end, minecraft:end_barrens, MONSTER, creatures_expanded:gnasheart, 60, 1, 4
1591, the_end, minecraft:end_barrens, MONSTER, creatures_expanded:graven, 36, 3, 5
1592, the_end, minecraft:end_barrens, MONSTER, creatures_expanded:miststalker, 40, 1, 1
1593, the_end, minecraft:end_barrens, MONSTER, fantasyfauna:possessed_armor, 20, 1, 1
1594, the_end, minecraft:end_barrens, MONSTER, creatures_expanded:prosperisher_zombie, 50, 1, 2
1595, the_end, minecraft:end_barrens, MONSTER, creatures_expanded:shadowfiend, 35, 1, 2
1596, the_end, minecraft:end_barrens, MONSTER, mobz:ender, 10, 1, 3
1597, the_end, minecraft:end_barrens, MONSTER, mobz:ender_knight, 10, 1, 1
1598, the_end, minecraft:end_barrens, MONSTER, mobz:ender_zombie, 10, 1, 3
1599, the_end, minecraft:end_barrens, MONSTER, specialmobs:endercreeper, 10, 4, 4
1600, the_end, minecraft:end_barrens, MONSTER, creatures_expanded:tremorgue, 25, 1, 2
1601, the_end, minecraft:end_barrens, MONSTER, creatures_expanded:undead_necromancer, 35, 1, 1
1602, the_end, minecraft:end_barrens, MONSTER, specialmobs:bruteskeleton, 70, 1, 1
1603, the_end, minecraft:end_barrens, MONSTER, specialmobs:gatlingskeleton, 70, 1, 1
1604, the_end, minecraft:end_barrens, MONSTER, specialmobs:knightskeleton, 70, 1, 1
1605, the_end, minecraft:end_barrens, MONSTER, specialmobs:ninjaskeleton, 70, 1, 1
1606, the_end, minecraft:end_barrens, MONSTER, specialmobs:sniperskeleton, 70, 1, 1
1607, the_end, minecraft:end_barrens, MONSTER, specialmobs:brutezombie, 70, 1, 1
1608, the_end, minecraft:end_barrens, MONSTER, specialmobs:plaguezombie, 70, 1, 1
1609, the_end, minecraft:end_barrens, MONSTER, specialmobs:fishingzombie, 70, 1, 1
1610, the_end, minecraft:end_barrens, MONSTER, specialmobs:hungryzombie, 70, 1, 1
1611, the_end, minecraft:end_barrens, MONSTER, specialmobs:minicreeper, 40, 1, 1
1612, the_end, minecraft:end_highlands, MONSTER, creatures_expanded:abomination, 20, 1, 1
1613, the_end, minecraft:end_highlands, MONSTER, creatures_expanded:brood_spider, 35, 1, 1
1614, the_end, minecraft:end_highlands, MONSTER, creatures_expanded:crumbling_skeleton, 50, 1, 1
1615, the_end, minecraft:end_highlands, MONSTER, creatures_expanded:crystalline_golem, 20, 1, 1
1616, the_end, minecraft:end_highlands, MONSTER, creatures_expanded:crystalline_spider, 45, 1, 3
1617, the_end, minecraft:end_highlands, MONSTER, creatures_expanded:embersmog, 40, 1, 3
1618, the_end, minecraft:end_highlands, MONSTER, creatures_expanded:fungal_ghoul, 60, 1, 2
1619, the_end, minecraft:end_highlands, MONSTER, creatures_expanded:gargoyle, 50, 1, 3
1620, the_end, minecraft:end_highlands, MONSTER, creatures_expanded:gloomknight, 5, 1, 1
1621, the_end, minecraft:end_highlands, MONSTER, creatures_expanded:gloomweaver, 30, 1, 2
1622, the_end, minecraft:end_highlands, MONSTER, creatures_expanded:gnasheart, 60, 1, 4
1623, the_end, minecraft:end_highlands, MONSTER, creatures_expanded:graven, 36, 3, 5
1624, the_end, minecraft:end_highlands, MONSTER, creatures_expanded:miststalker, 40, 1, 1
1625, the_end, minecraft:end_highlands, MONSTER, fantasyfauna:possessed_armor, 20, 1, 1
1626, the_end, minecraft:end_highlands, MONSTER, creatures_expanded:prosperisher_zombie, 50, 1, 2
1627, the_end, minecraft:end_highlands, MONSTER, creatures_expanded:shadowfiend, 35, 1, 2
1628, the_end, minecraft:end_highlands, MONSTER, mobz:ender, 10, 1, 3
1629, the_end, minecraft:end_highlands, MONSTER, mobz:ender_knight, 10, 1, 1
1630, the_end, minecraft:end_highlands, MONSTER, mobz:ender_zombie, 10, 1, 3
1631, the_end, minecraft:end_highlands, MONSTER, specialmobs:endercreeper, 10, 4, 4
1632, the_end, minecraft:end_highlands, MONSTER, creatures_expanded:tremorgue, 25, 1, 2
1633, the_end, minecraft:end_highlands, MONSTER, creatures_expanded:undead_necromancer, 35, 1, 1
1634, the_end, minecraft:end_highlands, MONSTER, specialmobs:bruteskeleton, 70, 1, 1
1635, the_end, minecraft:end_highlands, MONSTER, specialmobs:gatlingskeleton, 70, 1, 1
1636, the_end, minecraft:end_highlands, MONSTER, specialmobs:knightskeleton, 70, 1, 1
1637, the_end, minecraft:end_highlands, MONSTER, specialmobs:ninjaskeleton, 70, 1, 1
1638, the_end, minecraft:end_highlands, MONSTER, specialmobs:sniperskeleton, 70, 1, 1
1639, the_end, minecraft:end_highlands, MONSTER, specialmobs:brutezombie, 70, 1, 1
1640, the_end, minecraft:end_highlands, MONSTER, specialmobs:plaguezombie, 70, 1, 1
1641, the_end, minecraft:end_highlands, MONSTER, specialmobs:fishingzombie, 70, 1, 1
1642, the_end, minecraft:end_highlands, MONSTER, specialmobs:hungryzombie, 70, 1, 1
1643, the_end, minecraft:end_highlands, MONSTER, specialmobs:minicreeper, 40, 1, 1
1644, the_end, minecraft:end_midlands, MONSTER, creatures_expanded:abomination, 20, 1, 1
1645, the_end, minecraft:end_midlands, MONSTER, creatures_expanded:brood_spider, 35, 1, 1
1646, the_end, minecraft:end_midlands, MONSTER, creatures_expanded:crumbling_skeleton, 50, 1, 1
1647, the_end, minecraft:end_midlands, MONSTER, creatures_expanded:crystalline_golem, 20, 1, 1
1648, the_end, minecraft:end_midlands, MONSTER, creatures_expanded:crystalline_spider, 45, 1, 3
1649, the_end, minecraft:end_midlands, MONSTER, creatures_expanded:embersmog, 40, 1, 3
1650, the_end, minecraft:end_midlands, MONSTER, creatures_expanded:fungal_ghoul, 60, 1, 2
1651, the_end, minecraft:end_midlands, MONSTER, creatures_expanded:gargoyle, 50, 1, 3
1652, the_end, minecraft:end_midlands, MONSTER, creatures_expanded:gloomknight, 5, 1, 1
1653, the_end, minecraft:end_midlands, MONSTER, creatures_expanded:gloomweaver, 30, 1, 2
1654, the_end, minecraft:end_midlands, MONSTER, creatures_expanded:gnasheart, 60, 1, 4
1655, the_end, minecraft:end_midlands, MONSTER, creatures_expanded:graven, 36, 3, 5
1656, the_end, minecraft:end_midlands, MONSTER, creatures_expanded:miststalker, 40, 1, 1
1657, the_end, minecraft:end_midlands, MONSTER, fantasyfauna:possessed_armor, 20, 1, 1
1658, the_end, minecraft:end_midlands, MONSTER, creatures_expanded:prosperisher_zombie, 50, 1, 2
1659, the_end, minecraft:end_midlands, MONSTER, creatures_expanded:shadowfiend, 35, 1, 2
1660, the_end, minecraft:end_midlands, MONSTER, mobz:ender, 10, 1, 3
1661, the_end, minecraft:end_midlands, MONSTER, mobz:ender_knight, 10, 1, 1
1662, the_end, minecraft:end_midlands, MONSTER, mobz:ender_zombie, 10, 1, 3
1663, the_end, minecraft:end_midlands, MONSTER, specialmobs:endercreeper, 10, 4, 4
1664, the_end, minecraft:end_midlands, MONSTER, creatures_expanded:tremorgue, 25, 1, 2
1665, the_end, minecraft:end_midlands, MONSTER, creatures_expanded:undead_necromancer, 35, 1, 1
1666, the_end, minecraft:end_midlands, MONSTER, specialmobs:bruteskeleton, 70, 1, 1
1667, the_end, minecraft:end_midlands, MONSTER, specialmobs:gatlingskeleton, 70, 1, 1
1668, the_end, minecraft:end_midlands, MONSTER, specialmobs:knightskeleton, 70, 1, 1
1669, the_end, minecraft:end_midlands, MONSTER, specialmobs:ninjaskeleton, 70, 1, 1
1670, the_end, minecraft:end_midlands, MONSTER, specialmobs:sniperskeleton, 70, 1, 1
1671, the_end, minecraft:end_midlands, MONSTER, specialmobs:brutezombie, 70, 1, 1
1672, the_end, minecraft:end_midlands, MONSTER, specialmobs:plaguezombie, 70, 1, 1
1673, the_end, minecraft:end_midlands, MONSTER, specialmobs:fishingzombie, 70, 1, 1
1674, the_end, minecraft:end_midlands, MONSTER, specialmobs:hungryzombie, 70, 1, 1
1675, the_end, minecraft:end_midlands, MONSTER, specialmobs:minicreeper, 40, 1, 1
1676, badlands, minecraft:eroded_badlands, MONSTER, creatures_expanded:abomination, 20, 1, 1
1677, badlands, minecraft:eroded_badlands, MONSTER, knights:archer, 40, 2, 3
1678, badlands, minecraft:eroded_badlands, MONSTER, threateningly_mobs:armor_desert, 60, 1, 1
1679, badlands, minecraft:eroded_badlands, MONSTER, threateningly_mobs:basalt_wyvern, 10, 1, 1
1680, badlands, minecraft:eroded_badlands, MONSTER, ddenizens:beholder, 10, 1, 1
1681, badlands, minecraft:eroded_badlands, MONSTER, creatures_expanded:brood_spider, 35, 1, 1
1682, badlands, minecraft:eroded_badlands, MONSTER, threateningly_mobs:cave_hunter, 12, 1, 1
1683, badlands, minecraft:eroded_badlands, MONSTER, creatures_expanded:crumbling_skeleton, 50, 1, 1
1684, badlands, minecraft:eroded_badlands, MONSTER, creatures_expanded:crystalline_golem, 20, 1, 1
1685, badlands, minecraft:eroded_badlands, MONSTER, creatures_expanded:crystalline_spider, 45, 1, 3
1686, badlands, minecraft:eroded_badlands, MONSTER, ddenizens:daemon, 10, 1, 1
1687, badlands, minecraft:eroded_badlands, MONSTER, ddenizens:death_tyrant, 10, 1, 1
1688, badlands, minecraft:eroded_badlands, MONSTER, threateningly_mobs:dracoscorpius, 40, 1, 2
1689, badlands, minecraft:eroded_badlands, MONSTER, threateningly_mobs:elite_zombie_warrior, 10, 1, 2
1690, badlands, minecraft:eroded_badlands, MONSTER, creatures_expanded:embersmog, 40, 1, 3
1691, badlands, minecraft:eroded_badlands, MONSTER, ddenizens:fossilized_skeleton, 25, 1, 2
1692, badlands, minecraft:eroded_badlands, MONSTER, creatures_expanded:fungal_ghoul, 60, 1, 2
1693, badlands, minecraft:eroded_badlands, MONSTER, creatures_expanded:gargoyle, 50, 1, 3
1694, badlands, minecraft:eroded_badlands, MONSTER, ddenizens:gazer, 25, 1, 1
1695, badlands, minecraft:eroded_badlands, MONSTER, ddenizens:ghoul, 25, 1, 1
1696, badlands, minecraft:eroded_badlands, MONSTER, creatures_expanded:gilded_zombie, 55, 1, 3
1697, badlands, minecraft:eroded_badlands, MONSTER, creatures_expanded:gloomknight, 5, 1, 1
1698, badlands, minecraft:eroded_badlands, MONSTER, creatures_expanded:gloomweaver, 30, 1, 2
1699, badlands, minecraft:eroded_badlands, MONSTER, creatures_expanded:gnasheart, 60, 1, 4
1700, badlands, minecraft:eroded_badlands, MONSTER, creatures_expanded:graven, 36, 3, 5
1701, badlands, minecraft:eroded_badlands, MONSTER, ddenizens:headless, 40, 1, 1
1702, badlands, minecraft:eroded_badlands, MONSTER, knights:heavyknight, 40, 1, 1
1703, badlands, minecraft:eroded_badlands, MONSTER, ddenizens:iron_skeleton, 15, 1, 1
1704, badlands, minecraft:eroded_badlands, MONSTER, creatures_expanded:kamikaze_creeper, 45, 1, 2
1705, badlands, minecraft:eroded_badlands, MONSTER, knights:knight, 50, 3, 5
1706, badlands, minecraft:eroded_badlands, MONSTER, threateningly_mobs:lich_re, 10, 1, 1
1707, badlands, minecraft:eroded_badlands, MONSTER, ddenizens:magma_skeleton, 40, 1, 1
1708, badlands, minecraft:eroded_badlands, MONSTER, creatures_expanded:miststalker, 40, 1, 1
1709, badlands, minecraft:eroded_badlands, MONSTER, mocreatures:biggolem, 10, 1, 1
1710, badlands, minecraft:eroded_badlands, MONSTER, mocreatures:rat, 10, 1, 2
1711, badlands, minecraft:eroded_badlands, MONSTER, mocreatures:dirtscorpion, 10, 1, 3
1712, badlands, minecraft:eroded_badlands, MONSTER, mocreatures:minigolem, 40, 1, 1
1713, badlands, minecraft:eroded_badlands, MONSTER, mocreatures:silverskeleton, 70, 1, 1
1714, badlands, minecraft:eroded_badlands, MONSTER, mocreatures:cavescorpion, 50, 1, 3
1715, badlands, minecraft:eroded_badlands, MONSTER, threateningly_mobs:moon_priest, 10, 1, 1
1716, badlands, minecraft:eroded_badlands, MONSTER, fantasyfauna:mushcap_glowing, 50, 2, 4
1717, badlands, minecraft:eroded_badlands, MONSTER, knights:noble, 50, 1, 1
1718, badlands, minecraft:eroded_badlands, MONSTER, ddenizens:orc, 35, 1, 1
1719, badlands, minecraft:eroded_badlands, MONSTER, threateningly_mobs:ore_drill, 32, 1, 1
1720, badlands, minecraft:eroded_badlands, MONSTER, mobz:tank_zombie, 10, 1, 1
1721, badlands, minecraft:eroded_badlands, MONSTER, knights:peasant, 60, 2, 3
1722, badlands, minecraft:eroded_badlands, MONSTER, fantasyfauna:possessed_armor, 20, 1, 1
1723, badlands, minecraft:eroded_badlands, MONSTER, creatures_expanded:prosperisher_zombie, 50, 1, 2
1724, badlands, minecraft:eroded_badlands, MONSTER, threateningly_mobs:sandworm, 15, 1, 1
1725, badlands, minecraft:eroded_badlands, MONSTER, ddenizens:shadow, 30, 1, 1
1726, badlands, minecraft:eroded_badlands, MONSTER, creatures_expanded:shadowfiend, 35, 1, 2
1727, badlands, minecraft:eroded_badlands, MONSTER, ddenizens:shadowlord, 15, 1, 1
1728, badlands, minecraft:eroded_badlands, MONSTER, ddenizens:skeleton_warrior, 50, 1, 2
1729, badlands, minecraft:eroded_badlands, MONSTER, threateningly_mobs:solscarab_maximus, 10, 1, 1
1730, badlands, minecraft:eroded_badlands, MONSTER, mobz:archer, 10, 1, 2
1731, badlands, minecraft:eroded_badlands, MONSTER, mobz:bigboss, 50, 1, 1
1732, badlands, minecraft:eroded_badlands, MONSTER, mobz:boss_skeleton, 60, 1, 1
1733, badlands, minecraft:eroded_badlands, MONSTER, mobz:boss_zombie, 70, 1, 1
1734, badlands, minecraft:eroded_badlands, MONSTER, mobz:illusioner, 10, 1, 1
1735, badlands, minecraft:eroded_badlands, MONSTER, mobz:lord_of_darkness, 10, 1, 1
1736, badlands, minecraft:eroded_badlands, MONSTER, mobz:spider_mage, 40, 1, 1
1737, badlands, minecraft:eroded_badlands, MONSTER, specialmobs:endercreeper, 10, 1, 4
1738, badlands, minecraft:eroded_badlands, MONSTER, ddenizens:spectator, 25, 1, 1
1739, badlands, minecraft:eroded_badlands, MONSTER, threateningly_mobs:steelboar, 10, 1, 1
1740, badlands, minecraft:eroded_badlands, MONSTER, creatures_expanded:tremorgue, 25, 1, 2
1741, badlands, minecraft:eroded_badlands, MONSTER, creatures_expanded:undead_necromancer, 35, 1, 1
1742, badlands, minecraft:eroded_badlands, MONSTER, ddenizens:winged_skeleton, 70, 1, 1
1743, badlands, minecraft:eroded_badlands, MONSTER, pumpeddesertremake:sand_storm, 40, 1, 1
1744, badlands, minecraft:eroded_badlands, MONSTER, specialmobs:giantskeleton, 70, 1, 1
1745, badlands, minecraft:eroded_badlands, MONSTER, mobz:small_zombie, 70, 1, 1
1746, badlands, minecraft:eroded_badlands, MONSTER, mocreatures:darkmanticore, 50, 1, 1
1747, badlands, minecraft:eroded_badlands, MONSTER, mocreatures:undeadscorpion, 50, 1, 1
1748, badlands, minecraft:eroded_badlands, MONSTER, mobz:zombie_mage, 70, 1, 1
1749, badlands, minecraft:eroded_badlands, MONSTER, specialmobs:bruteskeleton, 70, 1, 1
1750, badlands, minecraft:eroded_badlands, MONSTER, specialmobs:gatlingskeleton, 70, 1, 1
1751, badlands, minecraft:eroded_badlands, MONSTER, specialmobs:knightskeleton, 70, 1, 1
1752, badlands, minecraft:eroded_badlands, MONSTER, specialmobs:ninjaskeleton, 70, 1, 1
1753, badlands, minecraft:eroded_badlands, MONSTER, specialmobs:sniperskeleton, 70, 1, 1
1754, badlands, minecraft:eroded_badlands, MONSTER, specialmobs:brutezombie, 70, 1, 1
1755, badlands, minecraft:eroded_badlands, MONSTER, specialmobs:plaguezombie, 70, 1, 1
1756, badlands, minecraft:eroded_badlands, MONSTER, specialmobs:fishingzombie, 70, 1, 1
1757, badlands, minecraft:eroded_badlands, MONSTER, specialmobs:hungryzombie, 70, 1, 1
1758, badlands, minecraft:eroded_badlands, MONSTER, specialmobs:minicreeper, 40, 1, 1
1759, badlands, minecraft:eroded_badlands, MONSTER, specialmobs:desertspider, 40, 1, 1
1760, badlands, minecraft:eroded_badlands, MONSTER, specialmobs:desertcavespider, 40, 1, 1
1761, badlands, minecraft:eroded_badlands, MONSTER, specialmobs:infernoblaze, 40, 1, 1
1762, badlands, minecraft:eroded_badlands, MONSTER, threateningly_mobs:solscarab_maximus, 20, 1, 1
1763, badlands, minecraft:eroded_badlands, CREATURE, iceandfire:hippogryph, 60, 1, 1
1764, badlands, minecraft:eroded_badlands, CREATURE, mocreatures:mouse, 10, 1, 2
1765, badlands, minecraft:eroded_badlands, CREATURE, mocreatures:bird, 16, 2, 3
1766, badlands, minecraft:eroded_badlands, CREATURE, mocreatures:lion, 10, 1, 3
1767, badlands, minecraft:eroded_badlands, CREATURE, mocreatures:snake, 14, 1, 2
1768, badlands, minecraft:eroded_badlands, CREATURE, mocreatures:filchlizard, 10, 1, 2
1769, badlands, minecraft:eroded_badlands, AMBIENT, ddenizens:boulder, 35, 1, 1
1770, badlands, minecraft:eroded_badlands, AMBIENT, mocreatures:roach, 10, 1, 2
1771, badlands, minecraft:eroded_badlands, AMBIENT, mocreatures:ant, 12, 1, 4
1772, forest, minecraft:flower_forest, MONSTER, creatures_expanded:abomination, 20, 1, 1
1773, forest, minecraft:flower_forest, MONSTER, knights:archer, 40, 2, 3
1774, forest, minecraft:flower_forest, MONSTER, ddenizens:beholder, 10, 1, 1
1775, forest, minecraft:flower_forest, MONSTER, creatures_expanded:brood_spider, 35, 1, 1
1776, forest, minecraft:flower_forest, MONSTER, threateningly_mobs:cave_hunter, 12, 1, 1
1777, forest, minecraft:flower_forest, MONSTER, creatures_expanded:crumbling_skeleton, 50, 1, 1
1778, forest, minecraft:flower_forest, MONSTER, creatures_expanded:crystalline_golem, 20, 1, 1
1779, forest, minecraft:flower_forest, MONSTER, creatures_expanded:crystalline_spider, 45, 1, 3
1780, forest, minecraft:flower_forest, MONSTER, ddenizens:daemon, 10, 1, 1
1781, forest, minecraft:flower_forest, MONSTER, ddenizens:death_tyrant, 10, 1, 1
1782, forest, minecraft:flower_forest, MONSTER, threateningly_mobs:elite_zombie_warrior, 10, 1, 2
1783, forest, minecraft:flower_forest, MONSTER, creatures_expanded:embersmog, 40, 1, 3
1784, forest, minecraft:flower_forest, MONSTER, threateningly_mobs:forest_drake, 16, 1, 2
1785, forest, minecraft:flower_forest, MONSTER, ddenizens:fossilized_skeleton, 25, 1, 2
1786, forest, minecraft:flower_forest, MONSTER, creatures_expanded:fungal_ghoul, 60, 1, 2
1787, forest, minecraft:flower_forest, MONSTER, creatures_expanded:gargoyle, 50, 1, 3
1788, forest, minecraft:flower_forest, MONSTER, ddenizens:gazer, 25, 1, 1
1789, forest, minecraft:flower_forest, MONSTER, ddenizens:ghoul, 25, 1, 1
1790, forest, minecraft:flower_forest, MONSTER, creatures_expanded:gloomknight, 5, 1, 1
1791, forest, minecraft:flower_forest, MONSTER, creatures_expanded:gloomweaver, 30, 1, 2
1792, forest, minecraft:flower_forest, MONSTER, creatures_expanded:gnasheart, 60, 1, 4
1793, forest, minecraft:flower_forest, MONSTER, creatures_expanded:graven, 36, 3, 5
1794, forest, minecraft:flower_forest, MONSTER, ddenizens:headless, 40, 1, 1
1795, forest, minecraft:flower_forest, MONSTER, knights:heavyknight, 40, 1, 1
1796, forest, minecraft:flower_forest, MONSTER, iceandfire:troll, 40, 1, 3
1797, forest, minecraft:flower_forest, MONSTER, ddenizens:iron_skeleton, 15, 1, 1
1798, forest, minecraft:flower_forest, MONSTER, knights:knight, 50, 3, 5
1799, forest, minecraft:flower_forest, MONSTER, threateningly_mobs:lich_re, 10, 1, 1
1800, forest, minecraft:flower_forest, MONSTER, ddenizens:magma_skeleton, 40, 1, 1
1801, forest, minecraft:flower_forest, MONSTER, threateningly_mobs:mega_aphid, 16, 1, 2
1802, forest, minecraft:flower_forest, MONSTER, creatures_expanded:miststalker, 40, 1, 1
1803, forest, minecraft:flower_forest, MONSTER, mocreatures:werewolf, 10, 1, 4
1804, forest, minecraft:flower_forest, MONSTER, mocreatures:wwolf, 10, 1, 3
1805, forest, minecraft:flower_forest, MONSTER, mocreatures:rat, 10, 1, 2
1806, forest, minecraft:flower_forest, MONSTER, mocreatures:wraith, 50, 1, 1
1807, forest, minecraft:flower_forest, MONSTER, threateningly_mobs:moon_priest, 10, 1, 1
1808, forest, minecraft:flower_forest, MONSTER, fantasyfauna:mushcap_glowing, 50, 2, 4
1809, forest, minecraft:flower_forest, MONSTER, knights:noble, 50, 1, 1
1810, forest, minecraft:flower_forest, MONSTER, ddenizens:orc, 35, 1, 1
1811, forest, minecraft:flower_forest, MONSTER, threateningly_mobs:ore_drill, 32, 1, 1
1812, forest, minecraft:flower_forest, MONSTER, mobz:tank_zombie, 10, 1, 1
1813, forest, minecraft:flower_forest, MONSTER, knights:peasant, 60, 2, 3
1814, forest, minecraft:flower_forest, MONSTER, fantasyfauna:possessed_armor, 20, 1, 1
1815, forest, minecraft:flower_forest, MONSTER, creatures_expanded:prosperisher_zombie, 50, 1, 2
1816, forest, minecraft:flower_forest, MONSTER, threateningly_mobs:re_rock_snail, 10, 1, 1
1817, forest, minecraft:flower_forest, MONSTER, ddenizens:shadow, 30, 1, 1
1818, forest, minecraft:flower_forest, MONSTER, threateningly_mobs:shadow_spider, 16, 1, 2
1819, forest, minecraft:flower_forest, MONSTER, creatures_expanded:shadowfiend, 35, 1, 2
1820, forest, minecraft:flower_forest, MONSTER, ddenizens:shadowlord, 15, 1, 1
1821, forest, minecraft:flower_forest, MONSTER, creatures_expanded:shroomarauder, 40, 1, 4
1822, forest, minecraft:flower_forest, MONSTER, ddenizens:skeleton_warrior, 50, 1, 2
1823, forest, minecraft:flower_forest, MONSTER, mobz:armored_zombie, 70, 1, 1
1824, forest, minecraft:flower_forest, MONSTER, mobz:blue_spider, 20, 2, 3
1825, forest, minecraft:flower_forest, MONSTER, mobz:bowman, 50, 1, 2
1826, forest, minecraft:flower_forest, MONSTER, mobz:dwarf, 10, 1, 1
1827, forest, minecraft:flower_forest, MONSTER, mobz:fast_zombie, 70, 1, 1
1828, forest, minecraft:flower_forest, MONSTER, mobz:honey_slime, 10, 1, 1
1829, forest, minecraft:flower_forest, MONSTER, mobz:iron_steve, 30, 1, 1
1830, forest, minecraft:flower_forest, MONSTER, mobz:lost_skeleton, 70, 1, 1
1831, forest, minecraft:flower_forest, MONSTER, mobz:overgrown_skeleton, 15, 2, 4
1832, forest, minecraft:flower_forest, MONSTER, mobz:purple_spider, 15, 1, 4
1833, forest, minecraft:flower_forest, MONSTER, mobz:tank_zombie, 30, 1, 2
1834, forest, minecraft:flower_forest, MONSTER, mobz:templar, 40, 1, 1
1835, forest, minecraft:flower_forest, MONSTER, mobz:warrior, 10, 1, 2
1836, forest, minecraft:flower_forest, MONSTER, mobz:zombie_mage, 70, 1, 1
1837, forest, minecraft:flower_forest, MONSTER, specialmobs:endercreeper, 10, 1, 4
1838, forest, minecraft:flower_forest, MONSTER, ddenizens:spectator, 25, 1, 1
1839, forest, minecraft:flower_forest, MONSTER, threateningly_mobs:the_earthloong, 10, 1, 1
1840, forest, minecraft:flower_forest, MONSTER, threateningly_mobs:the_regalhart, 10, 1, 1
1841, forest, minecraft:flower_forest, MONSTER, creatures_expanded:tremorgue, 25, 1, 2
1842, forest, minecraft:flower_forest, MONSTER, creatures_expanded:undead_necromancer, 35, 1, 1
1843, forest, minecraft:flower_forest, MONSTER, ddenizens:winged_skeleton, 70, 1, 1
1844, forest, minecraft:flower_forest, MONSTER, mocreatures:greenogre, 40, 1, 1
1845, forest, minecraft:flower_forest, MONSTER, mocreatures:dirtscorpion, 30, 1, 1
1846, forest, minecraft:flower_forest, MONSTER, specialmobs:giantskeleton, 70, 1, 1
1847, forest, minecraft:flower_forest, MONSTER, mocreatures:biggolem, 20, 1, 1
1848, forest, minecraft:flower_forest, MONSTER, mobz:small_zombie, 70, 1, 1
1849, forest, minecraft:flower_forest, MONSTER, mocreatures:minigolem, 40, 1, 1
1850, forest, minecraft:flower_forest, MONSTER, mocreatures:darkmanticore, 50, 1, 1
1851, forest, minecraft:flower_forest, MONSTER, mocreatures:undeadscorpion, 50, 1, 1
1852, forest, minecraft:flower_forest, MONSTER, mocreatures:silverskeleton, 70, 1, 1
1853, forest, minecraft:flower_forest, MONSTER, mobz:bigboss, 50, 1, 1
1854, forest, minecraft:flower_forest, MONSTER, specialmobs:bruteskeleton, 70, 1, 1
1855, forest, minecraft:flower_forest, MONSTER, specialmobs:gatlingskeleton, 70, 1, 1
1856, forest, minecraft:flower_forest, MONSTER, specialmobs:knightskeleton, 70, 1, 1
1857, forest, minecraft:flower_forest, MONSTER, specialmobs:ninjaskeleton, 70, 1, 1
1858, forest, minecraft:flower_forest, MONSTER, specialmobs:sniperskeleton, 70, 1, 1
1859, forest, minecraft:flower_forest, MONSTER, specialmobs:brutezombie, 70, 1, 1
1860, forest, minecraft:flower_forest, MONSTER, specialmobs:plaguezombie, 70, 1, 1
1861, forest, minecraft:flower_forest, MONSTER, specialmobs:fishingzombie, 70, 1, 1
1862, forest, minecraft:flower_forest, MONSTER, specialmobs:hungryzombie, 70, 1, 1
1863, forest, minecraft:flower_forest, MONSTER, specialmobs:minicreeper, 40, 1, 1
1864, forest, minecraft:flower_forest, MONSTER, threateningly_mobs:steelboar, 10, 1, 1
1865, forest, minecraft:flower_forest, MONSTER, threateningly_mobs:forest_drake, 40, 1, 3
1866, forest, minecraft:flower_forest, CREATURE, mocreatures:boar, 12, 2, 2
1867, forest, minecraft:flower_forest, CREATURE, mocreatures:mouse, 10, 1, 2
1868, forest, minecraft:flower_forest, CREATURE, mocreatures:bird, 16, 2, 3
1869, forest, minecraft:flower_forest, CREATURE, mocreatures:bunny, 12, 2, 3
1870, forest, minecraft:flower_forest, CREATURE, mocreatures:mole, 10, 1, 2
1871, forest, minecraft:flower_forest, CREATURE, mocreatures:grizzlybear, 40, 1, 2
1872, forest, minecraft:flower_forest, CREATURE, mocreatures:turkey, 12, 1, 2
1873, forest, minecraft:flower_forest, CREATURE, mocreatures:deer, 10, 1, 2
1874, forest, minecraft:flower_forest, CREATURE, mocreatures:snake, 14, 1, 2
1875, forest, minecraft:flower_forest, CREATURE, mocreatures:kitty, 10, 1, 2
1876, forest, minecraft:flower_forest, CREATURE, mocreatures:fox, 10, 1, 1
1877, forest, minecraft:flower_forest, CREATURE, mocreatures:ent, 10, 1, 2
1878, forest, minecraft:flower_forest, CREATURE, mocreatures:raccoon, 12, 1, 2
1879, forest, minecraft:flower_forest, CREATURE, mobz:brown_bear, 30, 2, 3
1880, forest, minecraft:flower_forest, CREATURE, mobz:dirty_boar, 10, 1, 3
1881, forest, minecraft:flower_forest, CREATURE, mobz:fiora, 10, 1, 1
1882, forest, minecraft:flower_forest, CREATURE, mobz:golden_chicken, 10, 1, 2
1883, forest, minecraft:flower_forest, CREATURE, mobz:katherine, 10, 1, 1
1884, forest, minecraft:flower_forest, CREATURE, mobz:wild_boar, 10, 2, 4
1885, forest, minecraft:flower_forest, AMBIENT, ddenizens:boulder, 35, 1, 1
1886, forest, minecraft:flower_forest, AMBIENT, mocreatures:bee, 10, 1, 2
1887, forest, minecraft:flower_forest, AMBIENT, mocreatures:firefly, 10, 1, 2
1888, forest, minecraft:flower_forest, AMBIENT, mocreatures:dragonfly, 10, 1, 2
1889, forest, minecraft:flower_forest, AMBIENT, mocreatures:butterfly, 12, 1, 4
1890, forest, minecraft:flower_forest, AMBIENT, mocreatures:ant, 12, 1, 4
1891, forest, minecraft:flower_forest, AMBIENT, mocreatures:grasshopper, 10, 1, 2
1892, forest, minecraft:flower_forest, AMBIENT, mocreatures:fly, 12, 1, 2
1893, forest, minecraft:flower_forest, AMBIENT, mocreatures:cricket, 10, 1, 2
1894, forest, minecraft:flower_forest, AMBIENT, fantasyfauna:mossolith, 20, 1, 4
1895, forest, minecraft:flower_forest, AMBIENT, fantasyfauna:mushcap_brown, 20, 2, 4
1896, forest, minecraft:flower_forest, AMBIENT, fantasyfauna:mushcap_red, 20, 2, 4
1897, forest, minecraft:flower_forest, AMBIENT, fantasyfauna:mushcap_vishroom, 10, 2, 4
1898, forest, minecraft:flower_forest, AMBIENT, threateningly_mobs:nature_fairy, 10, 1, 1
1899, forest, minecraft:flower_forest, AMBIENT, mobz:tiny_spider, 10, 1, 1
1900, forest, minecraft:flower_forest, AMBIENT, fantasyfauna:wisp, 60, 1, 2
1901, forest, minecraft:flower_forest, WATER_CREATURE, mocreatures:salmon, 10, 1, 4
1902, forest, minecraft:flower_forest, WATER_CREATURE, mocreatures:fishy, 12, 1, 6
1903, forest, minecraft:flower_forest, WATER_CREATURE, mocreatures:bass, 10, 1, 4
1904, forest, minecraft:forest, MONSTER, creatures_expanded:abomination, 20, 1, 1
1905, forest, minecraft:forest, MONSTER, knights:archer, 40, 2, 3
1906, forest, minecraft:forest, MONSTER, ddenizens:beholder, 10, 1, 1
1907, forest, minecraft:forest, MONSTER, creatures_expanded:brood_spider, 35, 1, 1
1908, forest, minecraft:forest, MONSTER, threateningly_mobs:cave_hunter, 12, 1, 1
1909, forest, minecraft:forest, MONSTER, creatures_expanded:crumbling_skeleton, 50, 1, 1
1910, forest, minecraft:forest, MONSTER, creatures_expanded:crystalline_golem, 20, 1, 1
1911, forest, minecraft:forest, MONSTER, creatures_expanded:crystalline_spider, 45, 1, 3
1912, forest, minecraft:forest, MONSTER, ddenizens:daemon, 10, 1, 1
1913, forest, minecraft:forest, MONSTER, ddenizens:death_tyrant, 10, 1, 1
1914, forest, minecraft:forest, MONSTER, threateningly_mobs:elite_zombie_warrior, 10, 1, 2
1915, forest, minecraft:forest, MONSTER, creatures_expanded:embersmog, 40, 1, 3
1916, forest, minecraft:forest, MONSTER, threateningly_mobs:forest_drake, 16, 1, 2
1917, forest, minecraft:forest, MONSTER, ddenizens:fossilized_skeleton, 25, 1, 2
1918, forest, minecraft:forest, MONSTER, creatures_expanded:fungal_ghoul, 60, 1, 2
1919, forest, minecraft:forest, MONSTER, creatures_expanded:gargoyle, 50, 1, 3
1920, forest, minecraft:forest, MONSTER, ddenizens:gazer, 25, 1, 1
1921, forest, minecraft:forest, MONSTER, ddenizens:ghoul, 25, 1, 1
1922, forest, minecraft:forest, MONSTER, creatures_expanded:gloomknight, 5, 1, 1
1923, forest, minecraft:forest, MONSTER, creatures_expanded:gloomweaver, 30, 1, 2
1924, forest, minecraft:forest, MONSTER, creatures_expanded:gnasheart, 60, 1, 4
1925, forest, minecraft:forest, MONSTER, creatures_expanded:graven, 36, 3, 5
1926, forest, minecraft:forest, MONSTER, ddenizens:headless, 40, 1, 1
1927, forest, minecraft:forest, MONSTER, knights:heavyknight, 40, 1, 1
1928, forest, minecraft:forest, MONSTER, iceandfire:troll, 40, 1, 3
1929, forest, minecraft:forest, MONSTER, ddenizens:iron_skeleton, 15, 1, 1
1930, forest, minecraft:forest, MONSTER, knights:knight, 50, 3, 5
1931, forest, minecraft:forest, MONSTER, threateningly_mobs:lich_re, 10, 1, 1
1932, forest, minecraft:forest, MONSTER, ddenizens:magma_skeleton, 40, 1, 1
1933, forest, minecraft:forest, MONSTER, threateningly_mobs:mega_aphid, 16, 1, 2
1934, forest, minecraft:forest, MONSTER, creatures_expanded:miststalker, 40, 1, 1
1935, forest, minecraft:forest, MONSTER, mocreatures:werewolf, 10, 1, 4
1936, forest, minecraft:forest, MONSTER, mocreatures:wwolf, 10, 1, 3
1937, forest, minecraft:forest, MONSTER, mocreatures:rat, 10, 1, 2
1938, forest, minecraft:forest, MONSTER, mocreatures:wraith, 50, 1, 1
1939, forest, minecraft:forest, MONSTER, threateningly_mobs:moon_priest, 10, 1, 1
1940, forest, minecraft:forest, MONSTER, fantasyfauna:mushcap_glowing, 50, 2, 4
1941, forest, minecraft:forest, MONSTER, knights:noble, 50, 1, 1
1942, forest, minecraft:forest, MONSTER, ddenizens:orc, 35, 1, 1
1943, forest, minecraft:forest, MONSTER, threateningly_mobs:ore_drill, 32, 1, 1
1944, forest, minecraft:forest, MONSTER, mobz:tank_zombie, 10, 1, 1
1945, forest, minecraft:forest, MONSTER, knights:peasant, 60, 2, 3
1946, forest, minecraft:forest, MONSTER, fantasyfauna:possessed_armor, 20, 1, 1
1947, forest, minecraft:forest, MONSTER, creatures_expanded:prosperisher_zombie, 50, 1, 2
1948, forest, minecraft:forest, MONSTER, threateningly_mobs:re_rock_snail, 10, 1, 1
1949, forest, minecraft:forest, MONSTER, ddenizens:shadow, 30, 1, 1
1950, forest, minecraft:forest, MONSTER, threateningly_mobs:shadow_spider, 16, 1, 2
1951, forest, minecraft:forest, MONSTER, creatures_expanded:shadowfiend, 35, 1, 2
1952, forest, minecraft:forest, MONSTER, ddenizens:shadowlord, 15, 1, 1
1953, forest, minecraft:forest, MONSTER, creatures_expanded:shroomarauder, 40, 1, 4
1954, forest, minecraft:forest, MONSTER, ddenizens:skeleton_warrior, 50, 1, 2
1955, forest, minecraft:forest, MONSTER, mobz:armored_zombie, 70, 1, 1
1956, forest, minecraft:forest, MONSTER, mobz:blue_spider, 20, 2, 3
1957, forest, minecraft:forest, MONSTER, mobz:bowman, 50, 1, 2
1958, forest, minecraft:forest, MONSTER, mobz:dwarf, 10, 1, 1
1959, forest, minecraft:forest, MONSTER, mobz:fast_zombie, 70, 1, 1
1960, forest, minecraft:forest, MONSTER, mobz:honey_slime, 10, 1, 1
1961, forest, minecraft:forest, MONSTER, mobz:iron_steve, 30, 1, 1
1962, forest, minecraft:forest, MONSTER, mobz:lost_skeleton, 70, 1, 1
1963, forest, minecraft:forest, MONSTER, mobz:overgrown_skeleton, 15, 2, 4
1964, forest, minecraft:forest, MONSTER, mobz:purple_spider, 15, 1, 4
1965, forest, minecraft:forest, MONSTER, mobz:tank_zombie, 30, 1, 2
1966, forest, minecraft:forest, MONSTER, mobz:templar, 40, 1, 1
1967, forest, minecraft:forest, MONSTER, mobz:warrior, 10, 1, 2
1968, forest, minecraft:forest, MONSTER, mobz:zombie_mage, 70, 1, 1
1969, forest, minecraft:forest, MONSTER, specialmobs:endercreeper, 10, 1, 4
1970, forest, minecraft:forest, MONSTER, ddenizens:spectator, 25, 1, 1
1971, forest, minecraft:forest, MONSTER, threateningly_mobs:the_earthloong, 10, 1, 1
1972, forest, minecraft:forest, MONSTER, threateningly_mobs:the_regalhart, 10, 1, 1
1973, forest, minecraft:forest, MONSTER, creatures_expanded:tremorgue, 25, 1, 2
1974, forest, minecraft:forest, MONSTER, creatures_expanded:undead_necromancer, 35, 1, 1
1975, forest, minecraft:forest, MONSTER, ddenizens:winged_skeleton, 70, 1, 1
1976, forest, minecraft:forest, MONSTER, mocreatures:greenogre, 40, 1, 1
1977, forest, minecraft:forest, MONSTER, mocreatures:dirtscorpion, 30, 1, 1
1978, forest, minecraft:forest, MONSTER, specialmobs:giantskeleton, 70, 1, 1
1979, forest, minecraft:forest, MONSTER, mocreatures:biggolem, 20, 1, 1
1980, forest, minecraft:forest, MONSTER, mobz:small_zombie, 70, 1, 1
1981, forest, minecraft:forest, MONSTER, mocreatures:minigolem, 40, 1, 1
1982, forest, minecraft:forest, MONSTER, mocreatures:darkmanticore, 50, 1, 1
1983, forest, minecraft:forest, MONSTER, mocreatures:undeadscorpion, 50, 1, 1
1984, forest, minecraft:forest, MONSTER, mocreatures:silverskeleton, 70, 1, 1
1985, forest, minecraft:forest, MONSTER, mobz:bigboss, 50, 1, 1
1986, forest, minecraft:forest, MONSTER, specialmobs:bruteskeleton, 70, 1, 1
1987, forest, minecraft:forest, MONSTER, specialmobs:gatlingskeleton, 70, 1, 1
1988, forest, minecraft:forest, MONSTER, specialmobs:knightskeleton, 70, 1, 1
1989, forest, minecraft:forest, MONSTER, specialmobs:ninjaskeleton, 70, 1, 1
1990, forest, minecraft:forest, MONSTER, specialmobs:sniperskeleton, 70, 1, 1
1991, forest, minecraft:forest, MONSTER, specialmobs:brutezombie, 70, 1, 1
1992, forest, minecraft:forest, MONSTER, specialmobs:plaguezombie, 70, 1, 1
1993, forest, minecraft:forest, MONSTER, specialmobs:fishingzombie, 70, 1, 1
1994, forest, minecraft:forest, MONSTER, specialmobs:hungryzombie, 70, 1, 1
1995, forest, minecraft:forest, MONSTER, specialmobs:minicreeper, 40, 1, 1
1996, forest, minecraft:forest, MONSTER, threateningly_mobs:steelboar, 10, 1, 1
1997, forest, minecraft:forest, MONSTER, threateningly_mobs:forest_drake, 40, 1, 3
1998, forest, minecraft:forest, CREATURE, mocreatures:boar, 12, 2, 2
1999, forest, minecraft:forest, CREATURE, mocreatures:mouse, 10, 1, 2
2000, forest, minecraft:forest, CREATURE, mocreatures:bird, 16, 2, 3
2001, forest, minecraft:forest, CREATURE, mocreatures:bunny, 12, 2, 3
2002, forest, minecraft:forest, CREATURE, mocreatures:mole, 10, 1, 2
2003, forest, minecraft:forest, CREATURE, mocreatures:grizzlybear, 40, 1, 2
2004, forest, minecraft:forest, CREATURE, mocreatures:turkey, 12, 1, 2
2005, forest, minecraft:forest, CREATURE, mocreatures:deer, 10, 1, 2
2006, forest, minecraft:forest, CREATURE, mocreatures:snake, 14, 1, 2
2007, forest, minecraft:forest, CREATURE, mocreatures:kitty, 10, 1, 2
2008, forest, minecraft:forest, CREATURE, mocreatures:fox, 10, 1, 1
2009, forest, minecraft:forest, CREATURE, mocreatures:ent, 10, 1, 2
2010, forest, minecraft:forest, CREATURE, mocreatures:raccoon, 12, 1, 2
2011, forest, minecraft:forest, CREATURE, mobz:brown_bear, 30, 2, 3
2012, forest, minecraft:forest, CREATURE, mobz:dirty_boar, 10, 1, 3
2013, forest, minecraft:forest, CREATURE, mobz:fiora, 10, 1, 1
2014, forest, minecraft:forest, CREATURE, mobz:golden_chicken, 10, 1, 2
2015, forest, minecraft:forest, CREATURE, mobz:katherine, 10, 1, 1
2016, forest, minecraft:forest, CREATURE, mobz:wild_boar, 10, 2, 4
2017, forest, minecraft:forest, AMBIENT, ddenizens:boulder, 35, 1, 1
2018, forest, minecraft:forest, AMBIENT, mocreatures:bee, 10, 1, 2
2019, forest, minecraft:forest, AMBIENT, mocreatures:firefly, 10, 1, 2
2020, forest, minecraft:forest, AMBIENT, mocreatures:dragonfly, 10, 1, 2
2021, forest, minecraft:forest, AMBIENT, mocreatures:butterfly, 12, 1, 4
2022, forest, minecraft:forest, AMBIENT, mocreatures:ant, 12, 1, 4
2023, forest, minecraft:forest, AMBIENT, mocreatures:grasshopper, 10, 1, 2
2024, forest, minecraft:forest, AMBIENT, mocreatures:fly, 12, 1, 2
2025, forest, minecraft:forest, AMBIENT, mocreatures:cricket, 10, 1, 2
2026, forest, minecraft:forest, AMBIENT, fantasyfauna:mossolith, 20, 1, 4
2027, forest, minecraft:forest, AMBIENT, fantasyfauna:mushcap_brown, 20, 2, 4
2028, forest, minecraft:forest, AMBIENT, fantasyfauna:mushcap_red, 20, 2, 4
2029, forest, minecraft:forest, AMBIENT, fantasyfauna:mushcap_vishroom, 10, 2, 4
2030, forest, minecraft:forest, AMBIENT, threateningly_mobs:nature_fairy, 10, 1, 1
2031, forest, minecraft:forest, AMBIENT, threateningly_mobs:shadowmoon_butterfly, 10, 1, 1
2032, forest, minecraft:forest, AMBIENT, mobz:tiny_spider, 10, 1, 1
2033, forest, minecraft:forest, AMBIENT, fantasyfauna:wisp, 60, 1, 2
2034, forest, minecraft:forest, WATER_CREATURE, mocreatures:salmon, 10, 1, 4
2035, forest, minecraft:forest, WATER_CREATURE, mocreatures:fishy, 12, 1, 6
2036, forest, minecraft:forest, WATER_CREATURE, mocreatures:bass, 10, 1, 4
2037, ocean, minecraft:frozen_ocean, MONSTER, creatures_expanded:abomination, 20, 1, 1
2038, ocean, minecraft:frozen_ocean, MONSTER, creatures_expanded:anguished, 70, 1, 4
2039, ocean, minecraft:frozen_ocean, MONSTER, knights:archer, 40, 2, 3
2040, ocean, minecraft:frozen_ocean, MONSTER, ddenizens:beholder, 10, 1, 1
2041, ocean, minecraft:frozen_ocean, MONSTER, creatures_expanded:brood_spider, 35, 1, 1
2042, ocean, minecraft:frozen_ocean, MONSTER, threateningly_mobs:cannon_crab, 20, 1, 1
2043, ocean, minecraft:frozen_ocean, MONSTER, threateningly_mobs:cave_hunter, 12, 1, 1
2044, ocean, minecraft:frozen_ocean, MONSTER, creatures_expanded:crumbling_skeleton, 50, 1, 1
2045, ocean, minecraft:frozen_ocean, MONSTER, creatures_expanded:crystalline_golem, 20, 1, 1
2046, ocean, minecraft:frozen_ocean, MONSTER, creatures_expanded:crystalline_spider, 45, 1, 3
2047, ocean, minecraft:frozen_ocean, MONSTER, ddenizens:daemon, 10, 1, 1
2048, ocean, minecraft:frozen_ocean, MONSTER, ddenizens:death_tyrant, 10, 1, 1
2049, ocean, minecraft:frozen_ocean, MONSTER, threateningly_mobs:elite_zombie_warrior, 10, 1, 2
2050, ocean, minecraft:frozen_ocean, MONSTER, creatures_expanded:embersmog, 40, 1, 3
2051, ocean, minecraft:frozen_ocean, MONSTER, ddenizens:fossilized_skeleton, 25, 1, 2
2052, ocean, minecraft:frozen_ocean, MONSTER, creatures_expanded:fungal_ghoul, 60, 1, 2
2053, ocean, minecraft:frozen_ocean, MONSTER, creatures_expanded:gargoyle, 50, 1, 3
2054, ocean, minecraft:frozen_ocean, MONSTER, ddenizens:gazer, 25, 1, 1
2055, ocean, minecraft:frozen_ocean, MONSTER, ddenizens:ghoul, 25, 1, 1
2056, ocean, minecraft:frozen_ocean, MONSTER, creatures_expanded:gloomknight, 5, 1, 1
2057, ocean, minecraft:frozen_ocean, MONSTER, creatures_expanded:gloomweaver, 30, 1, 2
2058, ocean, minecraft:frozen_ocean, MONSTER, creatures_expanded:gnasheart, 60, 1, 4
2059, ocean, minecraft:frozen_ocean, MONSTER, creatures_expanded:graven, 36, 3, 5
2060, ocean, minecraft:frozen_ocean, MONSTER, ddenizens:headless, 40, 1, 1
2061, ocean, minecraft:frozen_ocean, MONSTER, knights:heavyknight, 40, 1, 1
2062, ocean, minecraft:frozen_ocean, MONSTER, threateningly_mobs:hydra, 10, 1, 1
2063, ocean, minecraft:frozen_ocean, MONSTER, iceandfire:troll, 40, 1, 3
2064, ocean, minecraft:frozen_ocean, MONSTER, ddenizens:iron_skeleton, 15, 1, 1
2065, ocean, minecraft:frozen_ocean, MONSTER, knights:knight, 50, 3, 5
2066, ocean, minecraft:frozen_ocean, MONSTER, threateningly_mobs:lich_re, 10, 1, 1
2067, ocean, minecraft:frozen_ocean, MONSTER, ddenizens:magma_skeleton, 40, 1, 1
2068, ocean, minecraft:frozen_ocean, MONSTER, creatures_expanded:miststalker, 40, 1, 1
2069, ocean, minecraft:frozen_ocean, MONSTER, mocreatures:wwolf, 10, 1, 3
2070, ocean, minecraft:frozen_ocean, MONSTER, mocreatures:frostmanticore, 40, 1, 3
2071, ocean, minecraft:frozen_ocean, MONSTER, mocreatures:frostscorpion, 40, 1, 3
2072, ocean, minecraft:frozen_ocean, MONSTER, mocreatures:silverskeleton, 70, 1, 1
2073, ocean, minecraft:frozen_ocean, MONSTER, mocreatures:darkmanticore, 50, 1, 3
2074, ocean, minecraft:frozen_ocean, MONSTER, mocreatures:cavescorpion, 50, 1, 3
2075, ocean, minecraft:frozen_ocean, MONSTER, threateningly_mobs:moon_priest, 10, 1, 1
2076, ocean, minecraft:frozen_ocean, MONSTER, fantasyfauna:mushcap_glowing, 50, 2, 4
2077, ocean, minecraft:frozen_ocean, MONSTER, knights:noble, 50, 1, 1
2078, ocean, minecraft:frozen_ocean, MONSTER, ddenizens:orc, 35, 1, 1
2079, ocean, minecraft:frozen_ocean, MONSTER, threateningly_mobs:ore_drill, 32, 1, 1
2080, ocean, minecraft:frozen_ocean, MONSTER, mobz:tank_zombie, 10, 1, 1
2081, ocean, minecraft:frozen_ocean, MONSTER, knights:peasant, 60, 2, 3
2082, ocean, minecraft:frozen_ocean, MONSTER, fantasyfauna:possessed_armor, 20, 1, 1
2083, ocean, minecraft:frozen_ocean, MONSTER, creatures_expanded:prosperisher_zombie, 50, 1, 2
2084, ocean, minecraft:frozen_ocean, MONSTER, ddenizens:shadow, 30, 1, 1
2085, ocean, minecraft:frozen_ocean, MONSTER, creatures_expanded:shadowfiend, 35, 1, 2
2086, ocean, minecraft:frozen_ocean, MONSTER, ddenizens:shadowlord, 15, 1, 1
2087, ocean, minecraft:frozen_ocean, MONSTER, ddenizens:skeleton_warrior, 50, 1, 2
2088, ocean, minecraft:frozen_ocean, MONSTER, specialmobs:endercreeper, 10, 1, 4
2089, ocean, minecraft:frozen_ocean, MONSTER, specialmobs:drowningcreeper, 10, 1, 1
2090, ocean, minecraft:frozen_ocean, MONSTER, specialmobs:blueberryslime, 10, 1, 1
2091, ocean, minecraft:frozen_ocean, MONSTER, specialmobs:pirateskeleton, 10, 1, 1
2092, ocean, minecraft:frozen_ocean, MONSTER, ddenizens:spectator, 25, 1, 1
2093, ocean, minecraft:frozen_ocean, MONSTER, creatures_expanded:tremorgue, 25, 1, 2
2094, ocean, minecraft:frozen_ocean, MONSTER, creatures_expanded:undead_necromancer, 35, 1, 1
2095, ocean, minecraft:frozen_ocean, MONSTER, specialmobs:giantskeleton, 70, 1, 1
2096, ocean, minecraft:frozen_ocean, MONSTER, mocreatures:biggolem, 20, 1, 1
2097, ocean, minecraft:frozen_ocean, MONSTER, mobz:small_zombie, 70, 1, 1
2098, ocean, minecraft:frozen_ocean, MONSTER, mocreatures:minigolem, 40, 1, 1
2099, ocean, minecraft:frozen_ocean, MONSTER, mocreatures:undeadscorpion, 50, 1, 1
2100, ocean, minecraft:frozen_ocean, MONSTER, mobz:zombie_mage, 70, 1, 1
2101, ocean, minecraft:frozen_ocean, MONSTER, mobz:bigboss, 50, 1, 1
2102, ocean, minecraft:frozen_ocean, CREATURE, mocreatures:bunny, 12, 2, 3
2103, ocean, minecraft:frozen_ocean, CREATURE, mocreatures:leopard, 10, 1, 2
2104, ocean, minecraft:frozen_ocean, CREATURE, mocreatures:elephant, 10, 1, 2
2105, ocean, minecraft:frozen_ocean, CREATURE, mocreatures:fox, 10, 1, 1
2106, ocean, minecraft:frozen_ocean, CREATURE, mocreatures:wildpolarbear, 10, 1, 2
2107, ocean, minecraft:frozen_ocean, AMBIENT, ddenizens:boulder, 35, 1, 1
2108, ocean, minecraft:frozen_ocean, AMBIENT, threateningly_mobs:giant_seacucumber, 10, 2, 4
2109, ocean, minecraft:frozen_ocean, WATER_CREATURE, mocreatures:dolphin, 10, 2, 4
2110, ocean, minecraft:frozen_ocean, WATER_CREATURE, mocreatures:salmon, 10, 1, 4
2111, ocean, minecraft:frozen_ocean, WATER_CREATURE, mocreatures:angler, 12, 1, 6
2112, ocean, minecraft:frozen_ocean, WATER_CREATURE, mocreatures:jellyfish, 10, 1, 4
2113, ocean, minecraft:frozen_ocean, WATER_CREATURE, mocreatures:clownfish, 12, 1, 6
2114, ocean, minecraft:frozen_ocean, WATER_CREATURE, mocreatures:manderin, 12, 1, 6
2115, ocean, minecraft:frozen_ocean, WATER_CREATURE, mocreatures:shark, 10, 1, 2
2116, ocean, minecraft:frozen_ocean, WATER_CREATURE, mocreatures:hippotang, 12, 1, 6
2117, ocean, minecraft:frozen_ocean, WATER_CREATURE, mocreatures:mantaray, 10, 1, 2
2118, ocean, minecraft:frozen_ocean, WATER_CREATURE, mocreatures:fishy, 12, 1, 6
2119, ocean, minecraft:frozen_ocean, WATER_CREATURE, mocreatures:anchovy, 12, 1, 6
2120, ocean, minecraft:frozen_ocean, WATER_CREATURE, mocreatures:cod, 10, 1, 4
2121, ocean, minecraft:frozen_ocean, WATER_AMBIENT, threateningly_mobs:riptooth, 10, 1, 1
2122, ocean, minecraft:frozen_ocean, WATER_AMBIENT, threateningly_mobs:tide_specter, 10, 1, 1
2123, extreme_hills, minecraft:frozen_peaks, MONSTER, creatures_expanded:abomination, 20, 1, 1
2124, extreme_hills, minecraft:frozen_peaks, MONSTER, creatures_expanded:anguished, 70, 1, 4
2125, extreme_hills, minecraft:frozen_peaks, MONSTER, knights:archer, 40, 2, 3
2126, extreme_hills, minecraft:frozen_peaks, MONSTER, ddenizens:beholder, 10, 1, 1
2127, extreme_hills, minecraft:frozen_peaks, MONSTER, creatures_expanded:brood_spider, 35, 1, 1
2128, extreme_hills, minecraft:frozen_peaks, MONSTER, threateningly_mobs:cave_hunter, 12, 1, 1
2129, extreme_hills, minecraft:frozen_peaks, MONSTER, creatures_expanded:crumbling_skeleton, 50, 1, 1
2130, extreme_hills, minecraft:frozen_peaks, MONSTER, creatures_expanded:cryofang_spider, 40, 1, 2
2131, extreme_hills, minecraft:frozen_peaks, MONSTER, creatures_expanded:crystalline_golem, 20, 1, 1
2132, extreme_hills, minecraft:frozen_peaks, MONSTER, creatures_expanded:crystalline_spider, 45, 1, 3
2133, extreme_hills, minecraft:frozen_peaks, MONSTER, ddenizens:daemon, 10, 1, 1
2134, extreme_hills, minecraft:frozen_peaks, MONSTER, ddenizens:death_tyrant, 10, 1, 1
2135, extreme_hills, minecraft:frozen_peaks, MONSTER, threateningly_mobs:elite_zombie_warrior, 10, 1, 2
2136, extreme_hills, minecraft:frozen_peaks, MONSTER, creatures_expanded:embersmog, 40, 1, 3
2137, extreme_hills, minecraft:frozen_peaks, MONSTER, ddenizens:fossilized_skeleton, 25, 1, 2
2138, extreme_hills, minecraft:frozen_peaks, MONSTER, creatures_expanded:fungal_ghoul, 60, 1, 2
2139, extreme_hills, minecraft:frozen_peaks, MONSTER, creatures_expanded:gargoyle, 50, 1, 3
2140, extreme_hills, minecraft:frozen_peaks, MONSTER, ddenizens:gazer, 25, 1, 1
2141, extreme_hills, minecraft:frozen_peaks, MONSTER, ddenizens:ghoul, 25, 1, 1
2142, extreme_hills, minecraft:frozen_peaks, MONSTER, creatures_expanded:gloomknight, 5, 1, 1
2143, extreme_hills, minecraft:frozen_peaks, MONSTER, creatures_expanded:gloomweaver, 30, 1, 2
2144, extreme_hills, minecraft:frozen_peaks, MONSTER, creatures_expanded:gnasheart, 60, 1, 4
2145, extreme_hills, minecraft:frozen_peaks, MONSTER, creatures_expanded:graven, 36, 3, 5
2146, extreme_hills, minecraft:frozen_peaks, MONSTER, ddenizens:headless, 40, 1, 1
2147, extreme_hills, minecraft:frozen_peaks, MONSTER, knights:heavyknight, 40, 1, 1
2148, extreme_hills, minecraft:frozen_peaks, MONSTER, iceandfire:dread_lich, 10, 1, 1
2149, extreme_hills, minecraft:frozen_peaks, MONSTER, iceandfire:troll, 40, 1, 3
2150, extreme_hills, minecraft:frozen_peaks, MONSTER, ddenizens:iron_skeleton, 15, 1, 1
2151, extreme_hills, minecraft:frozen_peaks, MONSTER, knights:knight, 50, 3, 5
2152, extreme_hills, minecraft:frozen_peaks, MONSTER, threateningly_mobs:lich_re, 10, 1, 1
2153, extreme_hills, minecraft:frozen_peaks, MONSTER, ddenizens:magma_skeleton, 40, 1, 1
2154, extreme_hills, minecraft:frozen_peaks, MONSTER, creatures_expanded:miststalker, 40, 1, 1
2155, extreme_hills, minecraft:frozen_peaks, MONSTER, mocreatures:biggolem, 10, 1, 1
2156, extreme_hills, minecraft:frozen_peaks, MONSTER, mocreatures:wwolf, 10, 1, 3
2157, extreme_hills, minecraft:frozen_peaks, MONSTER, mocreatures:minigolem, 40, 1, 1
2158, extreme_hills, minecraft:frozen_peaks, MONSTER, mocreatures:frostmanticore, 40, 1, 3
2159, extreme_hills, minecraft:frozen_peaks, MONSTER, mocreatures:caveogre, 50, 1, 2
2160, extreme_hills, minecraft:frozen_peaks, MONSTER, mocreatures:plainmanticore, 50, 1, 1
2161, extreme_hills, minecraft:frozen_peaks, MONSTER, mocreatures:frostscorpion, 40, 1, 3
2162, extreme_hills, minecraft:frozen_peaks, MONSTER, mocreatures:silverskeleton, 70, 1, 1
2163, extreme_hills, minecraft:frozen_peaks, MONSTER, mocreatures:darkmanticore, 50, 1, 3
2164, extreme_hills, minecraft:frozen_peaks, MONSTER, mocreatures:cavescorpion, 50, 1, 3
2165, extreme_hills, minecraft:frozen_peaks, MONSTER, threateningly_mobs:moon_priest, 10, 1, 1
2166, extreme_hills, minecraft:frozen_peaks, MONSTER, fantasyfauna:mushcap_glowing, 50, 2, 4
2167, extreme_hills, minecraft:frozen_peaks, MONSTER, knights:noble, 50, 1, 1
2168, extreme_hills, minecraft:frozen_peaks, MONSTER, ddenizens:orc, 35, 1, 1
2169, extreme_hills, minecraft:frozen_peaks, MONSTER, threateningly_mobs:ore_drill, 32, 1, 1
2170, extreme_hills, minecraft:frozen_peaks, MONSTER, mobz:tank_zombie, 10, 1, 1
2171, extreme_hills, minecraft:frozen_peaks, MONSTER, knights:peasant, 60, 2, 3
2172, extreme_hills, minecraft:frozen_peaks, MONSTER, fantasyfauna:possessed_armor, 20, 1, 1
2173, extreme_hills, minecraft:frozen_peaks, MONSTER, creatures_expanded:prosperisher_zombie, 50, 1, 2
2174, extreme_hills, minecraft:frozen_peaks, MONSTER, ddenizens:shadow, 30, 1, 1
2175, extreme_hills, minecraft:frozen_peaks, MONSTER, creatures_expanded:shadowfiend, 35, 1, 2
2176, extreme_hills, minecraft:frozen_peaks, MONSTER, ddenizens:shadowlord, 15, 1, 1
2177, extreme_hills, minecraft:frozen_peaks, MONSTER, ddenizens:skeleton_warrior, 50, 1, 2
2178, extreme_hills, minecraft:frozen_peaks, MONSTER, mobz:frost_blaze, 40, 1, 1
2179, extreme_hills, minecraft:frozen_peaks, MONSTER, mobz:frost_creeper, 40, 1, 1
2180, extreme_hills, minecraft:frozen_peaks, MONSTER, mobz:ice_golem, 10, 1, 1
2181, extreme_hills, minecraft:frozen_peaks, MONSTER, specialmobs:endercreeper, 10, 1, 4
2182, extreme_hills, minecraft:frozen_peaks, MONSTER, ddenizens:spectator, 25, 1, 1
2183, extreme_hills, minecraft:frozen_peaks, MONSTER, creatures_expanded:tremorgue, 25, 1, 2
2184, extreme_hills, minecraft:frozen_peaks, MONSTER, creatures_expanded:undead_necromancer, 35, 1, 1
2185, extreme_hills, minecraft:frozen_peaks, MONSTER, ddenizens:winged_skeleton, 70, 1, 1
2186, extreme_hills, minecraft:frozen_peaks, MONSTER, mocreatures:frostmanticore, 40, 1, 1
2187, extreme_hills, minecraft:frozen_peaks, MONSTER, mocreatures:frostscorpion, 40, 1, 1
2188, extreme_hills, minecraft:frozen_peaks, MONSTER, specialmobs:giantskeleton, 70, 1, 1
2189, extreme_hills, minecraft:frozen_peaks, MONSTER, mobz:small_zombie, 70, 1, 1
2190, extreme_hills, minecraft:frozen_peaks, MONSTER, mocreatures:undeadscorpion, 50, 1, 1
2191, extreme_hills, minecraft:frozen_peaks, MONSTER, mobz:zombie_mage, 70, 1, 1
2192, extreme_hills, minecraft:frozen_peaks, MONSTER, mobz:bigboss, 50, 1, 1
2193, extreme_hills, minecraft:frozen_peaks, MONSTER, specialmobs:bruteskeleton, 70, 1, 1
2194, extreme_hills, minecraft:frozen_peaks, MONSTER, specialmobs:gatlingskeleton, 70, 1, 1
2195, extreme_hills, minecraft:frozen_peaks, MONSTER, specialmobs:knightskeleton, 70, 1, 1
2196, extreme_hills, minecraft:frozen_peaks, MONSTER, specialmobs:ninjaskeleton, 70, 1, 1
2197, extreme_hills, minecraft:frozen_peaks, MONSTER, specialmobs:sniperskeleton, 70, 1, 1
2198, extreme_hills, minecraft:frozen_peaks, MONSTER, specialmobs:brutezombie, 70, 1, 1
2199, extreme_hills, minecraft:frozen_peaks, MONSTER, specialmobs:plaguezombie, 70, 1, 1
2200, extreme_hills, minecraft:frozen_peaks, MONSTER, specialmobs:fishingzombie, 70, 1, 1
2201, extreme_hills, minecraft:frozen_peaks, MONSTER, specialmobs:hungryzombie, 70, 1, 1
2202, extreme_hills, minecraft:frozen_peaks, MONSTER, specialmobs:minicreeper, 40, 1, 1
2203, extreme_hills, minecraft:frozen_peaks, MONSTER, specialmobs:snowcreeper, 40, 1, 1
2204, extreme_hills, minecraft:frozen_peaks, CREATURE, iceandfire:hippogryph, 60, 1, 1
2205, extreme_hills, minecraft:frozen_peaks, CREATURE, mocreatures:bunny, 12, 2, 3
2206, extreme_hills, minecraft:frozen_peaks, CREATURE, mocreatures:leopard, 10, 1, 2
2207, extreme_hills, minecraft:frozen_peaks, CREATURE, mocreatures:elephant, 10, 1, 2
2208, extreme_hills, minecraft:frozen_peaks, CREATURE, mocreatures:fox, 10, 1, 1
2209, extreme_hills, minecraft:frozen_peaks, CREATURE, mocreatures:wildpolarbear, 10, 1, 2
2210, extreme_hills, minecraft:frozen_peaks, CREATURE, mobz:black_bear, 40, 1, 2
2211, extreme_hills, minecraft:frozen_peaks, CREATURE, mobz:boar, 10, 2, 3
2212, extreme_hills, minecraft:frozen_peaks, AMBIENT, ddenizens:boulder, 35, 1, 1
2213, extreme_hills, minecraft:frozen_peaks, AMBIENT, mocreatures:ant, 12, 1, 4
2214, river, minecraft:frozen_river, MONSTER, creatures_expanded:abomination, 20, 1, 1
2215, river, minecraft:frozen_river, MONSTER, creatures_expanded:anguished, 70, 1, 4
2216, river, minecraft:frozen_river, MONSTER, knights:archer, 40, 2, 3
2217, river, minecraft:frozen_river, MONSTER, ddenizens:beholder, 10, 1, 1
2218, river, minecraft:frozen_river, MONSTER, creatures_expanded:brood_spider, 35, 1, 1
2219, river, minecraft:frozen_river, MONSTER, threateningly_mobs:cave_hunter, 12, 1, 1
2220, river, minecraft:frozen_river, MONSTER, creatures_expanded:crumbling_skeleton, 50, 1, 1
2221, river, minecraft:frozen_river, MONSTER, creatures_expanded:crystalline_golem, 20, 1, 1
2222, river, minecraft:frozen_river, MONSTER, creatures_expanded:crystalline_spider, 45, 1, 3
2223, river, minecraft:frozen_river, MONSTER, ddenizens:daemon, 10, 1, 1
2224, river, minecraft:frozen_river, MONSTER, ddenizens:death_tyrant, 10, 1, 1
2225, river, minecraft:frozen_river, MONSTER, threateningly_mobs:elite_zombie_warrior, 10, 1, 2
2226, river, minecraft:frozen_river, MONSTER, creatures_expanded:embersmog, 40, 1, 3
2227, river, minecraft:frozen_river, MONSTER, ddenizens:fossilized_skeleton, 25, 1, 2
2228, river, minecraft:frozen_river, MONSTER, creatures_expanded:fungal_ghoul, 60, 1, 2
2229, river, minecraft:frozen_river, MONSTER, creatures_expanded:gargoyle, 50, 1, 3
2230, river, minecraft:frozen_river, MONSTER, ddenizens:gazer, 25, 1, 1
2231, river, minecraft:frozen_river, MONSTER, ddenizens:ghoul, 25, 1, 1
2232, river, minecraft:frozen_river, MONSTER, creatures_expanded:gloomknight, 5, 1, 1
2233, river, minecraft:frozen_river, MONSTER, creatures_expanded:gloomweaver, 30, 1, 2
2234, river, minecraft:frozen_river, MONSTER, creatures_expanded:gnasheart, 60, 1, 4
2235, river, minecraft:frozen_river, MONSTER, creatures_expanded:graven, 36, 3, 5
2236, river, minecraft:frozen_river, MONSTER, ddenizens:headless, 40, 1, 1
2237, river, minecraft:frozen_river, MONSTER, knights:heavyknight, 40, 1, 1
2238, river, minecraft:frozen_river, MONSTER, threateningly_mobs:hydra, 10, 1, 1
2239, river, minecraft:frozen_river, MONSTER, iceandfire:troll, 40, 1, 3
2240, river, minecraft:frozen_river, MONSTER, ddenizens:iron_skeleton, 15, 1, 1
2241, river, minecraft:frozen_river, MONSTER, knights:knight, 50, 3, 5
2242, river, minecraft:frozen_river, MONSTER, threateningly_mobs:lich_re, 10, 1, 1
2243, river, minecraft:frozen_river, MONSTER, ddenizens:magma_skeleton, 40, 1, 1
2244, river, minecraft:frozen_river, MONSTER, creatures_expanded:miststalker, 40, 1, 1
2245, river, minecraft:frozen_river, MONSTER, mocreatures:wwolf, 10, 1, 3
2246, river, minecraft:frozen_river, MONSTER, mocreatures:frostmanticore, 40, 1, 3
2247, river, minecraft:frozen_river, MONSTER, mocreatures:frostscorpion, 40, 1, 3
2248, river, minecraft:frozen_river, MONSTER, mocreatures:silverskeleton, 70, 1, 1
2249, river, minecraft:frozen_river, MONSTER, mocreatures:darkmanticore, 50, 1, 3
2250, river, minecraft:frozen_river, MONSTER, mocreatures:cavescorpion, 50, 1, 3
2251, river, minecraft:frozen_river, MONSTER, threateningly_mobs:moon_priest, 10, 1, 1
2252, river, minecraft:frozen_river, MONSTER, fantasyfauna:mushcap_glowing, 50, 2, 4
2253, river, minecraft:frozen_river, MONSTER, knights:noble, 50, 1, 1
2254, river, minecraft:frozen_river, MONSTER, ddenizens:orc, 35, 1, 1
2255, river, minecraft:frozen_river, MONSTER, threateningly_mobs:ore_drill, 32, 1, 1
2256, river, minecraft:frozen_river, MONSTER, mobz:tank_zombie, 10, 1, 1
2257, river, minecraft:frozen_river, MONSTER, knights:peasant, 60, 2, 3
2258, river, minecraft:frozen_river, MONSTER, fantasyfauna:possessed_armor, 20, 1, 1
2259, river, minecraft:frozen_river, MONSTER, creatures_expanded:prosperisher_zombie, 50, 1, 2
2260, river, minecraft:frozen_river, MONSTER, ddenizens:shadow, 30, 1, 1
2261, river, minecraft:frozen_river, MONSTER, creatures_expanded:shadowfiend, 35, 1, 2
2262, river, minecraft:frozen_river, MONSTER, ddenizens:shadowlord, 15, 1, 1
2263, river, minecraft:frozen_river, MONSTER, ddenizens:skeleton_warrior, 50, 1, 2
2264, river, minecraft:frozen_river, MONSTER, specialmobs:endercreeper, 10, 1, 4
2265, river, minecraft:frozen_river, MONSTER, specialmobs:drowningcreeper, 10, 1, 1
2266, river, minecraft:frozen_river, MONSTER, specialmobs:blueberryslime, 10, 1, 1
2267, river, minecraft:frozen_river, MONSTER, ddenizens:spectator, 25, 1, 1
2268, river, minecraft:frozen_river, MONSTER, creatures_expanded:tremorgue, 25, 1, 2
2269, river, minecraft:frozen_river, MONSTER, creatures_expanded:undead_necromancer, 35, 1, 1
2270, river, minecraft:frozen_river, MONSTER, specialmobs:giantskeleton, 70, 1, 1
2271, river, minecraft:frozen_river, MONSTER, mocreatures:biggolem, 20, 1, 1
2272, river, minecraft:frozen_river, MONSTER, mobz:small_zombie, 70, 1, 1
2273, river, minecraft:frozen_river, MONSTER, mocreatures:minigolem, 40, 1, 1
2274, river, minecraft:frozen_river, MONSTER, mocreatures:undeadscorpion, 50, 1, 1
2275, river, minecraft:frozen_river, MONSTER, mobz:zombie_mage, 70, 1, 1
2276, river, minecraft:frozen_river, MONSTER, mobz:bigboss, 50, 1, 1
2277, river, minecraft:frozen_river, CREATURE, mocreatures:duck, 12, 2, 4
2278, river, minecraft:frozen_river, CREATURE, mocreatures:bunny, 12, 2, 3
2279, river, minecraft:frozen_river, CREATURE, mocreatures:turtle, 12, 1, 3
2280, river, minecraft:frozen_river, CREATURE, mocreatures:leopard, 10, 1, 2
2281, river, minecraft:frozen_river, CREATURE, mocreatures:elephant, 10, 1, 2
2282, river, minecraft:frozen_river, CREATURE, mocreatures:fox, 10, 1, 1
2283, river, minecraft:frozen_river, CREATURE, mocreatures:wildpolarbear, 10, 1, 2
2284, river, minecraft:frozen_river, AMBIENT, ddenizens:boulder, 35, 1, 1
2285, river, minecraft:frozen_river, WATER_CREATURE, mocreatures:stingray, 10, 1, 2
2286, river, minecraft:frozen_river, WATER_CREATURE, mocreatures:angelfish, 12, 1, 6
2287, river, minecraft:frozen_river, WATER_CREATURE, mocreatures:salmon, 10, 1, 4
2288, river, minecraft:frozen_river, WATER_CREATURE, mocreatures:goldfish, 12, 1, 6
2289, river, minecraft:frozen_river, WATER_CREATURE, mocreatures:fishy, 12, 1, 6
2290, river, minecraft:frozen_river, WATER_CREATURE, mocreatures:bass, 10, 1, 4
2291, river, minecraft:frozen_river, WATER_CREATURE, mocreatures:anchovy, 12, 1, 6
2292, none, quark:glimmering_weald, MONSTER, creatures_expanded:abomination, 20, 1, 1
2293, none, quark:glimmering_weald, MONSTER, crypticfoes:howler, 30, 1, 3
2294, none, quark:glimmering_weald, MONSTER, graveyard:skeleton_creeper, 20, 1, 4
2295, none, quark:glimmering_weald, MONSTER, betterdefaultbiomes:lost_miner, 80, 1, 3
2296, none, quark:glimmering_weald, MONSTER, slimeoverhaul:air_slime, 18, 1, 2
2297, none, quark:glimmering_weald, MONSTER, alexsmobs:farseer, 30, 1, 1
2298, none, quark:glimmering_weald, MONSTER, arthropocolypse:millipede_head, 4, 1, 1
2299, none, quark:glimmering_weald, MONSTER, apocalypse:fearwolf, 20, 1, 4
2300, none, quark:glimmering_weald, MONSTER, knights:archer, 40, 2, 3
2301, none, quark:glimmering_weald, MONSTER, born_in_chaos_v1:baby_skeleton, 25, 1, 2
2302, none, quark:glimmering_weald, MONSTER, born_in_chaos_v1:baby_spider, 16, 3, 5
2303, none, quark:glimmering_weald, MONSTER, born_in_chaos_v1:barrel_zombie, 25, 1, 1
2304, none, quark:glimmering_weald, MONSTER, ddenizens:beholder, 10, 1, 1
2305, none, quark:glimmering_weald, MONSTER, quark:stoneling, 80, 1, 1
2306, none, quark:glimmering_weald, MONSTER, quark:toretoise, 80, 2, 4
2307, none, quark:glimmering_weald, MONSTER, born_in_chaos_v1:bloody_gadfly, 15, 1, 1
2308, none, quark:glimmering_weald, MONSTER, ophidiophobia:bone_snake, 25, 2, 4
2309, none, quark:glimmering_weald, MONSTER, born_in_chaos_v1:bonescaller, 11, 1, 1
2310, none, quark:glimmering_weald, MONSTER, creatures_expanded:brood_spider, 35, 1, 1
2311, none, quark:glimmering_weald, MONSTER, lummobs:cacus, 10, 1, 4
2312, none, quark:glimmering_weald, MONSTER, lummobs:cannon_head, 3, 1, 1
2313, none, quark:glimmering_weald, MONSTER, extractedmobs:black_slime, 80, 1, 3
2314, none, quark:glimmering_weald, MONSTER, extractedmobs:blue_slime, 60, 2, 4
2315, none, quark:glimmering_weald, MONSTER, extractedmobs:green_slime, 80, 2, 3
2316, none, quark:glimmering_weald, MONSTER, extractedmobs:pink_slime, 3, 1, 1
2317, none, quark:glimmering_weald, MONSTER, extractedmobs:purple_slime, 30, 1, 3
2318, none, quark:glimmering_weald, MONSTER, extractedmobs:red_slime, 80, 1, 2
2319, none, quark:glimmering_weald, MONSTER, extractedmobs:yellow_slime, 80, 1, 2
2320, none, quark:glimmering_weald, MONSTER, born_in_chaos_v1:corpse_fly, 12, 1, 3
2321, none, quark:glimmering_weald, MONSTER, creatures_expanded:crumbling_skeleton, 55, 1, 3
2322, none, quark:glimmering_weald, MONSTER, creatures_expanded:crystalline_golem, 20, 1, 1
2323, none, quark:glimmering_weald, MONSTER, creatures_expanded:crystalline_spider, 45, 1, 3
2324, none, quark:glimmering_weald, MONSTER, ddenizens:daemon, 1, 1, 1
2325, none, quark:glimmering_weald, MONSTER, born_in_chaos_v1:dark_vortex, 14, 1, 1
2326, none, quark:glimmering_weald, MONSTER, ddenizens:death_tyrant, 10, 1, 1
2327, none, quark:glimmering_weald, MONSTER, born_in_chaos_v1:decaying_zombie, 30, 1, 1
2328, none, quark:glimmering_weald, MONSTER, born_in_chaos_v1:decrepit_skeleton, 20, 1, 1
2329, none, quark:glimmering_weald, MONSTER, vvariants_of_titans:diabloni, 35, 1, 3
2330, none, quark:glimmering_weald, MONSTER, born_in_chaos_v1:dire_hound_leader, 4, 1, 1
2331, none, quark:glimmering_weald, MONSTER, born_in_chaos_v1:door_knight, 13, 1, 1
2332, none, quark:glimmering_weald, MONSTER, born_in_chaos_v1:dread_hound, 15, 3, 5
2333, none, quark:glimmering_weald, MONSTER, slimeoverhaul:earth_slime, 14, 1, 2
2334, none, quark:glimmering_weald, MONSTER, threateningly_mobs:elite_zombie_warrior, 6, 1, 2
2335, none, quark:glimmering_weald, MONSTER, creatures_expanded:embersmog, 40, 1, 3
2336, none, quark:glimmering_weald, MONSTER, born_in_chaos_v1:fallen_chaos_knight, 5, 1, 1
2337, none, quark:glimmering_weald, MONSTER, slimeoverhaul:flame_slime, 30, 2, 4
2338, none, quark:glimmering_weald, MONSTER, ddenizens:fossilized_skeleton, 25, 1, 2
2339, none, quark:glimmering_weald, MONSTER, creatures_expanded:fungal_ghoul, 60, 1, 2
2340, none, quark:glimmering_weald, MONSTER, creatures_expanded:gargoyle, 50, 1, 3
2341, none, quark:glimmering_weald, MONSTER, ddenizens:gazer, 25, 1, 1
2342, none, quark:glimmering_weald, MONSTER, ddenizens:ghoul, 25, 1, 1
2343, none, quark:glimmering_weald, MONSTER, creatures_expanded:gloomknight, 15, 1, 1
2344, none, quark:glimmering_weald, MONSTER, creatures_expanded:gloomweaver, 30, 1, 2
2345, none, quark:glimmering_weald, MONSTER, creatures_expanded:gnasheart, 60, 1, 4
2346, none, quark:glimmering_weald, MONSTER, creatures_expanded:graven, 36, 3, 5
2347, none, quark:glimmering_weald, MONSTER, ddenizens:headless, 40, 1, 1
2348, none, quark:glimmering_weald, MONSTER, knights:heavyknight, 25, 1, 1
2349, none, quark:glimmering_weald, MONSTER, rottencreatures:undead_miner, 20, 1, 4
2350, none, quark:glimmering_weald, MONSTER, ddenizens:iron_skeleton, 15, 1, 1
2351, none, quark:glimmering_weald, MONSTER, knights:knight, 50, 3, 5
2352, none, quark:glimmering_weald, MONSTER, born_in_chaos_v1:krampus, 2, 1, 1
2353, none, quark:glimmering_weald, MONSTER, born_in_chaos_v1:krampus_henchman, 9, 2, 3
2354, none, quark:glimmering_weald, MONSTER, threateningly_mobs:lich_re, 4, 1, 1
2355, none, quark:glimmering_weald, MONSTER, born_in_chaos_v1:lifestealer, 3, 1, 1
2356, none, quark:glimmering_weald, MONSTER, ddenizens:magma_skeleton, 40, 1, 1
2357, none, quark:glimmering_weald, MONSTER, aam:metalplate_wanderer, 20, 1, 1
2358, none, quark:glimmering_weald, MONSTER, born_in_chaos_v1:missioner, 4, 1, 1
2359, none, quark:glimmering_weald, MONSTER, creatures_expanded:miststalker, 40, 1, 1
2360, none, quark:glimmering_weald, MONSTER, from_hell_rewritten:molotov_creeper, 45, 1, 1
2361, none, quark:glimmering_weald, MONSTER, born_in_chaos_v1:mother_spider, 15, 1, 1
2362, none, quark:glimmering_weald, MONSTER, born_in_chaos_v1:mr_pumpkin, 15, 1, 3
2363, none, quark:glimmering_weald, MONSTER, born_in_chaos_v1:mrs_pumpkin, 13, 1, 1
2364, none, quark:glimmering_weald, MONSTER, fantasyfauna:mushcap_glowing, 50, 2, 4
2365, none, quark:glimmering_weald, MONSTER, born_in_chaos_v1:nightmare_stalker, 4, 1, 1
2366, none, quark:glimmering_weald, MONSTER, knights:noble, 50, 1, 1
2367, none, quark:glimmering_weald, MONSTER, ddenizens:orc, 35, 1, 1
2368, none, quark:glimmering_weald, MONSTER, threateningly_mobs:ore_drill, 32, 1, 1
2369, none, quark:glimmering_weald, MONSTER, vvariants_of_titans:parah, 55, 1, 4
2370, none, quark:glimmering_weald, MONSTER, knights:peasant, 60, 2, 3
2371, none, quark:glimmering_weald, MONSTER, born_in_chaos_v1:phantom_creeper, 8, 1, 1
2372, none, quark:glimmering_weald, MONSTER, aam:possessed_sword, 50, 1, 2
2373, none, quark:glimmering_weald, MONSTER, creatures_expanded:prosperisher_zombie, 50, 1, 2
2374, none, quark:glimmering_weald, MONSTER, born_in_chaos_v1:pumpkin_bruiser, 10, 1, 1
2375, none, quark:glimmering_weald, MONSTER, lummobs:purpleguy, 5, 1, 1
2376, none, quark:glimmering_weald, MONSTER, born_in_chaos_v1:restless_spirit, 20, 1, 1
2377, none, quark:glimmering_weald, MONSTER, vvariants_of_titans:rzombs, 15, 1, 1
2378, none, quark:glimmering_weald, MONSTER, born_in_chaos_v1:senor_pumpkin, 10, 1, 2
2379, none, quark:glimmering_weald, MONSTER, ddenizens:shadow, 30, 1, 1
2380, none, quark:glimmering_weald, MONSTER, creatures_expanded:shadowfiend, 35, 1, 2
2381, none, quark:glimmering_weald, MONSTER, ddenizens:shadowlord, 15, 1, 1
2382, none, quark:glimmering_weald, MONSTER, born_in_chaos_v1:siamese_skeletons, 16, 1, 1
2383, none, quark:glimmering_weald, MONSTER, born_in_chaos_v1:sir_pumpkinhead, 4, 1, 1
2384, none, quark:glimmering_weald, MONSTER, born_in_chaos_v1:skeleton_demoman, 12, 1, 1
2385, none, quark:glimmering_weald, MONSTER, born_in_chaos_v1:skeleton_thrasher, 8, 1, 1
2386, none, quark:glimmering_weald, MONSTER, ddenizens:skeleton_warrior, 50, 1, 2
2387, none, quark:glimmering_weald, MONSTER, lummobs:slabturtle_2, 15, 1, 3
2388, none, quark:glimmering_weald, MONSTER, specialmobs:endercreeper, 1, 1, 4
2389, none, quark:glimmering_weald, MONSTER, ddenizens:spectator, 25, 1, 1
2390, none, quark:glimmering_weald, MONSTER, born_in_chaos_v1:spirit_guide_assistant, 9, 2, 2
2391, none, quark:glimmering_weald, MONSTER, born_in_chaos_v1:spirit_guide, 16, 1, 1
2392, none, quark:glimmering_weald, MONSTER, born_in_chaos_v1:spiritof_chaos, 8, 1, 1
2393, none, quark:glimmering_weald, MONSTER, born_in_chaos_v1:supreme_bonescaller, 1, 1, 1
2394, none, quark:glimmering_weald, MONSTER, born_in_chaos_v1:swarmer, 11, 1, 1
2395, none, quark:glimmering_weald, MONSTER, creatures_expanded:tremorgue, 25, 1, 2
2396, none, quark:glimmering_weald, MONSTER, creatures_expanded:undead_necromancer, 35, 1, 1
2397, none, quark:glimmering_weald, MONSTER, slimeoverhaul:water_slime, 25, 1, 2
2398, none, quark:glimmering_weald, MONSTER, ddenizens:winged_skeleton, 40, 1, 2
2399, none, quark:glimmering_weald, MONSTER, born_in_chaos_v1:zombie_bruiser, 16, 1, 1
2400, none, quark:glimmering_weald, MONSTER, born_in_chaos_v1:zombie_clown, 8, 1, 1
2401, none, quark:glimmering_weald, MONSTER, born_in_chaos_v1:zombie_fisherman, 30, 1, 1
2402, none, quark:glimmering_weald, MONSTER, born_in_chaos_v1:zombie_lumberjack, 25, 1, 1
2403, none, quark:glimmering_weald, MONSTER, zombies_plus:runner_zombie, 40, 4, 4
2404, none, quark:glimmering_weald, MONSTER, zombies_plus:brute_zombie, 10, 4, 4
2405, none, quark:glimmering_weald, MONSTER, zombies_plus:axe_zombie, 15, 4, 4
2406, none, quark:glimmering_weald, MONSTER, zombies_plus:crawler_zombie, 15, 4, 4
2407, none, quark:glimmering_weald, MONSTER, zombies_plus:crossbow_zombie, 35, 4, 4
2408, none, quark:glimmering_weald, MONSTER, zombies_plus:bow_zombie, 35, 4, 4
2409, none, quark:glimmering_weald, MONSTER, zombies_plus:shrieker_zombie, 3, 4, 4
2410, none, quark:glimmering_weald, MONSTER, zombies_plus:sword_zombie, 15, 4, 4
2411, none, quark:glimmering_weald, MONSTER, zombies_plus:slow_zombie, 7, 4, 4
2412, none, quark:glimmering_weald, MONSTER, zombies_plus:cave_zombie, 30, 4, 4
2413, none, quark:glimmering_weald, MONSTER, zombie_mobs:zombiechicken, 20, 4, 6
2414, none, quark:glimmering_weald, MONSTER, zombie_mobs:zombiecow, 20, 4, 4
2415, none, quark:glimmering_weald, MONSTER, zombie_mobs:zombiepig, 20, 3, 3
2416, none, quark:glimmering_weald, CREATURE, quark:stoneling, 80, 1, 4
2417, none, quark:glimmering_weald, CREATURE, monsterexpansion:kobeko, 10, 1, 1
2418, none, quark:glimmering_weald, CREATURE, monsterexpansion:skrythe, 1, 1, 1
2419, none, quark:glimmering_weald, CREATURE, alexsmobs:mungus, 4, 3, 5
2420, none, quark:glimmering_weald, CREATURE, alexsmobs:bunfungus, 3, 1, 1
2421, none, quark:glimmering_weald, CREATURE, born_in_chaos_v1:thornshell_crab, 8, 1, 1
2422, none, quark:glimmering_weald, AMBIENT, alexsmobs:fly, 3, 2, 3
2423, none, quark:glimmering_weald, AMBIENT, ddenizens:boulder, 35, 1, 1
2424, none, quark:glimmering_weald, WATER_CREATURE, born_in_chaos_v1:corpse_fish, 7, 3, 5
2425, none, quark:glimmering_weald, WATER_CREATURE, born_in_chaos_v1:glutton_fish, 2, 1, 1
2426, none, quark:glimmering_weald, WATER_AMBIENT, alexsmobs:devils_hole_pupfish, 23, 5, 12
2427, none, darkerdepths:glowshroom_forest, MONSTER, creatures_expanded:abomination, 20, 1, 1
2428, none, darkerdepths:glowshroom_forest, MONSTER, darkerdepths:glowshroom_monster, 50, 1, 2
2429, none, darkerdepths:glowshroom_forest, MONSTER, crypticfoes:howler, 30, 1, 3
2430, none, darkerdepths:glowshroom_forest, MONSTER, graveyard:skeleton_creeper, 20, 1, 4
2431, none, darkerdepths:glowshroom_forest, MONSTER, betterdefaultbiomes:lost_miner, 80, 1, 3
2432, none, darkerdepths:glowshroom_forest, MONSTER, slimeoverhaul:air_slime, 18, 1, 2
2433, none, darkerdepths:glowshroom_forest, MONSTER, alexsmobs:centipede_head, 8, 1, 1
2434, none, darkerdepths:glowshroom_forest, MONSTER, alexsmobs:farseer, 30, 1, 1
2435, none, darkerdepths:glowshroom_forest, MONSTER, alexsmobs:murmur, 5, 1, 1
2436, none, darkerdepths:glowshroom_forest, MONSTER, arthropocolypse:millipede_head, 4, 1, 1
2437, none, darkerdepths:glowshroom_forest, MONSTER, apocalypse:fearwolf, 20, 1, 4
2438, none, darkerdepths:glowshroom_forest, MONSTER, knights:archer, 40, 2, 3
2439, none, darkerdepths:glowshroom_forest, MONSTER, born_in_chaos_v1:baby_skeleton, 25, 1, 2
2440, none, darkerdepths:glowshroom_forest, MONSTER, born_in_chaos_v1:baby_spider, 16, 3, 5
2441, none, darkerdepths:glowshroom_forest, MONSTER, born_in_chaos_v1:barrel_zombie, 25, 1, 1
2442, none, darkerdepths:glowshroom_forest, MONSTER, ddenizens:beholder, 10, 1, 1
2443, none, darkerdepths:glowshroom_forest, MONSTER, quark:stoneling, 80, 1, 1
2444, none, darkerdepths:glowshroom_forest, MONSTER, quark:toretoise, 80, 2, 4
2445, none, darkerdepths:glowshroom_forest, MONSTER, born_in_chaos_v1:bloody_gadfly, 15, 1, 1
2446, none, darkerdepths:glowshroom_forest, MONSTER, ophidiophobia:bone_snake, 25, 2, 4
2447, none, darkerdepths:glowshroom_forest, MONSTER, born_in_chaos_v1:bonescaller, 11, 1, 1
2448, none, darkerdepths:glowshroom_forest, MONSTER, creatures_expanded:brood_spider, 35, 1, 1
2449, none, darkerdepths:glowshroom_forest, MONSTER, lummobs:cacus, 10, 1, 4
2450, none, darkerdepths:glowshroom_forest, MONSTER, lummobs:cannon_head, 3, 1, 1
2451, none, darkerdepths:glowshroom_forest, MONSTER, extractedmobs:black_slime, 80, 1, 3
2452, none, darkerdepths:glowshroom_forest, MONSTER, extractedmobs:blue_slime, 60, 2, 4
2453, none, darkerdepths:glowshroom_forest, MONSTER, extractedmobs:green_slime, 80, 2, 3
2454, none, darkerdepths:glowshroom_forest, MONSTER, extractedmobs:pink_slime, 3, 1, 1
2455, none, darkerdepths:glowshroom_forest, MONSTER, extractedmobs:purple_slime, 30, 1, 3
2456, none, darkerdepths:glowshroom_forest, MONSTER, extractedmobs:red_slime, 80, 1, 2
2457, none, darkerdepths:glowshroom_forest, MONSTER, extractedmobs:yellow_slime, 80, 1, 2
2458, none, darkerdepths:glowshroom_forest, MONSTER, born_in_chaos_v1:corpse_fly, 12, 1, 3
2459, none, darkerdepths:glowshroom_forest, MONSTER, creatures_expanded:crumbling_skeleton, 55, 1, 3
2460, none, darkerdepths:glowshroom_forest, MONSTER, creatures_expanded:crystalline_golem, 20, 1, 1
2461, none, darkerdepths:glowshroom_forest, MONSTER, creatures_expanded:crystalline_spider, 45, 1, 3
2462, none, darkerdepths:glowshroom_forest, MONSTER, ddenizens:daemon, 1, 1, 1
2463, none, darkerdepths:glowshroom_forest, MONSTER, born_in_chaos_v1:dark_vortex, 14, 1, 1
2464, none, darkerdepths:glowshroom_forest, MONSTER, ddenizens:death_tyrant, 10, 1, 1
2465, none, darkerdepths:glowshroom_forest, MONSTER, born_in_chaos_v1:decaying_zombie, 30, 1, 1
2466, none, darkerdepths:glowshroom_forest, MONSTER, born_in_chaos_v1:decrepit_skeleton, 20, 1, 1
2467, none, darkerdepths:glowshroom_forest, MONSTER, vvariants_of_titans:diabloni, 35, 1, 3
2468, none, darkerdepths:glowshroom_forest, MONSTER, born_in_chaos_v1:dire_hound_leader, 4, 1, 1
2469, none, darkerdepths:glowshroom_forest, MONSTER, born_in_chaos_v1:door_knight, 13, 1, 1
2470, none, darkerdepths:glowshroom_forest, MONSTER, born_in_chaos_v1:dread_hound, 15, 3, 5
2471, none, darkerdepths:glowshroom_forest, MONSTER, slimeoverhaul:earth_slime, 14, 1, 2
2472, none, darkerdepths:glowshroom_forest, MONSTER, threateningly_mobs:elite_zombie_warrior, 6, 1, 2
2473, none, darkerdepths:glowshroom_forest, MONSTER, creatures_expanded:embersmog, 40, 1, 3
2474, none, darkerdepths:glowshroom_forest, MONSTER, born_in_chaos_v1:fallen_chaos_knight, 5, 1, 1
2475, none, darkerdepths:glowshroom_forest, MONSTER, slimeoverhaul:flame_slime, 30, 2, 4
2476, none, darkerdepths:glowshroom_forest, MONSTER, ddenizens:fossilized_skeleton, 25, 1, 2
2477, none, darkerdepths:glowshroom_forest, MONSTER, creatures_expanded:fungal_ghoul, 60, 1, 2
2478, none, darkerdepths:glowshroom_forest, MONSTER, creatures_expanded:gargoyle, 50, 1, 3
2479, none, darkerdepths:glowshroom_forest, MONSTER, ddenizens:gazer, 25, 1, 1
2480, none, darkerdepths:glowshroom_forest, MONSTER, ddenizens:ghoul, 25, 1, 1
2481, none, darkerdepths:glowshroom_forest, MONSTER, creatures_expanded:gloomknight, 15, 1, 1
2482, none, darkerdepths:glowshroom_forest, MONSTER, creatures_expanded:gloomweaver, 30, 1, 2
2483, none, darkerdepths:glowshroom_forest, MONSTER, creatures_expanded:gnasheart, 60, 1, 4
2484, none, darkerdepths:glowshroom_forest, MONSTER, creatures_expanded:graven, 36, 3, 5
2485, none, darkerdepths:glowshroom_forest, MONSTER, ddenizens:headless, 40, 1, 1
2486, none, darkerdepths:glowshroom_forest, MONSTER, knights:heavyknight, 25, 1, 1
2487, none, darkerdepths:glowshroom_forest, MONSTER, rottencreatures:undead_miner, 20, 1, 4
2488, none, darkerdepths:glowshroom_forest, MONSTER, ddenizens:iron_skeleton, 15, 1, 1
2489, none, darkerdepths:glowshroom_forest, MONSTER, knights:knight, 50, 3, 5
2490, none, darkerdepths:glowshroom_forest, MONSTER, born_in_chaos_v1:krampus, 2, 1, 1
2491, none, darkerdepths:glowshroom_forest, MONSTER, born_in_chaos_v1:krampus_henchman, 9, 2, 3
2492, none, darkerdepths:glowshroom_forest, MONSTER, threateningly_mobs:lich_re, 4, 1, 1
2493, none, darkerdepths:glowshroom_forest, MONSTER, born_in_chaos_v1:lifestealer, 3, 1, 1
2494, none, darkerdepths:glowshroom_forest, MONSTER, magma_monsters:magma_monster_grunt, 20, 1, 3
2495, none, darkerdepths:glowshroom_forest, MONSTER, magma_monsters:magma_monster, 20, 1, 3
2496, none, darkerdepths:glowshroom_forest, MONSTER, ddenizens:magma_skeleton, 40, 1, 1
2497, none, darkerdepths:glowshroom_forest, MONSTER, aam:metalplate_wanderer, 20, 1, 1
2498, none, darkerdepths:glowshroom_forest, MONSTER, born_in_chaos_v1:missioner, 4, 1, 1
2499, none, darkerdepths:glowshroom_forest, MONSTER, creatures_expanded:miststalker, 40, 1, 1
2500, none, darkerdepths:glowshroom_forest, MONSTER, from_hell_rewritten:molotov_creeper, 45, 1, 1
2501, none, darkerdepths:glowshroom_forest, MONSTER, born_in_chaos_v1:mother_spider, 15, 1, 1
2502, none, darkerdepths:glowshroom_forest, MONSTER, mowziesmobs:grottol, 2, 1, 1
2503, none, darkerdepths:glowshroom_forest, MONSTER, born_in_chaos_v1:mr_pumpkin, 15, 1, 3
2504, none, darkerdepths:glowshroom_forest, MONSTER, born_in_chaos_v1:mrs_pumpkin, 13, 1, 1
2505, none, darkerdepths:glowshroom_forest, MONSTER, fantasyfauna:mushcap_glowing, 50, 2, 4
2506, none, darkerdepths:glowshroom_forest, MONSTER, born_in_chaos_v1:nightmare_stalker, 4, 1, 1
2507, none, darkerdepths:glowshroom_forest, MONSTER, knights:noble, 50, 1, 1
2508, none, darkerdepths:glowshroom_forest, MONSTER, ddenizens:orc, 35, 1, 1
2509, none, darkerdepths:glowshroom_forest, MONSTER, threateningly_mobs:ore_drill, 32, 1, 1
2510, none, darkerdepths:glowshroom_forest, MONSTER, vvariants_of_titans:parah, 55, 1, 4
2511, none, darkerdepths:glowshroom_forest, MONSTER, knights:peasant, 60, 2, 3
2512, none, darkerdepths:glowshroom_forest, MONSTER, born_in_chaos_v1:phantom_creeper, 8, 1, 1
2513, none, darkerdepths:glowshroom_forest, MONSTER, aam:possessed_sword, 50, 1, 2
2514, none, darkerdepths:glowshroom_forest, MONSTER, creatures_expanded:prosperisher_zombie, 50, 1, 2
2515, none, darkerdepths:glowshroom_forest, MONSTER, born_in_chaos_v1:pumpkin_bruiser, 10, 1, 1
2516, none, darkerdepths:glowshroom_forest, MONSTER, lummobs:purpleguy, 5, 1, 1
2517, none, darkerdepths:glowshroom_forest, MONSTER, born_in_chaos_v1:restless_spirit, 20, 1, 1
2518, none, darkerdepths:glowshroom_forest, MONSTER, vvariants_of_titans:rzombs, 15, 1, 1
2519, none, darkerdepths:glowshroom_forest, MONSTER, born_in_chaos_v1:senor_pumpkin, 10, 1, 2
2520, none, darkerdepths:glowshroom_forest, MONSTER, ddenizens:shadow, 30, 1, 1
2521, none, darkerdepths:glowshroom_forest, MONSTER, creatures_expanded:shadowfiend, 35, 1, 2
2522, none, darkerdepths:glowshroom_forest, MONSTER, ddenizens:shadowlord, 15, 1, 1
2523, none, darkerdepths:glowshroom_forest, MONSTER, born_in_chaos_v1:siamese_skeletons, 16, 1, 1
2524, none, darkerdepths:glowshroom_forest, MONSTER, born_in_chaos_v1:sir_pumpkinhead, 4, 1, 1
2525, none, darkerdepths:glowshroom_forest, MONSTER, born_in_chaos_v1:skeleton_demoman, 12, 1, 1
2526, none, darkerdepths:glowshroom_forest, MONSTER, born_in_chaos_v1:skeleton_thrasher, 8, 1, 1
2527, none, darkerdepths:glowshroom_forest, MONSTER, ddenizens:skeleton_warrior, 50, 1, 2
2528, none, darkerdepths:glowshroom_forest, MONSTER, lummobs:slabturtle_2, 15, 1, 3
2529, none, darkerdepths:glowshroom_forest, MONSTER, specialmobs:endercreeper, 1, 1, 4
2530, none, darkerdepths:glowshroom_forest, MONSTER, ddenizens:spectator, 25, 1, 1
2531, none, darkerdepths:glowshroom_forest, MONSTER, born_in_chaos_v1:spirit_guide_assistant, 9, 2, 2
2532, none, darkerdepths:glowshroom_forest, MONSTER, born_in_chaos_v1:spirit_guide, 16, 1, 1
2533, none, darkerdepths:glowshroom_forest, MONSTER, born_in_chaos_v1:spiritof_chaos, 8, 1, 1
2534, none, darkerdepths:glowshroom_forest, MONSTER, born_in_chaos_v1:supreme_bonescaller, 1, 1, 1
2535, none, darkerdepths:glowshroom_forest, MONSTER, born_in_chaos_v1:swarmer, 11, 1, 1
2536, none, darkerdepths:glowshroom_forest, MONSTER, creatures_expanded:tremorgue, 25, 1, 2
2537, none, darkerdepths:glowshroom_forest, MONSTER, creatures_expanded:undead_necromancer, 35, 1, 1
2538, none, darkerdepths:glowshroom_forest, MONSTER, slimeoverhaul:water_slime, 25, 1, 2
2539, none, darkerdepths:glowshroom_forest, MONSTER, ddenizens:winged_skeleton, 40, 1, 2
2540, none, darkerdepths:glowshroom_forest, MONSTER, born_in_chaos_v1:zombie_bruiser, 16, 1, 1
2541, none, darkerdepths:glowshroom_forest, MONSTER, born_in_chaos_v1:zombie_clown, 8, 1, 1
2542, none, darkerdepths:glowshroom_forest, MONSTER, born_in_chaos_v1:zombie_fisherman, 30, 1, 1
2543, none, darkerdepths:glowshroom_forest, MONSTER, born_in_chaos_v1:zombie_lumberjack, 25, 1, 1
2544, none, darkerdepths:glowshroom_forest, MONSTER, zombies_plus:runner_zombie, 40, 4, 4
2545, none, darkerdepths:glowshroom_forest, MONSTER, zombies_plus:brute_zombie, 10, 4, 4
2546, none, darkerdepths:glowshroom_forest, MONSTER, zombies_plus:axe_zombie, 15, 4, 4
2547, none, darkerdepths:glowshroom_forest, MONSTER, zombies_plus:crawler_zombie, 15, 4, 4
2548, none, darkerdepths:glowshroom_forest, MONSTER, zombies_plus:crossbow_zombie, 35, 4, 4
2549, none, darkerdepths:glowshroom_forest, MONSTER, zombies_plus:bow_zombie, 35, 4, 4
2550, none, darkerdepths:glowshroom_forest, MONSTER, zombies_plus:shrieker_zombie, 3, 4, 4
2551, none, darkerdepths:glowshroom_forest, MONSTER, zombies_plus:sword_zombie, 15, 4, 4
2552, none, darkerdepths:glowshroom_forest, MONSTER, zombies_plus:slow_zombie, 7, 4, 4
2553, none, darkerdepths:glowshroom_forest, MONSTER, zombies_plus:cave_zombie, 30, 4, 4
2554, none, darkerdepths:glowshroom_forest, MONSTER, zombie_mobs:zombiechicken, 20, 4, 6
2555, none, darkerdepths:glowshroom_forest, MONSTER, zombie_mobs:zombiecow, 20, 4, 4
2556, none, darkerdepths:glowshroom_forest, MONSTER, zombie_mobs:zombiepig, 20, 3, 3
2557, none, darkerdepths:glowshroom_forest, CREATURE, monsterexpansion:kobeko, 10, 1, 1
2558, none, darkerdepths:glowshroom_forest, CREATURE, monsterexpansion:skrythe, 1, 1, 1
2559, none, darkerdepths:glowshroom_forest, CREATURE, born_in_chaos_v1:thornshell_crab, 8, 1, 1
2560, none, darkerdepths:glowshroom_forest, AMBIENT, alexsmobs:fly, 3, 2, 3
2561, none, darkerdepths:glowshroom_forest, AMBIENT, alexsmobs:cockroach, 4, 5, 5
2562, none, darkerdepths:glowshroom_forest, AMBIENT, ddenizens:boulder, 35, 1, 1
2563, none, darkerdepths:glowshroom_forest, WATER_CREATURE, born_in_chaos_v1:corpse_fish, 7, 3, 5
2564, none, darkerdepths:glowshroom_forest, WATER_CREATURE, born_in_chaos_v1:glutton_fish, 2, 1, 1
2565, none, darkerdepths:glowshroom_forest, WATER_AMBIENT, alexsmobs:devils_hole_pupfish, 23, 5, 12
2566, forest, minecraft:grove, MONSTER, creatures_expanded:abomination, 20, 1, 1
2567, forest, minecraft:grove, MONSTER, knights:archer, 40, 2, 3
2568, forest, minecraft:grove, MONSTER, ddenizens:beholder, 10, 1, 1
2569, forest, minecraft:grove, MONSTER, creatures_expanded:brood_spider, 35, 1, 1
2570, forest, minecraft:grove, MONSTER, threateningly_mobs:cave_hunter, 12, 1, 1
2571, forest, minecraft:grove, MONSTER, creatures_expanded:crumbling_skeleton, 50, 1, 1
2572, forest, minecraft:grove, MONSTER, creatures_expanded:crystalline_golem, 20, 1, 1
2573, forest, minecraft:grove, MONSTER, creatures_expanded:crystalline_spider, 45, 1, 3
2574, forest, minecraft:grove, MONSTER, ddenizens:daemon, 10, 1, 1
2575, forest, minecraft:grove, MONSTER, ddenizens:death_tyrant, 10, 1, 1
2576, forest, minecraft:grove, MONSTER, threateningly_mobs:elite_zombie_warrior, 10, 1, 2
2577, forest, minecraft:grove, MONSTER, creatures_expanded:embersmog, 40, 1, 3
2578, forest, minecraft:grove, MONSTER, ddenizens:fossilized_skeleton, 25, 1, 2
2579, forest, minecraft:grove, MONSTER, creatures_expanded:fungal_ghoul, 60, 1, 2
2580, forest, minecraft:grove, MONSTER, creatures_expanded:gargoyle, 50, 1, 3
2581, forest, minecraft:grove, MONSTER, ddenizens:gazer, 25, 1, 1
2582, forest, minecraft:grove, MONSTER, ddenizens:ghoul, 25, 1, 1
2583, forest, minecraft:grove, MONSTER, creatures_expanded:gloomknight, 5, 1, 1
2584, forest, minecraft:grove, MONSTER, creatures_expanded:gloomweaver, 30, 1, 2
2585, forest, minecraft:grove, MONSTER, creatures_expanded:gnasheart, 60, 1, 4
2586, forest, minecraft:grove, MONSTER, creatures_expanded:graven, 36, 3, 5
2587, forest, minecraft:grove, MONSTER, ddenizens:headless, 40, 1, 1
2588, forest, minecraft:grove, MONSTER, knights:heavyknight, 40, 1, 1
2589, forest, minecraft:grove, MONSTER, iceandfire:dread_lich, 10, 1, 1
2590, forest, minecraft:grove, MONSTER, iceandfire:troll, 40, 1, 3
2591, forest, minecraft:grove, MONSTER, ddenizens:iron_skeleton, 15, 1, 1
2592, forest, minecraft:grove, MONSTER, knights:knight, 50, 3, 5
2593, forest, minecraft:grove, MONSTER, threateningly_mobs:lich_re, 10, 1, 1
2594, forest, minecraft:grove, MONSTER, ddenizens:magma_skeleton, 40, 1, 1
2595, forest, minecraft:grove, MONSTER, threateningly_mobs:mega_aphid, 16, 1, 2
2596, forest, minecraft:grove, MONSTER, creatures_expanded:miststalker, 40, 1, 1
2597, forest, minecraft:grove, MONSTER, mocreatures:werewolf, 10, 1, 4
2598, forest, minecraft:grove, MONSTER, mocreatures:biggolem, 10, 1, 1
2599, forest, minecraft:grove, MONSTER, mocreatures:wwolf, 10, 1, 3
2600, forest, minecraft:grove, MONSTER, mocreatures:rat, 10, 1, 2
2601, forest, minecraft:grove, MONSTER, mocreatures:minigolem, 40, 1, 1
2602, forest, minecraft:grove, MONSTER, mocreatures:frostmanticore, 40, 1, 3
2603, forest, minecraft:grove, MONSTER, mocreatures:caveogre, 50, 1, 2
2604, forest, minecraft:grove, MONSTER, mocreatures:plainmanticore, 50, 1, 1
2605, forest, minecraft:grove, MONSTER, mocreatures:frostscorpion, 40, 1, 3
2606, forest, minecraft:grove, MONSTER, mocreatures:silverskeleton, 70, 1, 1
2607, forest, minecraft:grove, MONSTER, mocreatures:darkmanticore, 50, 1, 3
2608, forest, minecraft:grove, MONSTER, mocreatures:cavescorpion, 50, 1, 3
2609, forest, minecraft:grove, MONSTER, mocreatures:wraith, 50, 1, 1
2610, forest, minecraft:grove, MONSTER, fantasyfauna:mushcap_glowing, 50, 2, 4
2611, forest, minecraft:grove, MONSTER, knights:noble, 50, 1, 1
2612, forest, minecraft:grove, MONSTER, ddenizens:orc, 35, 1, 1
2613, forest, minecraft:grove, MONSTER, threateningly_mobs:ore_drill, 32, 1, 1
2614, forest, minecraft:grove, MONSTER, mobz:tank_zombie, 10, 1, 1
2615, forest, minecraft:grove, MONSTER, knights:peasant, 60, 2, 3
2616, forest, minecraft:grove, MONSTER, fantasyfauna:possessed_armor, 20, 1, 1
2617, forest, minecraft:grove, MONSTER, creatures_expanded:prosperisher_zombie, 50, 1, 2
2618, forest, minecraft:grove, MONSTER, threateningly_mobs:re_rock_snail, 10, 1, 1
2619, forest, minecraft:grove, MONSTER, ddenizens:shadow, 30, 1, 1
2620, forest, minecraft:grove, MONSTER, threateningly_mobs:shadow_spider, 16, 1, 2
2621, forest, minecraft:grove, MONSTER, creatures_expanded:shadowfiend, 35, 1, 2
2622, forest, minecraft:grove, MONSTER, ddenizens:shadowlord, 15, 1, 1
2623, forest, minecraft:grove, MONSTER, ddenizens:skeleton_warrior, 50, 1, 2
2624, forest, minecraft:grove, MONSTER, mobz:frost_blaze, 40, 1, 1
2625, forest, minecraft:grove, MONSTER, mobz:frost_creeper, 40, 1, 1
2626, forest, minecraft:grove, MONSTER, mobz:ice_golem, 10, 1, 1
2627, forest, minecraft:grove, MONSTER, specialmobs:endercreeper, 10, 1, 4
2628, forest, minecraft:grove, MONSTER, ddenizens:spectator, 25, 1, 1
2629, forest, minecraft:grove, MONSTER, threateningly_mobs:the_earthloong, 10, 1, 1
2630, forest, minecraft:grove, MONSTER, creatures_expanded:tremorgue, 25, 1, 2
2631, forest, minecraft:grove, MONSTER, creatures_expanded:undead_necromancer, 35, 1, 1
2632, forest, minecraft:grove, MONSTER, ddenizens:winged_skeleton, 70, 1, 1
2633, forest, minecraft:grove, MONSTER, specialmobs:giantskeleton, 70, 1, 1
2634, forest, minecraft:grove, MONSTER, mobz:small_zombie, 70, 1, 1
2635, forest, minecraft:grove, MONSTER, mocreatures:undeadscorpion, 50, 1, 1
2636, forest, minecraft:grove, MONSTER, mobz:zombie_mage, 70, 1, 1
2637, forest, minecraft:grove, MONSTER, mobz:bigboss, 50, 1, 1
2638, forest, minecraft:grove, MONSTER, specialmobs:bruteskeleton, 70, 1, 1
2639, forest, minecraft:grove, MONSTER, specialmobs:gatlingskeleton, 70, 1, 1
2640, forest, minecraft:grove, MONSTER, specialmobs:knightskeleton, 70, 1, 1
2641, forest, minecraft:grove, MONSTER, specialmobs:ninjaskeleton, 70, 1, 1
2642, forest, minecraft:grove, MONSTER, specialmobs:sniperskeleton, 70, 1, 1
2643, forest, minecraft:grove, MONSTER, specialmobs:brutezombie, 70, 1, 1
2644, forest, minecraft:grove, MONSTER, specialmobs:plaguezombie, 70, 1, 1
2645, forest, minecraft:grove, MONSTER, specialmobs:fishingzombie, 70, 1, 1
2646, forest, minecraft:grove, MONSTER, specialmobs:hungryzombie, 70, 1, 1
2647, forest, minecraft:grove, MONSTER, specialmobs:minicreeper, 40, 1, 1
2648, forest, minecraft:grove, MONSTER, threateningly_mobs:steelboar, 10, 1, 1
2649, forest, minecraft:grove, MONSTER, threateningly_mobs:forest_drake, 40, 1, 3
2650, forest, minecraft:grove, CREATURE, iceandfire:hippogryph, 60, 1, 1
2651, forest, minecraft:grove, CREATURE, mocreatures:boar, 12, 2, 2
2652, forest, minecraft:grove, CREATURE, mocreatures:mouse, 10, 1, 2
2653, forest, minecraft:grove, CREATURE, mocreatures:bird, 16, 2, 3
2654, forest, minecraft:grove, CREATURE, mocreatures:bunny, 12, 2, 3
2655, forest, minecraft:grove, CREATURE, mocreatures:blackbear, 10, 1, 3
2656, forest, minecraft:grove, CREATURE, mocreatures:mole, 10, 1, 2
2657, forest, minecraft:grove, CREATURE, mocreatures:grizzlybear, 40, 1, 2
2658, forest, minecraft:grove, CREATURE, mocreatures:leopard, 10, 1, 2
2659, forest, minecraft:grove, CREATURE, mocreatures:turkey, 12, 1, 2
2660, forest, minecraft:grove, CREATURE, mocreatures:elephant, 10, 1, 2
2661, forest, minecraft:grove, CREATURE, mocreatures:deer, 10, 1, 2
2662, forest, minecraft:grove, CREATURE, mocreatures:snake, 14, 1, 2
2663, forest, minecraft:grove, CREATURE, mocreatures:kitty, 10, 1, 2
2664, forest, minecraft:grove, CREATURE, mocreatures:fox, 10, 1, 1
2665, forest, minecraft:grove, CREATURE, mocreatures:ent, 10, 1, 2
2666, forest, minecraft:grove, CREATURE, mocreatures:wildpolarbear, 10, 1, 2
2667, forest, minecraft:grove, CREATURE, mocreatures:raccoon, 12, 1, 2
2668, forest, minecraft:grove, CREATURE, mobz:black_bear, 40, 1, 2
2669, forest, minecraft:grove, CREATURE, mobz:boar, 10, 2, 3
2670, forest, minecraft:grove, AMBIENT, ddenizens:boulder, 35, 1, 1
2671, forest, minecraft:grove, AMBIENT, mocreatures:bee, 10, 1, 2
2672, forest, minecraft:grove, AMBIENT, mocreatures:firefly, 10, 1, 2
2673, forest, minecraft:grove, AMBIENT, mocreatures:dragonfly, 10, 1, 2
2674, forest, minecraft:grove, AMBIENT, mocreatures:butterfly, 12, 1, 4
2675, forest, minecraft:grove, AMBIENT, mocreatures:ant, 12, 1, 4
2676, forest, minecraft:grove, AMBIENT, mocreatures:grasshopper, 10, 1, 2
2677, forest, minecraft:grove, AMBIENT, mocreatures:fly, 12, 1, 2
2678, forest, minecraft:grove, AMBIENT, mocreatures:cricket, 10, 1, 2
2679, forest, minecraft:grove, AMBIENT, fantasyfauna:mossolith, 20, 1, 4
2680, forest, minecraft:grove, AMBIENT, fantasyfauna:mushcap_brown, 20, 2, 4
2681, forest, minecraft:grove, AMBIENT, fantasyfauna:mushcap_red, 20, 2, 4
2682, forest, minecraft:grove, AMBIENT, fantasyfauna:mushcap_vishroom, 10, 2, 4
2683, forest, minecraft:grove, AMBIENT, fantasyfauna:wisp, 60, 1, 2
2684, forest, minecraft:grove, WATER_CREATURE, mocreatures:salmon, 10, 1, 4
2685, forest, minecraft:grove, WATER_CREATURE, mocreatures:fishy, 12, 1, 6
2686, forest, minecraft:grove, WATER_CREATURE, mocreatures:bass, 10, 1, 4
2687, none, minecraft:ice_spikes, MONSTER, creatures_expanded:abomination, 20, 1, 1
2688, none, minecraft:ice_spikes, MONSTER, creatures_expanded:anguished, 70, 1, 4
2689, none, minecraft:ice_spikes, MONSTER, knights:archer, 40, 2, 3
2690, none, minecraft:ice_spikes, MONSTER, ddenizens:beholder, 10, 1, 1
2691, none, minecraft:ice_spikes, MONSTER, creatures_expanded:brood_spider, 35, 1, 1
2692, none, minecraft:ice_spikes, MONSTER, threateningly_mobs:cave_hunter, 12, 1, 1
2693, none, minecraft:ice_spikes, MONSTER, creatures_expanded:crumbling_skeleton, 50, 1, 1
2694, none, minecraft:ice_spikes, MONSTER, creatures_expanded:cryofang_spider, 40, 1, 2
2695, none, minecraft:ice_spikes, MONSTER, creatures_expanded:crystalline_golem, 20, 1, 1
2696, none, minecraft:ice_spikes, MONSTER, creatures_expanded:crystalline_spider, 45, 1, 3
2697, none, minecraft:ice_spikes, MONSTER, ddenizens:daemon, 10, 1, 1
2698, none, minecraft:ice_spikes, MONSTER, ddenizens:death_tyrant, 10, 1, 1
2699, none, minecraft:ice_spikes, MONSTER, threateningly_mobs:elite_zombie_warrior, 10, 1, 2
2700, none, minecraft:ice_spikes, MONSTER, creatures_expanded:embersmog, 40, 1, 3
2701, none, minecraft:ice_spikes, MONSTER, ddenizens:fossilized_skeleton, 25, 1, 2
2702, none, minecraft:ice_spikes, MONSTER, threateningly_mobs:frostbite, 15, 1, 1
2703, none, minecraft:ice_spikes, MONSTER, creatures_expanded:fungal_ghoul, 60, 1, 2
2704, none, minecraft:ice_spikes, MONSTER, creatures_expanded:gargoyle, 50, 1, 3
2705, none, minecraft:ice_spikes, MONSTER, ddenizens:gazer, 25, 1, 1
2706, none, minecraft:ice_spikes, MONSTER, ddenizens:ghoul, 25, 1, 1
2707, none, minecraft:ice_spikes, MONSTER, creatures_expanded:gloomknight, 5, 1, 1
2708, none, minecraft:ice_spikes, MONSTER, creatures_expanded:gloomweaver, 30, 1, 2
2709, none, minecraft:ice_spikes, MONSTER, creatures_expanded:gnasheart, 60, 1, 4
2710, none, minecraft:ice_spikes, MONSTER, creatures_expanded:graven, 36, 3, 5
2711, none, minecraft:ice_spikes, MONSTER, ddenizens:headless, 40, 1, 1
2712, none, minecraft:ice_spikes, MONSTER, knights:heavyknight, 40, 1, 1
2713, none, minecraft:ice_spikes, MONSTER, iceandfire:dread_lich, 10, 1, 1
2714, none, minecraft:ice_spikes, MONSTER, iceandfire:troll, 40, 1, 3
2715, none, minecraft:ice_spikes, MONSTER, ddenizens:iron_skeleton, 15, 1, 1
2716, none, minecraft:ice_spikes, MONSTER, knights:knight, 50, 3, 5
2717, none, minecraft:ice_spikes, MONSTER, threateningly_mobs:lich_re, 10, 1, 1
2718, none, minecraft:ice_spikes, MONSTER, ddenizens:magma_skeleton, 40, 1, 1
2719, none, minecraft:ice_spikes, MONSTER, creatures_expanded:miststalker, 40, 1, 1
2720, none, minecraft:ice_spikes, MONSTER, mocreatures:wwolf, 10, 1, 3
2721, none, minecraft:ice_spikes, MONSTER, mocreatures:frostmanticore, 40, 1, 3
2722, none, minecraft:ice_spikes, MONSTER, mocreatures:frostscorpion, 40, 1, 3
2723, none, minecraft:ice_spikes, MONSTER, mocreatures:silverskeleton, 70, 1, 1
2724, none, minecraft:ice_spikes, MONSTER, mocreatures:darkmanticore, 50, 1, 3
2725, none, minecraft:ice_spikes, MONSTER, mocreatures:cavescorpion, 50, 1, 3
2726, none, minecraft:ice_spikes, MONSTER, threateningly_mobs:moon_priest, 10, 1, 1
2727, none, minecraft:ice_spikes, MONSTER, fantasyfauna:mushcap_glowing, 50, 2, 4
2728, none, minecraft:ice_spikes, MONSTER, knights:noble, 50, 1, 1
2729, none, minecraft:ice_spikes, MONSTER, ddenizens:orc, 35, 1, 1
2730, none, minecraft:ice_spikes, MONSTER, threateningly_mobs:ore_drill, 32, 1, 1
2731, none, minecraft:ice_spikes, MONSTER, mobz:tank_zombie, 10, 1, 1
2732, none, minecraft:ice_spikes, MONSTER, knights:peasant, 60, 2, 3
2733, none, minecraft:ice_spikes, MONSTER, fantasyfauna:possessed_armor, 20, 1, 1
2734, none, minecraft:ice_spikes, MONSTER, creatures_expanded:prosperisher_zombie, 50, 1, 2
2735, none, minecraft:ice_spikes, MONSTER, ddenizens:shadow, 30, 1, 1
2736, none, minecraft:ice_spikes, MONSTER, creatures_expanded:shadowfiend, 35, 1, 2
2737, none, minecraft:ice_spikes, MONSTER, ddenizens:shadowlord, 15, 1, 1
2738, none, minecraft:ice_spikes, MONSTER, ddenizens:skeleton_warrior, 50, 1, 2
2739, none, minecraft:ice_spikes, MONSTER, mobz:frost_blaze, 40, 1, 1
2740, none, minecraft:ice_spikes, MONSTER, mobz:frost_creeper, 40, 1, 1
2741, none, minecraft:ice_spikes, MONSTER, mobz:ice_golem, 10, 1, 1
2742, none, minecraft:ice_spikes, MONSTER, specialmobs:endercreeper, 10, 1, 4
2743, none, minecraft:ice_spikes, MONSTER, ddenizens:spectator, 25, 1, 1
2744, none, minecraft:ice_spikes, MONSTER, creatures_expanded:tremorgue, 25, 1, 2
2745, none, minecraft:ice_spikes, MONSTER, creatures_expanded:undead_necromancer, 35, 1, 1
2746, none, minecraft:ice_spikes, MONSTER, ddenizens:winged_skeleton, 70, 1, 1
2747, none, minecraft:ice_spikes, MONSTER, mocreatures:frostmanticore, 40, 1, 1
2748, none, minecraft:ice_spikes, MONSTER, mocreatures:frostscorpion, 40, 1, 1
2749, none, minecraft:ice_spikes, MONSTER, specialmobs:bruteskeleton, 70, 1, 1
2750, none, minecraft:ice_spikes, MONSTER, specialmobs:gatlingskeleton, 70, 1, 1
2751, none, minecraft:ice_spikes, MONSTER, specialmobs:knightskeleton, 70, 1, 1
2752, none, minecraft:ice_spikes, MONSTER, specialmobs:ninjaskeleton, 70, 1, 1
2753, none, minecraft:ice_spikes, MONSTER, specialmobs:sniperskeleton, 70, 1, 1
2754, none, minecraft:ice_spikes, MONSTER, specialmobs:brutezombie, 70, 1, 1
2755, none, minecraft:ice_spikes, MONSTER, specialmobs:plaguezombie, 70, 1, 1
2756, none, minecraft:ice_spikes, MONSTER, specialmobs:fishingzombie, 70, 1, 1
2757, none, minecraft:ice_spikes, MONSTER, specialmobs:hungryzombie, 70, 1, 1
2758, none, minecraft:ice_spikes, MONSTER, specialmobs:minicreeper, 40, 1, 1
2759, none, minecraft:ice_spikes, MONSTER, specialmobs:snowcreeper, 40, 1, 1
2760, none, minecraft:ice_spikes, CREATURE, mocreatures:bunny, 12, 2, 3
2761, none, minecraft:ice_spikes, CREATURE, mocreatures:leopard, 10, 1, 2
2762, none, minecraft:ice_spikes, CREATURE, mocreatures:elephant, 10, 1, 2
2763, none, minecraft:ice_spikes, CREATURE, mocreatures:fox, 10, 1, 1
2764, none, minecraft:ice_spikes, CREATURE, mocreatures:wildpolarbear, 10, 1, 2
2765, none, minecraft:ice_spikes, CREATURE, mobz:black_bear, 40, 1, 2
2766, none, minecraft:ice_spikes, CREATURE, mobz:boar, 10, 2, 3
2767, none, minecraft:ice_spikes, AMBIENT, ddenizens:boulder, 35, 1, 1
2768, extreme_hills, minecraft:jagged_peaks, MONSTER, creatures_expanded:abomination, 20, 1, 1
2769, extreme_hills, minecraft:jagged_peaks, MONSTER, knights:archer, 40, 2, 3
2770, extreme_hills, minecraft:jagged_peaks, MONSTER, ddenizens:beholder, 10, 1, 1
2771, extreme_hills, minecraft:jagged_peaks, MONSTER, creatures_expanded:brood_spider, 35, 1, 1
2772, extreme_hills, minecraft:jagged_peaks, MONSTER, threateningly_mobs:cave_hunter, 12, 1, 1
2773, extreme_hills, minecraft:jagged_peaks, MONSTER, creatures_expanded:crumbling_skeleton, 50, 1, 1
2774, extreme_hills, minecraft:jagged_peaks, MONSTER, creatures_expanded:crystalline_golem, 20, 1, 1
2775, extreme_hills, minecraft:jagged_peaks, MONSTER, creatures_expanded:crystalline_spider, 45, 1, 3
2776, extreme_hills, minecraft:jagged_peaks, MONSTER, ddenizens:daemon, 10, 1, 1
2777, extreme_hills, minecraft:jagged_peaks, MONSTER, ddenizens:death_tyrant, 10, 1, 1
2778, extreme_hills, minecraft:jagged_peaks, MONSTER, threateningly_mobs:elite_zombie_warrior, 10, 1, 2
2779, extreme_hills, minecraft:jagged_peaks, MONSTER, creatures_expanded:embersmog, 40, 1, 3
2780, extreme_hills, minecraft:jagged_peaks, MONSTER, ddenizens:fossilized_skeleton, 25, 1, 2
2781, extreme_hills, minecraft:jagged_peaks, MONSTER, creatures_expanded:fungal_ghoul, 60, 1, 2
2782, extreme_hills, minecraft:jagged_peaks, MONSTER, creatures_expanded:gargoyle, 50, 1, 3
2783, extreme_hills, minecraft:jagged_peaks, MONSTER, ddenizens:gazer, 25, 1, 1
2784, extreme_hills, minecraft:jagged_peaks, MONSTER, ddenizens:ghoul, 25, 1, 1
2785, extreme_hills, minecraft:jagged_peaks, MONSTER, creatures_expanded:gloomknight, 5, 1, 1
2786, extreme_hills, minecraft:jagged_peaks, MONSTER, creatures_expanded:gloomweaver, 30, 1, 2
2787, extreme_hills, minecraft:jagged_peaks, MONSTER, creatures_expanded:gnasheart, 60, 1, 4
2788, extreme_hills, minecraft:jagged_peaks, MONSTER, creatures_expanded:graven, 36, 3, 5
2789, extreme_hills, minecraft:jagged_peaks, MONSTER, ddenizens:headless, 40, 1, 1
2790, extreme_hills, minecraft:jagged_peaks, MONSTER, knights:heavyknight, 40, 1, 1
2791, extreme_hills, minecraft:jagged_peaks, MONSTER, iceandfire:dread_lich, 10, 1, 1
2792, extreme_hills, minecraft:jagged_peaks, MONSTER, iceandfire:troll, 40, 1, 3
2793, extreme_hills, minecraft:jagged_peaks, MONSTER, ddenizens:iron_skeleton, 15, 1, 1
2794, extreme_hills, minecraft:jagged_peaks, MONSTER, knights:knight, 50, 3, 5
2795, extreme_hills, minecraft:jagged_peaks, MONSTER, threateningly_mobs:lich_re, 10, 1, 1
2796, extreme_hills, minecraft:jagged_peaks, MONSTER, ddenizens:magma_skeleton, 40, 1, 1
2797, extreme_hills, minecraft:jagged_peaks, MONSTER, creatures_expanded:miststalker, 40, 1, 1
2798, extreme_hills, minecraft:jagged_peaks, MONSTER, mocreatures:biggolem, 10, 1, 1
2799, extreme_hills, minecraft:jagged_peaks, MONSTER, mocreatures:wwolf, 10, 1, 3
2800, extreme_hills, minecraft:jagged_peaks, MONSTER, mocreatures:minigolem, 40, 1, 1
2801, extreme_hills, minecraft:jagged_peaks, MONSTER, mocreatures:frostmanticore, 40, 1, 3
2802, extreme_hills, minecraft:jagged_peaks, MONSTER, mocreatures:caveogre, 50, 1, 2
2803, extreme_hills, minecraft:jagged_peaks, MONSTER, mocreatures:plainmanticore, 50, 1, 1
2804, extreme_hills, minecraft:jagged_peaks, MONSTER, mocreatures:frostscorpion, 40, 1, 3
2805, extreme_hills, minecraft:jagged_peaks, MONSTER, mocreatures:silverskeleton, 70, 1, 1
2806, extreme_hills, minecraft:jagged_peaks, MONSTER, mocreatures:darkmanticore, 50, 1, 3
2807, extreme_hills, minecraft:jagged_peaks, MONSTER, mocreatures:cavescorpion, 50, 1, 3
2808, extreme_hills, minecraft:jagged_peaks, MONSTER, threateningly_mobs:moon_priest, 10, 1, 1
2809, extreme_hills, minecraft:jagged_peaks, MONSTER, fantasyfauna:mushcap_glowing, 50, 2, 4
2810, extreme_hills, minecraft:jagged_peaks, MONSTER, knights:noble, 50, 1, 1
2811, extreme_hills, minecraft:jagged_peaks, MONSTER, ddenizens:orc, 35, 1, 1
2812, extreme_hills, minecraft:jagged_peaks, MONSTER, threateningly_mobs:ore_drill, 32, 1, 1
2813, extreme_hills, minecraft:jagged_peaks, MONSTER, mobz:tank_zombie, 10, 1, 1
2814, extreme_hills, minecraft:jagged_peaks, MONSTER, knights:peasant, 60, 2, 3
2815, extreme_hills, minecraft:jagged_peaks, MONSTER, fantasyfauna:possessed_armor, 20, 1, 1
2816, extreme_hills, minecraft:jagged_peaks, MONSTER, creatures_expanded:prosperisher_zombie, 50, 1, 2
2817, extreme_hills, minecraft:jagged_peaks, MONSTER, ddenizens:shadow, 30, 1, 1
2818, extreme_hills, minecraft:jagged_peaks, MONSTER, creatures_expanded:shadowfiend, 35, 1, 2
2819, extreme_hills, minecraft:jagged_peaks, MONSTER, ddenizens:shadowlord, 15, 1, 1
2820, extreme_hills, minecraft:jagged_peaks, MONSTER, ddenizens:skeleton_warrior, 50, 1, 2
2821, extreme_hills, minecraft:jagged_peaks, MONSTER, mobz:frost_blaze, 40, 1, 1
2822, extreme_hills, minecraft:jagged_peaks, MONSTER, mobz:frost_creeper, 40, 1, 1
2823, extreme_hills, minecraft:jagged_peaks, MONSTER, mobz:ice_golem, 10, 1, 1
2824, extreme_hills, minecraft:jagged_peaks, MONSTER, specialmobs:endercreeper, 10, 1, 4
2825, extreme_hills, minecraft:jagged_peaks, MONSTER, ddenizens:spectator, 25, 1, 1
2826, extreme_hills, minecraft:jagged_peaks, MONSTER, creatures_expanded:tremorgue, 25, 1, 2
2827, extreme_hills, minecraft:jagged_peaks, MONSTER, creatures_expanded:undead_necromancer, 35, 1, 1
2828, extreme_hills, minecraft:jagged_peaks, MONSTER, ddenizens:winged_skeleton, 70, 1, 1
2829, extreme_hills, minecraft:jagged_peaks, MONSTER, specialmobs:giantskeleton, 70, 1, 1
2830, extreme_hills, minecraft:jagged_peaks, MONSTER, mobz:small_zombie, 70, 1, 1
2831, extreme_hills, minecraft:jagged_peaks, MONSTER, mocreatures:undeadscorpion, 50, 1, 1
2832, extreme_hills, minecraft:jagged_peaks, MONSTER, mobz:zombie_mage, 70, 1, 1
2833, extreme_hills, minecraft:jagged_peaks, MONSTER, mobz:bigboss, 50, 1, 1
2834, extreme_hills, minecraft:jagged_peaks, MONSTER, specialmobs:bruteskeleton, 70, 1, 1
2835, extreme_hills, minecraft:jagged_peaks, MONSTER, specialmobs:gatlingskeleton, 70, 1, 1
2836, extreme_hills, minecraft:jagged_peaks, MONSTER, specialmobs:knightskeleton, 70, 1, 1
2837, extreme_hills, minecraft:jagged_peaks, MONSTER, specialmobs:ninjaskeleton, 70, 1, 1
2838, extreme_hills, minecraft:jagged_peaks, MONSTER, specialmobs:sniperskeleton, 70, 1, 1
2839, extreme_hills, minecraft:jagged_peaks, MONSTER, specialmobs:brutezombie, 70, 1, 1
2840, extreme_hills, minecraft:jagged_peaks, MONSTER, specialmobs:plaguezombie, 70, 1, 1
2841, extreme_hills, minecraft:jagged_peaks, MONSTER, specialmobs:fishingzombie, 70, 1, 1
2842, extreme_hills, minecraft:jagged_peaks, MONSTER, specialmobs:hungryzombie, 70, 1, 1
2843, extreme_hills, minecraft:jagged_peaks, MONSTER, specialmobs:minicreeper, 40, 1, 1
2844, extreme_hills, minecraft:jagged_peaks, CREATURE, iceandfire:hippogryph, 60, 1, 1
2845, extreme_hills, minecraft:jagged_peaks, CREATURE, mocreatures:bunny, 12, 2, 3
2846, extreme_hills, minecraft:jagged_peaks, CREATURE, mocreatures:leopard, 10, 1, 2
2847, extreme_hills, minecraft:jagged_peaks, CREATURE, mocreatures:elephant, 10, 1, 2
2848, extreme_hills, minecraft:jagged_peaks, CREATURE, mocreatures:fox, 10, 1, 1
2849, extreme_hills, minecraft:jagged_peaks, CREATURE, mocreatures:wildpolarbear, 10, 1, 2
2850, extreme_hills, minecraft:jagged_peaks, CREATURE, mobz:black_bear, 40, 1, 2
2851, extreme_hills, minecraft:jagged_peaks, CREATURE, mobz:boar, 10, 2, 3
2852, extreme_hills, minecraft:jagged_peaks, AMBIENT, ddenizens:boulder, 35, 1, 1
2853, extreme_hills, minecraft:jagged_peaks, AMBIENT, mocreatures:ant, 12, 1, 4
2854, jungle, minecraft:jungle, MONSTER, creatures_expanded:abomination, 20, 1, 1
2855, jungle, minecraft:jungle, MONSTER, knights:archer, 40, 2, 3
2856, jungle, minecraft:jungle, MONSTER, ddenizens:beholder, 10, 1, 1
2857, jungle, minecraft:jungle, MONSTER, creatures_expanded:brood_spider, 35, 1, 1
2858, jungle, minecraft:jungle, MONSTER, threateningly_mobs:cave_hunter, 12, 1, 1
2859, jungle, minecraft:jungle, MONSTER, creatures_expanded:crumbling_skeleton, 50, 1, 1
2860, jungle, minecraft:jungle, MONSTER, creatures_expanded:crystalline_golem, 20, 1, 1
2861, jungle, minecraft:jungle, MONSTER, creatures_expanded:crystalline_spider, 45, 1, 3
2862, jungle, minecraft:jungle, MONSTER, ddenizens:daemon, 10, 1, 1
2863, jungle, minecraft:jungle, MONSTER, ddenizens:death_tyrant, 10, 1, 1
2864, jungle, minecraft:jungle, MONSTER, threateningly_mobs:elite_zombie_warrior, 10, 1, 2
2865, jungle, minecraft:jungle, MONSTER, creatures_expanded:embersmog, 40, 1, 3
2866, jungle, minecraft:jungle, MONSTER, ddenizens:fossilized_skeleton, 25, 1, 2
2867, jungle, minecraft:jungle, MONSTER, creatures_expanded:fungal_ghoul, 60, 1, 2
2868, jungle, minecraft:jungle, MONSTER, creatures_expanded:gargoyle, 50, 1, 3
2869, jungle, minecraft:jungle, MONSTER, ddenizens:gazer, 25, 1, 1
2870, jungle, minecraft:jungle, MONSTER, ddenizens:ghoul, 25, 1, 1
2871, jungle, minecraft:jungle, MONSTER, creatures_expanded:gloomknight, 5, 1, 1
2872, jungle, minecraft:jungle, MONSTER, creatures_expanded:gloomweaver, 30, 1, 2
2873, jungle, minecraft:jungle, MONSTER, creatures_expanded:gnasheart, 60, 1, 4
2874, jungle, minecraft:jungle, MONSTER, creatures_expanded:graven, 36, 3, 5
2875, jungle, minecraft:jungle, MONSTER, ddenizens:headless, 40, 1, 1
2876, jungle, minecraft:jungle, MONSTER, knights:heavyknight, 40, 1, 1
2877, jungle, minecraft:jungle, MONSTER, ddenizens:iron_skeleton, 15, 1, 1
2878, jungle, minecraft:jungle, MONSTER, knights:knight, 50, 3, 5
2879, jungle, minecraft:jungle, MONSTER, threateningly_mobs:lich_re, 10, 1, 1
2880, jungle, minecraft:jungle, MONSTER, ddenizens:magma_skeleton, 40, 1, 1
2881, jungle, minecraft:jungle, MONSTER, creatures_expanded:miststalker, 40, 1, 1
2882, jungle, minecraft:jungle, MONSTER, mocreatures:dirtscorpion, 10, 1, 3
2883, jungle, minecraft:jungle, MONSTER, mocreatures:cavescorpion, 50, 1, 3
2884, jungle, minecraft:jungle, MONSTER, mocreatures:wraith, 50, 1, 1
2885, jungle, minecraft:jungle, MONSTER, threateningly_mobs:moon_priest, 10, 1, 1
2886, jungle, minecraft:jungle, MONSTER, fantasyfauna:mushcap_glowing, 50, 2, 4
2887, jungle, minecraft:jungle, MONSTER, knights:noble, 50, 1, 1
2888, jungle, minecraft:jungle, MONSTER, ddenizens:orc, 35, 1, 1
2889, jungle, minecraft:jungle, MONSTER, threateningly_mobs:ore_drill, 32, 1, 1
2890, jungle, minecraft:jungle, MONSTER, mobz:tank_zombie, 10, 1, 1
2891, jungle, minecraft:jungle, MONSTER, knights:peasant, 60, 2, 3
2892, jungle, minecraft:jungle, MONSTER, fantasyfauna:possessed_armor, 20, 1, 1
2893, jungle, minecraft:jungle, MONSTER, creatures_expanded:prosperisher_zombie, 50, 1, 2
2894, jungle, minecraft:jungle, MONSTER, ddenizens:shadow, 30, 1, 1
2895, jungle, minecraft:jungle, MONSTER, creatures_expanded:shadowfiend, 35, 1, 2
2896, jungle, minecraft:jungle, MONSTER, ddenizens:shadowlord, 15, 1, 1
2897, jungle, minecraft:jungle, MONSTER, creatures_expanded:shroomarauder, 40, 1, 4
2898, jungle, minecraft:jungle, MONSTER, ddenizens:skeleton_warrior, 50, 1, 2
2899, jungle, minecraft:jungle, MONSTER, mobz:armored_zombie, 70, 1, 1
2900, jungle, minecraft:jungle, MONSTER, mobz:blue_spider, 20, 2, 3
2901, jungle, minecraft:jungle, MONSTER, mobz:bowman, 50, 1, 2
2902, jungle, minecraft:jungle, MONSTER, mobz:cookie_creeper, 10, 1, 2
2903, jungle, minecraft:jungle, MONSTER, mobz:dwarf, 10, 1, 1
2904, jungle, minecraft:jungle, MONSTER, mobz:fast_zombie, 70, 1, 1
2905, jungle, minecraft:jungle, MONSTER, mobz:honey_slime, 10, 1, 1
2906, jungle, minecraft:jungle, MONSTER, mobz:iron_steve, 30, 1, 1
2907, jungle, minecraft:jungle, MONSTER, mobz:lost_skeleton, 70, 1, 1
2908, jungle, minecraft:jungle, MONSTER, mobz:overgrown_skeleton, 15, 2, 4
2909, jungle, minecraft:jungle, MONSTER, mobz:purple_spider, 15, 1, 4
2910, jungle, minecraft:jungle, MONSTER, mobz:tank_zombie, 30, 1, 2
2911, jungle, minecraft:jungle, MONSTER, mobz:templar, 40, 1, 1
2912, jungle, minecraft:jungle, MONSTER, mobz:warrior, 10, 1, 2
2913, jungle, minecraft:jungle, MONSTER, mobz:zombie_mage, 70, 1, 1
2914, jungle, minecraft:jungle, MONSTER, specialmobs:endercreeper, 10, 1, 4
2915, jungle, minecraft:jungle, MONSTER, ddenizens:spectator, 25, 1, 1
2916, jungle, minecraft:jungle, MONSTER, creatures_expanded:tremorgue, 25, 1, 2
2917, jungle, minecraft:jungle, MONSTER, creatures_expanded:undead_necromancer, 35, 1, 1
2918, jungle, minecraft:jungle, MONSTER, ddenizens:winged_skeleton, 70, 1, 1
2919, jungle, minecraft:jungle, MONSTER, specialmobs:giantskeleton, 70, 1, 1
2920, jungle, minecraft:jungle, MONSTER, mocreatures:biggolem, 20, 1, 1
2921, jungle, minecraft:jungle, MONSTER, mobz:small_zombie, 70, 1, 1
2922, jungle, minecraft:jungle, MONSTER, mocreatures:minigolem, 40, 1, 1
2923, jungle, minecraft:jungle, MONSTER, mocreatures:darkmanticore, 50, 1, 1
2924, jungle, minecraft:jungle, MONSTER, mocreatures:undeadscorpion, 50, 1, 1
2925, jungle, minecraft:jungle, MONSTER, mocreatures:silverskeleton, 70, 1, 1
2926, jungle, minecraft:jungle, MONSTER, mobz:bigboss, 50, 1, 1
2927, jungle, minecraft:jungle, MONSTER, specialmobs:bruteskeleton, 70, 1, 1
2928, jungle, minecraft:jungle, MONSTER, specialmobs:gatlingskeleton, 70, 1, 1
2929, jungle, minecraft:jungle, MONSTER, specialmobs:knightskeleton, 70, 1, 1
2930, jungle, minecraft:jungle, MONSTER, specialmobs:ninjaskeleton, 70, 1, 1
2931, jungle, minecraft:jungle, MONSTER, specialmobs:sniperskeleton, 70, 1, 1
2932, jungle, minecraft:jungle, MONSTER, specialmobs:brutezombie, 70, 1, 1
2933, jungle, minecraft:jungle, MONSTER, specialmobs:plaguezombie, 70, 1, 1
2934, jungle, minecraft:jungle, MONSTER, specialmobs:fishingzombie, 70, 1, 1
2935, jungle, minecraft:jungle, MONSTER, specialmobs:hungryzombie, 70, 1, 1
2936, jungle, minecraft:jungle, MONSTER, specialmobs:minicreeper, 40, 1, 1
2937, jungle, minecraft:jungle, CREATURE, cold_sweat:chameleon, 80, 1, 1
2938, jungle, minecraft:jungle, CREATURE, iceandfire:amphithere, 50, 1, 3
2939, jungle, minecraft:jungle, CREATURE, mocreatures:bird, 16, 2, 3
2940, jungle, minecraft:jungle, CREATURE, mocreatures:tiger, 10, 1, 2
2941, jungle, minecraft:jungle, CREATURE, mocreatures:leopard, 10, 1, 2
2942, jungle, minecraft:jungle, CREATURE, mocreatures:panther, 10, 1, 2
2943, jungle, minecraft:jungle, CREATURE, mocreatures:elephant, 10, 1, 2
2944, jungle, minecraft:jungle, CREATURE, mocreatures:snake, 14, 1, 2
2945, jungle, minecraft:jungle, CREATURE, mocreatures:pandabear, 10, 1, 3
2946, jungle, minecraft:jungle, CREATURE, mobz:brown_bear, 30, 2, 3
2947, jungle, minecraft:jungle, CREATURE, mobz:dirty_boar, 10, 1, 3
2948, jungle, minecraft:jungle, CREATURE, mobz:fiora, 10, 1, 1
2949, jungle, minecraft:jungle, CREATURE, mobz:golden_chicken, 10, 1, 2
2950, jungle, minecraft:jungle, CREATURE, mobz:katherine, 10, 1, 1
2951, jungle, minecraft:jungle, CREATURE, mobz:wild_boar, 10, 2, 4
2952, jungle, minecraft:jungle, AMBIENT, ddenizens:boulder, 35, 1, 1
2953, jungle, minecraft:jungle, AMBIENT, mocreatures:snail, 10, 1, 2
2954, jungle, minecraft:jungle, AMBIENT, mocreatures:bee, 10, 1, 2
2955, jungle, minecraft:jungle, AMBIENT, mocreatures:firefly, 10, 1, 2
2956, jungle, minecraft:jungle, AMBIENT, mocreatures:dragonfly, 10, 1, 2
2957, jungle, minecraft:jungle, AMBIENT, mocreatures:roach, 10, 1, 2
2958, jungle, minecraft:jungle, AMBIENT, mocreatures:butterfly, 12, 1, 4
2959, jungle, minecraft:jungle, AMBIENT, mocreatures:ant, 12, 1, 4
2960, jungle, minecraft:jungle, AMBIENT, mocreatures:grasshopper, 10, 1, 2
2961, jungle, minecraft:jungle, AMBIENT, mocreatures:cricket, 10, 1, 2
2962, jungle, minecraft:jungle, AMBIENT, threateningly_mobs:shadowmoon_butterfly, 10, 1, 1
2963, jungle, minecraft:jungle, AMBIENT, mobz:tiny_spider, 10, 1, 1
2964, jungle, minecraft:jungle, AMBIENT, fantasyfauna:wisp, 60, 1, 2
2965, jungle, minecraft:jungle, WATER_CREATURE, mocreatures:angelfish, 12, 1, 6
2966, jungle, minecraft:jungle, WATER_CREATURE, mocreatures:piranha, 50, 1, 3
2967, none, vvariants_of_titans:lostocean, MONSTER, creatures_expanded:abomination, 20, 1, 1
2968, none, vvariants_of_titans:lostocean, MONSTER, alexsmobs:farseer, 30, 1, 1
2969, none, vvariants_of_titans:lostocean, MONSTER, born_in_chaos_v1:baby_skeleton, 25, 1, 2
2970, none, vvariants_of_titans:lostocean, MONSTER, born_in_chaos_v1:baby_spider, 16, 3, 5
2971, none, vvariants_of_titans:lostocean, MONSTER, born_in_chaos_v1:barrel_zombie, 25, 1, 1
2972, none, vvariants_of_titans:lostocean, MONSTER, quark:stoneling, 80, 1, 1
2973, none, vvariants_of_titans:lostocean, MONSTER, quark:toretoise, 80, 2, 4
2974, none, vvariants_of_titans:lostocean, MONSTER, born_in_chaos_v1:bloody_gadfly, 15, 1, 1
2975, none, vvariants_of_titans:lostocean, MONSTER, ophidiophobia:bone_snake, 25, 2, 4
2976, none, vvariants_of_titans:lostocean, MONSTER, born_in_chaos_v1:bonescaller, 11, 1, 1
2977, none, vvariants_of_titans:lostocean, MONSTER, creatures_expanded:brood_spider, 35, 1, 1
2978, none, vvariants_of_titans:lostocean, MONSTER, lummobs:cacus, 10, 1, 4
2979, none, vvariants_of_titans:lostocean, MONSTER, lummobs:cannon_head, 3, 1, 1
2980, none, vvariants_of_titans:lostocean, MONSTER, born_in_chaos_v1:corpse_fly, 12, 1, 3
2981, none, vvariants_of_titans:lostocean, MONSTER, creatures_expanded:crumbling_skeleton, 55, 1, 3
2982, none, vvariants_of_titans:lostocean, MONSTER, creatures_expanded:crystalline_golem, 20, 1, 1
2983, none, vvariants_of_titans:lostocean, MONSTER, creatures_expanded:crystalline_spider, 45, 1, 3
2984, none, vvariants_of_titans:lostocean, MONSTER, born_in_chaos_v1:dark_vortex, 14, 1, 1
2985, none, vvariants_of_titans:lostocean, MONSTER, born_in_chaos_v1:decaying_zombie, 30, 1, 1
2986, none, vvariants_of_titans:lostocean, MONSTER, born_in_chaos_v1:decrepit_skeleton, 20, 1, 1
2987, none, vvariants_of_titans:lostocean, MONSTER, vvariants_of_titans:diabloni, 35, 1, 3
2988, none, vvariants_of_titans:lostocean, MONSTER, born_in_chaos_v1:dire_hound_leader, 4, 1, 1
2989, none, vvariants_of_titans:lostocean, MONSTER, born_in_chaos_v1:door_knight, 13, 1, 1
2990, none, vvariants_of_titans:lostocean, MONSTER, born_in_chaos_v1:dread_hound, 15, 3, 5
2991, none, vvariants_of_titans:lostocean, MONSTER, creatures_expanded:embersmog, 40, 1, 3
2992, none, vvariants_of_titans:lostocean, MONSTER, born_in_chaos_v1:fallen_chaos_knight, 5, 1, 1
2993, none, vvariants_of_titans:lostocean, MONSTER, creatures_expanded:fungal_ghoul, 60, 1, 2
2994, none, vvariants_of_titans:lostocean, MONSTER, creatures_expanded:gargoyle, 50, 1, 3
2995, none, vvariants_of_titans:lostocean, MONSTER, creatures_expanded:gloomknight, 15, 1, 1
2996, none, vvariants_of_titans:lostocean, MONSTER, creatures_expanded:gloomweaver, 30, 1, 2
2997, none, vvariants_of_titans:lostocean, MONSTER, creatures_expanded:gnasheart, 60, 1, 4
2998, none, vvariants_of_titans:lostocean, MONSTER, creatures_expanded:graven, 36, 3, 5
2999, none, vvariants_of_titans:lostocean, MONSTER, rottencreatures:swampy, 80, 4, 4
3000, none, vvariants_of_titans:lostocean, MONSTER, rottencreatures:dead_beard, 1, 1, 1
3001, none, vvariants_of_titans:lostocean, MONSTER, born_in_chaos_v1:krampus, 2, 1, 1
3002, none, vvariants_of_titans:lostocean, MONSTER, born_in_chaos_v1:krampus_henchman, 9, 2, 3
3003, none, vvariants_of_titans:lostocean, MONSTER, born_in_chaos_v1:lifestealer, 3, 1, 1
3004, none, vvariants_of_titans:lostocean, MONSTER, vvariants_of_titans:livia_1, 2, 1, 1
3005, none, vvariants_of_titans:lostocean, MONSTER, vvariants_of_titans:livia_2, 1, 1, 1
3006, none, vvariants_of_titans:lostocean, MONSTER, vvariants_of_titans:megalo_1, 2, 2, 2
3007, none, vvariants_of_titans:lostocean, MONSTER, vvariants_of_titans:megalo_2, 1, 1, 1
3008, none, vvariants_of_titans:lostocean, MONSTER, aam:metalplate_wanderer, 20, 1, 1
3009, none, vvariants_of_titans:lostocean, MONSTER, born_in_chaos_v1:missioner, 4, 1, 1
3010, none, vvariants_of_titans:lostocean, MONSTER, creatures_expanded:miststalker, 40, 1, 1
3011, none, vvariants_of_titans:lostocean, MONSTER, from_hell_rewritten:molotov_creeper, 45, 1, 1
3012, none, vvariants_of_titans:lostocean, MONSTER, born_in_chaos_v1:mother_spider, 15, 1, 1
3013, none, vvariants_of_titans:lostocean, MONSTER, mowziesmobs:grottol, 2, 1, 1
3014, none, vvariants_of_titans:lostocean, MONSTER, born_in_chaos_v1:mr_pumpkin, 15, 1, 3
3015, none, vvariants_of_titans:lostocean, MONSTER, born_in_chaos_v1:mrs_pumpkin, 13, 1, 1
3016, none, vvariants_of_titans:lostocean, MONSTER, born_in_chaos_v1:nightmare_stalker, 4, 1, 1
3017, none, vvariants_of_titans:lostocean, MONSTER, vvariants_of_titans:parah, 55, 1, 4
3018, none, vvariants_of_titans:lostocean, MONSTER, born_in_chaos_v1:phantom_creeper, 8, 1, 1
3019, none, vvariants_of_titans:lostocean, MONSTER, aam:possessed_sword, 50, 1, 2
3020, none, vvariants_of_titans:lostocean, MONSTER, creatures_expanded:prosperisher_zombie, 50, 1, 2
3021, none, vvariants_of_titans:lostocean, MONSTER, born_in_chaos_v1:pumpkin_bruiser, 10, 1, 1
3022, none, vvariants_of_titans:lostocean, MONSTER, lummobs:purpleguy, 5, 1, 1
3023, none, vvariants_of_titans:lostocean, MONSTER, born_in_chaos_v1:restless_spirit, 20, 1, 1
3024, none, vvariants_of_titans:lostocean, MONSTER, vvariants_of_titans:rzombs, 15, 1, 1
3025, none, vvariants_of_titans:lostocean, MONSTER, born_in_chaos_v1:senor_pumpkin, 10, 1, 2
3026, none, vvariants_of_titans:lostocean, MONSTER, creatures_expanded:shadowfiend, 35, 1, 2
3027, none, vvariants_of_titans:lostocean, MONSTER, born_in_chaos_v1:siamese_skeletons, 16, 1, 1
3028, none, vvariants_of_titans:lostocean, MONSTER, born_in_chaos_v1:sir_pumpkinhead, 4, 1, 1
3029, none, vvariants_of_titans:lostocean, MONSTER, born_in_chaos_v1:skeleton_demoman, 12, 1, 1
3030, none, vvariants_of_titans:lostocean, MONSTER, born_in_chaos_v1:skeleton_thrasher, 8, 1, 1
3031, none, vvariants_of_titans:lostocean, MONSTER, lummobs:slabturtle_2, 15, 1, 3
3032, none, vvariants_of_titans:lostocean, MONSTER, born_in_chaos_v1:spirit_guide_assistant, 9, 2, 2
3033, none, vvariants_of_titans:lostocean, MONSTER, born_in_chaos_v1:spirit_guide, 16, 1, 1
3034, none, vvariants_of_titans:lostocean, MONSTER, born_in_chaos_v1:spiritof_chaos, 8, 1, 1
3035, none, vvariants_of_titans:lostocean, MONSTER, born_in_chaos_v1:supreme_bonescaller, 1, 1, 1
3036, none, vvariants_of_titans:lostocean, MONSTER, born_in_chaos_v1:swarmer, 11, 1, 1
3037, none, vvariants_of_titans:lostocean, MONSTER, creatures_expanded:tremorgue, 25, 1, 2
3038, none, vvariants_of_titans:lostocean, MONSTER, creatures_expanded:undead_necromancer, 35, 1, 1
3039, none, vvariants_of_titans:lostocean, MONSTER, born_in_chaos_v1:zombie_bruiser, 16, 1, 1
3040, none, vvariants_of_titans:lostocean, MONSTER, born_in_chaos_v1:zombie_clown, 8, 1, 1
3041, none, vvariants_of_titans:lostocean, MONSTER, born_in_chaos_v1:zombie_fisherman, 30, 1, 1
3042, none, vvariants_of_titans:lostocean, MONSTER, born_in_chaos_v1:zombie_lumberjack, 25, 1, 1
3043, none, vvariants_of_titans:lostocean, MONSTER, zombie_mobs:zombiechicken, 20, 4, 6
3044, none, vvariants_of_titans:lostocean, MONSTER, zombie_mobs:zombiecow, 20, 4, 4
3045, none, vvariants_of_titans:lostocean, MONSTER, zombie_mobs:zombiepig, 20, 3, 3
3046, none, vvariants_of_titans:lostocean, CREATURE, born_in_chaos_v1:thornshell_crab, 8, 1, 1
3047, none, vvariants_of_titans:lostocean, AMBIENT, vvariants_of_titans:dunkla_3, 5, 1, 3
3048, none, vvariants_of_titans:lostocean, AMBIENT, vvariants_of_titans:sala_2, 7, 1, 2
3049, none, vvariants_of_titans:lostocean, AMBIENT, vvariants_of_titans:spinishagua, 10, 1, 2
3050, none, vvariants_of_titans:lostocean, WATER_CREATURE, born_in_chaos_v1:corpse_fish, 7, 3, 5
3051, none, vvariants_of_titans:lostocean, WATER_CREATURE, born_in_chaos_v1:glutton_fish, 2, 1, 1
3052, ocean, minecraft:lukewarm_ocean, MONSTER, creatures_expanded:abomination, 20, 1, 1
3053, ocean, minecraft:lukewarm_ocean, MONSTER, knights:archer, 40, 2, 3
3054, ocean, minecraft:lukewarm_ocean, MONSTER, ddenizens:beholder, 10, 1, 1
3055, ocean, minecraft:lukewarm_ocean, MONSTER, creatures_expanded:brood_spider, 35, 1, 1
3056, ocean, minecraft:lukewarm_ocean, MONSTER, threateningly_mobs:cannon_crab, 20, 1, 1
3057, ocean, minecraft:lukewarm_ocean, MONSTER, threateningly_mobs:cave_hunter, 12, 1, 1
3058, ocean, minecraft:lukewarm_ocean, MONSTER, creatures_expanded:crumbling_skeleton, 50, 1, 1
3059, ocean, minecraft:lukewarm_ocean, MONSTER, creatures_expanded:crystalline_golem, 20, 1, 1
3060, ocean, minecraft:lukewarm_ocean, MONSTER, creatures_expanded:crystalline_spider, 45, 1, 3
3061, ocean, minecraft:lukewarm_ocean, MONSTER, ddenizens:daemon, 10, 1, 1
3062, ocean, minecraft:lukewarm_ocean, MONSTER, ddenizens:death_tyrant, 10, 1, 1
3063, ocean, minecraft:lukewarm_ocean, MONSTER, threateningly_mobs:elite_zombie_warrior, 10, 1, 2
3064, ocean, minecraft:lukewarm_ocean, MONSTER, creatures_expanded:embersmog, 40, 1, 3
3065, ocean, minecraft:lukewarm_ocean, MONSTER, ddenizens:fossilized_skeleton, 25, 1, 2
3066, ocean, minecraft:lukewarm_ocean, MONSTER, creatures_expanded:fungal_ghoul, 60, 1, 2
3067, ocean, minecraft:lukewarm_ocean, MONSTER, creatures_expanded:gargoyle, 50, 1, 3
3068, ocean, minecraft:lukewarm_ocean, MONSTER, ddenizens:gazer, 25, 1, 1
3069, ocean, minecraft:lukewarm_ocean, MONSTER, ddenizens:ghoul, 25, 1, 1
3070, ocean, minecraft:lukewarm_ocean, MONSTER, creatures_expanded:gloomknight, 5, 1, 1
3071, ocean, minecraft:lukewarm_ocean, MONSTER, creatures_expanded:gloomweaver, 30, 1, 2
3072, ocean, minecraft:lukewarm_ocean, MONSTER, creatures_expanded:gnasheart, 60, 1, 4
3073, ocean, minecraft:lukewarm_ocean, MONSTER, creatures_expanded:graven, 36, 3, 5
3074, ocean, minecraft:lukewarm_ocean, MONSTER, ddenizens:headless, 40, 1, 1
3075, ocean, minecraft:lukewarm_ocean, MONSTER, knights:heavyknight, 40, 1, 1
3076, ocean, minecraft:lukewarm_ocean, MONSTER, threateningly_mobs:hydra, 10, 1, 1
3077, ocean, minecraft:lukewarm_ocean, MONSTER, ddenizens:iron_skeleton, 15, 1, 1
3078, ocean, minecraft:lukewarm_ocean, MONSTER, knights:knight, 50, 3, 5
3079, ocean, minecraft:lukewarm_ocean, MONSTER, threateningly_mobs:lich_re, 10, 1, 1
3080, ocean, minecraft:lukewarm_ocean, MONSTER, ddenizens:magma_skeleton, 40, 1, 1
3081, ocean, minecraft:lukewarm_ocean, MONSTER, creatures_expanded:miststalker, 40, 1, 1
3082, ocean, minecraft:lukewarm_ocean, MONSTER, threateningly_mobs:moon_priest, 10, 1, 1
3083, ocean, minecraft:lukewarm_ocean, MONSTER, fantasyfauna:mushcap_glowing, 50, 2, 4
3084, ocean, minecraft:lukewarm_ocean, MONSTER, knights:noble, 50, 1, 1
3085, ocean, minecraft:lukewarm_ocean, MONSTER, ddenizens:orc, 35, 1, 1
3086, ocean, minecraft:lukewarm_ocean, MONSTER, threateningly_mobs:ore_drill, 32, 1, 1
3087, ocean, minecraft:lukewarm_ocean, MONSTER, mobz:tank_zombie, 10, 1, 1
3088, ocean, minecraft:lukewarm_ocean, MONSTER, knights:peasant, 60, 2, 3
3089, ocean, minecraft:lukewarm_ocean, MONSTER, fantasyfauna:possessed_armor, 20, 1, 1
3090, ocean, minecraft:lukewarm_ocean, MONSTER, creatures_expanded:prosperisher_zombie, 50, 1, 2
3091, ocean, minecraft:lukewarm_ocean, MONSTER, ddenizens:shadow, 30, 1, 1
3092, ocean, minecraft:lukewarm_ocean, MONSTER, creatures_expanded:shadowfiend, 35, 1, 2
3093, ocean, minecraft:lukewarm_ocean, MONSTER, ddenizens:shadowlord, 15, 1, 1
3094, ocean, minecraft:lukewarm_ocean, MONSTER, ddenizens:skeleton_warrior, 50, 1, 2
3095, ocean, minecraft:lukewarm_ocean, MONSTER, specialmobs:endercreeper, 10, 1, 4
3096, ocean, minecraft:lukewarm_ocean, MONSTER, specialmobs:drowningcreeper, 10, 1, 1
3097, ocean, minecraft:lukewarm_ocean, MONSTER, specialmobs:blueberryslime, 10, 1, 1
3098, ocean, minecraft:lukewarm_ocean, MONSTER, specialmobs:pirateskeleton, 10, 1, 1
3099, ocean, minecraft:lukewarm_ocean, MONSTER, ddenizens:spectator, 25, 1, 1
3100, ocean, minecraft:lukewarm_ocean, MONSTER, creatures_expanded:tremorgue, 25, 1, 2
3101, ocean, minecraft:lukewarm_ocean, MONSTER, creatures_expanded:undead_necromancer, 35, 1, 1
3102, ocean, minecraft:lukewarm_ocean, MONSTER, specialmobs:giantskeleton, 70, 1, 1
3103, ocean, minecraft:lukewarm_ocean, MONSTER, mocreatures:biggolem, 20, 1, 1
3104, ocean, minecraft:lukewarm_ocean, MONSTER, mobz:small_zombie, 70, 1, 1
3105, ocean, minecraft:lukewarm_ocean, MONSTER, mocreatures:minigolem, 40, 1, 1
3106, ocean, minecraft:lukewarm_ocean, MONSTER, mocreatures:darkmanticore, 50, 1, 1
3107, ocean, minecraft:lukewarm_ocean, MONSTER, mocreatures:undeadscorpion, 50, 1, 1
3108, ocean, minecraft:lukewarm_ocean, MONSTER, mobz:zombie_mage, 70, 1, 1
3109, ocean, minecraft:lukewarm_ocean, MONSTER, mocreatures:silverskeleton, 70, 1, 1
3110, ocean, minecraft:lukewarm_ocean, MONSTER, mobz:bigboss, 50, 1, 1
3111, ocean, minecraft:lukewarm_ocean, AMBIENT, ddenizens:boulder, 35, 1, 1
3112, ocean, minecraft:lukewarm_ocean, AMBIENT, threateningly_mobs:giant_seacucumber, 10, 2, 4
3113, ocean, minecraft:lukewarm_ocean, WATER_CREATURE, mocreatures:dolphin, 10, 2, 4
3114, ocean, minecraft:lukewarm_ocean, WATER_CREATURE, mocreatures:salmon, 10, 1, 4
3115, ocean, minecraft:lukewarm_ocean, WATER_CREATURE, mocreatures:angler, 12, 1, 6
3116, ocean, minecraft:lukewarm_ocean, WATER_CREATURE, mocreatures:jellyfish, 10, 1, 4
3117, ocean, minecraft:lukewarm_ocean, WATER_CREATURE, mocreatures:clownfish, 12, 1, 6
3118, ocean, minecraft:lukewarm_ocean, WATER_CREATURE, mocreatures:manderin, 12, 1, 6
3119, ocean, minecraft:lukewarm_ocean, WATER_CREATURE, mocreatures:shark, 10, 1, 2
3120, ocean, minecraft:lukewarm_ocean, WATER_CREATURE, mocreatures:hippotang, 12, 1, 6
3121, ocean, minecraft:lukewarm_ocean, WATER_CREATURE, mocreatures:mantaray, 10, 1, 2
3122, ocean, minecraft:lukewarm_ocean, WATER_CREATURE, mocreatures:fishy, 12, 1, 6
3123, ocean, minecraft:lukewarm_ocean, WATER_CREATURE, mocreatures:anchovy, 12, 1, 6
3124, ocean, minecraft:lukewarm_ocean, WATER_CREATURE, mocreatures:cod, 10, 1, 4
3125, ocean, minecraft:lukewarm_ocean, WATER_AMBIENT, threateningly_mobs:riptooth, 10, 1, 1
3126, ocean, minecraft:lukewarm_ocean, WATER_AMBIENT, threateningly_mobs:tide_specter, 10, 1, 1
3127, none, minecraft:lush_caves, MONSTER, creatures_expanded:abomination, 20, 1, 1
3128, none, minecraft:lush_caves, MONSTER, knights:archer, 40, 2, 3
3129, none, minecraft:lush_caves, MONSTER, ddenizens:beholder, 10, 1, 1
3130, none, minecraft:lush_caves, MONSTER, creatures_expanded:brood_spider, 35, 1, 1
3131, none, minecraft:lush_caves, MONSTER, threateningly_mobs:cave_hunter, 12, 1, 1
3132, none, minecraft:lush_caves, MONSTER, creatures_expanded:crumbling_skeleton, 50, 1, 1
3133, none, minecraft:lush_caves, MONSTER, creatures_expanded:crystalline_golem, 20, 1, 1
3134, none, minecraft:lush_caves, MONSTER, creatures_expanded:crystalline_spider, 45, 1, 3
3135, none, minecraft:lush_caves, MONSTER, ddenizens:daemon, 10, 1, 1
3136, none, minecraft:lush_caves, MONSTER, ddenizens:death_tyrant, 10, 1, 1
3137, none, minecraft:lush_caves, MONSTER, threateningly_mobs:elite_zombie_warrior, 10, 1, 2
3138, none, minecraft:lush_caves, MONSTER, creatures_expanded:embersmog, 40, 1, 3
3139, none, minecraft:lush_caves, MONSTER, ddenizens:fossilized_skeleton, 25, 1, 2
3140, none, minecraft:lush_caves, MONSTER, creatures_expanded:fungal_ghoul, 60, 1, 2
3141, none, minecraft:lush_caves, MONSTER, creatures_expanded:gargoyle, 50, 1, 3
3142, none, minecraft:lush_caves, MONSTER, ddenizens:gazer, 25, 1, 1
3143, none, minecraft:lush_caves, MONSTER, ddenizens:ghoul, 25, 1, 1
3144, none, minecraft:lush_caves, MONSTER, creatures_expanded:gloomknight, 5, 1, 1
3145, none, minecraft:lush_caves, MONSTER, creatures_expanded:gloomweaver, 30, 1, 2
3146, none, minecraft:lush_caves, MONSTER, creatures_expanded:gnasheart, 60, 1, 4
3147, none, minecraft:lush_caves, MONSTER, creatures_expanded:graven, 36, 3, 5
3148, none, minecraft:lush_caves, MONSTER, ddenizens:headless, 40, 1, 1
3149, none, minecraft:lush_caves, MONSTER, knights:heavyknight, 40, 1, 1
3150, none, minecraft:lush_caves, MONSTER, ddenizens:iron_skeleton, 15, 1, 1
3151, none, minecraft:lush_caves, MONSTER, knights:knight, 50, 3, 5
3152, none, minecraft:lush_caves, MONSTER, threateningly_mobs:lich_re, 10, 1, 1
3153, none, minecraft:lush_caves, MONSTER, ddenizens:magma_skeleton, 40, 1, 1
3154, none, minecraft:lush_caves, MONSTER, creatures_expanded:miststalker, 40, 1, 1
3155, none, minecraft:lush_caves, MONSTER, mocreatures:greenogre, 10, 1, 2
3156, none, minecraft:lush_caves, MONSTER, fantasyfauna:mushcap_glowing, 50, 2, 4
3157, none, minecraft:lush_caves, MONSTER, knights:noble, 50, 1, 1
3158, none, minecraft:lush_caves, MONSTER, ddenizens:orc, 35, 1, 1
3159, none, minecraft:lush_caves, MONSTER, threateningly_mobs:ore_drill, 32, 1, 1
3160, none, minecraft:lush_caves, MONSTER, mobz:tank_zombie, 10, 1, 1
3161, none, minecraft:lush_caves, MONSTER, knights:peasant, 60, 2, 3
3162, none, minecraft:lush_caves, MONSTER, fantasyfauna:possessed_armor, 20, 1, 1
3163, none, minecraft:lush_caves, MONSTER, creatures_expanded:prosperisher_zombie, 50, 1, 2
3164, none, minecraft:lush_caves, MONSTER, creatures_expanded:radiant_ghoul, 80, 1, 3
3165, none, minecraft:lush_caves, MONSTER, ddenizens:shadow, 30, 1, 1
3166, none, minecraft:lush_caves, MONSTER, creatures_expanded:shadowfiend, 35, 1, 2
3167, none, minecraft:lush_caves, MONSTER, ddenizens:shadowlord, 15, 1, 1
3168, none, minecraft:lush_caves, MONSTER, ddenizens:skeleton_warrior, 50, 1, 2
3169, none, minecraft:lush_caves, MONSTER, specialmobs:endercreeper, 10, 1, 4
3170, none, minecraft:lush_caves, MONSTER, ddenizens:spectator, 25, 1, 1
3171, none, minecraft:lush_caves, MONSTER, creatures_expanded:tremorgue, 25, 1, 2
3172, none, minecraft:lush_caves, MONSTER, creatures_expanded:undead_necromancer, 35, 1, 1
3173, none, minecraft:lush_caves, MONSTER, ddenizens:winged_skeleton, 70, 1, 1
3174, none, minecraft:lush_caves, MONSTER, specialmobs:bruteskeleton, 70, 1, 1
3175, none, minecraft:lush_caves, MONSTER, specialmobs:gatlingskeleton, 70, 1, 1
3176, none, minecraft:lush_caves, MONSTER, specialmobs:knightskeleton, 70, 1, 1
3177, none, minecraft:lush_caves, MONSTER, specialmobs:ninjaskeleton, 70, 1, 1
3178, none, minecraft:lush_caves, MONSTER, specialmobs:sniperskeleton, 70, 1, 1
3179, none, minecraft:lush_caves, MONSTER, specialmobs:brutezombie, 70, 1, 1
3180, none, minecraft:lush_caves, MONSTER, specialmobs:plaguezombie, 70, 1, 1
3181, none, minecraft:lush_caves, MONSTER, specialmobs:fishingzombie, 70, 1, 1
3182, none, minecraft:lush_caves, MONSTER, specialmobs:hungryzombie, 70, 1, 1
3183, none, minecraft:lush_caves, MONSTER, specialmobs:minicreeper, 40, 1, 1
3184, none, minecraft:lush_caves, CREATURE, mocreatures:duck, 12, 2, 4
3185, none, minecraft:lush_caves, CREATURE, mocreatures:bird, 16, 2, 3
3186, none, minecraft:lush_caves, CREATURE, mocreatures:mole, 10, 1, 2
3187, none, minecraft:lush_caves, CREATURE, mocreatures:snake, 14, 1, 2
3188, none, minecraft:lush_caves, AMBIENT, ddenizens:boulder, 35, 1, 1
3189, none, minecraft:lush_caves, AMBIENT, mocreatures:snail, 10, 1, 2
3190, none, minecraft:lush_caves, AMBIENT, mocreatures:bee, 10, 1, 2
3191, none, minecraft:lush_caves, AMBIENT, mocreatures:firefly, 10, 1, 2
3192, none, minecraft:lush_caves, AMBIENT, mocreatures:dragonfly, 10, 1, 2
3193, none, minecraft:lush_caves, AMBIENT, mocreatures:butterfly, 12, 1, 4
3194, none, minecraft:lush_caves, AMBIENT, mocreatures:ant, 12, 1, 4
3195, none, minecraft:lush_caves, AMBIENT, fantasyfauna:mushcap_brown, 20, 2, 4
3196, none, minecraft:lush_caves, AMBIENT, fantasyfauna:mushcap_red, 20, 2, 4
3197, none, minecraft:lush_caves, AMBIENT, fantasyfauna:mushcap_vishroom, 10, 2, 4
3198, none, minecraft:lush_caves, AMBIENT, fantasyfauna:wisp, 60, 1, 2
3199, none, minecraft:lush_caves, WATER_CREATURE, mocreatures:piranha, 50, 1, 3
3200, swamp, minecraft:mangrove_swamp, MONSTER, creatures_expanded:abomination, 20, 1, 1
3201, swamp, minecraft:mangrove_swamp, MONSTER, knights:archer, 40, 2, 3
3202, swamp, minecraft:mangrove_swamp, MONSTER, ddenizens:beholder, 10, 1, 1
3203, swamp, minecraft:mangrove_swamp, MONSTER, creatures_expanded:brood_spider, 35, 1, 1
3204, swamp, minecraft:mangrove_swamp, MONSTER, threateningly_mobs:cave_hunter, 12, 1, 1
3205, swamp, minecraft:mangrove_swamp, MONSTER, creatures_expanded:crumbling_skeleton, 50, 1, 1
3206, swamp, minecraft:mangrove_swamp, MONSTER, creatures_expanded:crystalline_golem, 20, 1, 1
3207, swamp, minecraft:mangrove_swamp, MONSTER, creatures_expanded:crystalline_spider, 45, 1, 3
3208, swamp, minecraft:mangrove_swamp, MONSTER, ddenizens:daemon, 10, 1, 1
3209, swamp, minecraft:mangrove_swamp, MONSTER, ddenizens:death_tyrant, 10, 1, 1
3210, swamp, minecraft:mangrove_swamp, MONSTER, threateningly_mobs:elite_zombie_warrior, 10, 1, 2
3211, swamp, minecraft:mangrove_swamp, MONSTER, creatures_expanded:embersmog, 40, 1, 3
3212, swamp, minecraft:mangrove_swamp, MONSTER, ddenizens:fossilized_skeleton, 25, 1, 2
3213, swamp, minecraft:mangrove_swamp, MONSTER, creatures_expanded:fungal_ghoul, 60, 1, 2
3214, swamp, minecraft:mangrove_swamp, MONSTER, creatures_expanded:gargoyle, 50, 1, 3
3215, swamp, minecraft:mangrove_swamp, MONSTER, ddenizens:gazer, 25, 1, 1
3216, swamp, minecraft:mangrove_swamp, MONSTER, ddenizens:ghoul, 25, 1, 1
3217, swamp, minecraft:mangrove_swamp, MONSTER, creatures_expanded:gloomknight, 5, 1, 1
3218, swamp, minecraft:mangrove_swamp, MONSTER, creatures_expanded:gloomweaver, 30, 1, 2
3219, swamp, minecraft:mangrove_swamp, MONSTER, creatures_expanded:gnasheart, 60, 1, 4
3220, swamp, minecraft:mangrove_swamp, MONSTER, creatures_expanded:graven, 36, 3, 5
3221, swamp, minecraft:mangrove_swamp, MONSTER, ddenizens:headless, 40, 1, 1
3222, swamp, minecraft:mangrove_swamp, MONSTER, knights:heavyknight, 40, 1, 1
3223, swamp, minecraft:mangrove_swamp, MONSTER, ddenizens:iron_skeleton, 15, 1, 1
3224, swamp, minecraft:mangrove_swamp, MONSTER, knights:knight, 50, 3, 5
3225, swamp, minecraft:mangrove_swamp, MONSTER, threateningly_mobs:lich_re, 10, 1, 1
3226, swamp, minecraft:mangrove_swamp, MONSTER, ddenizens:magma_skeleton, 40, 1, 1
3227, swamp, minecraft:mangrove_swamp, MONSTER, creatures_expanded:miststalker, 40, 1, 1
3228, swamp, minecraft:mangrove_swamp, MONSTER, mocreatures:greenogre, 10, 1, 2
3229, swamp, minecraft:mangrove_swamp, MONSTER, mocreatures:dirtscorpion, 10, 1, 3
3230, swamp, minecraft:mangrove_swamp, MONSTER, mocreatures:cavescorpion, 50, 1, 3
3231, swamp, minecraft:mangrove_swamp, MONSTER, threateningly_mobs:moon_priest, 10, 1, 1
3232, swamp, minecraft:mangrove_swamp, MONSTER, fantasyfauna:mushcap_glowing, 50, 2, 4
3233, swamp, minecraft:mangrove_swamp, MONSTER, knights:noble, 50, 1, 1
3234, swamp, minecraft:mangrove_swamp, MONSTER, ddenizens:orc, 35, 1, 1
3235, swamp, minecraft:mangrove_swamp, MONSTER, threateningly_mobs:ore_drill, 32, 1, 1
3236, swamp, minecraft:mangrove_swamp, MONSTER, mobz:tank_zombie, 10, 1, 1
3237, swamp, minecraft:mangrove_swamp, MONSTER, knights:peasant, 60, 2, 3
3238, swamp, minecraft:mangrove_swamp, MONSTER, fantasyfauna:possessed_armor, 20, 1, 1
3239, swamp, minecraft:mangrove_swamp, MONSTER, creatures_expanded:prosperisher_zombie, 50, 1, 2
3240, swamp, minecraft:mangrove_swamp, MONSTER, ddenizens:shadow, 30, 1, 1
3241, swamp, minecraft:mangrove_swamp, MONSTER, creatures_expanded:shadowfiend, 35, 1, 2
3242, swamp, minecraft:mangrove_swamp, MONSTER, ddenizens:shadowlord, 15, 1, 1
3243, swamp, minecraft:mangrove_swamp, MONSTER, ddenizens:skeleton_warrior, 50, 1, 2
3244, swamp, minecraft:mangrove_swamp, MONSTER, mobz:armored_zombie, 70, 1, 1
3245, swamp, minecraft:mangrove_swamp, MONSTER, mobz:blue_spider, 20, 2, 3
3246, swamp, minecraft:mangrove_swamp, MONSTER, mobz:bowman, 50, 1, 2
3247, swamp, minecraft:mangrove_swamp, MONSTER, mobz:dwarf, 10, 1, 1
3248, swamp, minecraft:mangrove_swamp, MONSTER, mobz:fast_zombie, 70, 1, 1
3249, swamp, minecraft:mangrove_swamp, MONSTER, mobz:honey_slime, 10, 1, 1
3250, swamp, minecraft:mangrove_swamp, MONSTER, mobz:iron_steve, 30, 1, 1
3251, swamp, minecraft:mangrove_swamp, MONSTER, mobz:lost_skeleton, 70, 1, 1
3252, swamp, minecraft:mangrove_swamp, MONSTER, mobz:overgrown_skeleton, 15, 2, 4
3253, swamp, minecraft:mangrove_swamp, MONSTER, mobz:purple_spider, 15, 1, 4
3254, swamp, minecraft:mangrove_swamp, MONSTER, mobz:tank_zombie, 30, 1, 2
3255, swamp, minecraft:mangrove_swamp, MONSTER, mobz:templar, 40, 1, 1
3256, swamp, minecraft:mangrove_swamp, MONSTER, mobz:warrior, 10, 1, 2
3257, swamp, minecraft:mangrove_swamp, MONSTER, mobz:zombie_mage, 70, 1, 1
3258, swamp, minecraft:mangrove_swamp, MONSTER, specialmobs:endercreeper, 10, 1, 4
3259, swamp, minecraft:mangrove_swamp, MONSTER, ddenizens:spectator, 25, 1, 1
3260, swamp, minecraft:mangrove_swamp, MONSTER, creatures_expanded:swamp_lurker, 35, 1, 1
3261, swamp, minecraft:mangrove_swamp, MONSTER, creatures_expanded:tremorgue, 25, 1, 2
3262, swamp, minecraft:mangrove_swamp, MONSTER, creatures_expanded:undead_necromancer, 35, 1, 1
3263, swamp, minecraft:mangrove_swamp, MONSTER, ddenizens:winged_skeleton, 70, 1, 1
3264, swamp, minecraft:mangrove_swamp, MONSTER, specialmobs:giantskeleton, 70, 1, 1
3265, swamp, minecraft:mangrove_swamp, MONSTER, mocreatures:biggolem, 20, 1, 1
3266, swamp, minecraft:mangrove_swamp, MONSTER, mobz:small_zombie, 70, 1, 1
3267, swamp, minecraft:mangrove_swamp, MONSTER, mocreatures:minigolem, 40, 1, 1
3268, swamp, minecraft:mangrove_swamp, MONSTER, mocreatures:darkmanticore, 50, 1, 1
3269, swamp, minecraft:mangrove_swamp, MONSTER, mocreatures:undeadscorpion, 50, 1, 1
3270, swamp, minecraft:mangrove_swamp, MONSTER, mocreatures:silverskeleton, 70, 1, 1
3271, swamp, minecraft:mangrove_swamp, MONSTER, mobz:bigboss, 50, 1, 1
3272, swamp, minecraft:mangrove_swamp, MONSTER, specialmobs:bruteskeleton, 70, 1, 1
3273, swamp, minecraft:mangrove_swamp, MONSTER, specialmobs:gatlingskeleton, 70, 1, 1
3274, swamp, minecraft:mangrove_swamp, MONSTER, specialmobs:knightskeleton, 70, 1, 1
3275, swamp, minecraft:mangrove_swamp, MONSTER, specialmobs:ninjaskeleton, 70, 1, 1
3276, swamp, minecraft:mangrove_swamp, MONSTER, specialmobs:sniperskeleton, 70, 1, 1
3277, swamp, minecraft:mangrove_swamp, MONSTER, specialmobs:brutezombie, 70, 1, 1
3278, swamp, minecraft:mangrove_swamp, MONSTER, specialmobs:plaguezombie, 70, 1, 1
3279, swamp, minecraft:mangrove_swamp, MONSTER, specialmobs:fishingzombie, 70, 1, 1
3280, swamp, minecraft:mangrove_swamp, MONSTER, specialmobs:hungryzombie, 70, 1, 1
3281, swamp, minecraft:mangrove_swamp, MONSTER, specialmobs:minicreeper, 40, 1, 1
3282, swamp, minecraft:mangrove_swamp, CREATURE, threateningly_mobs:diplocaulus, 10, 1, 1
3283, swamp, minecraft:mangrove_swamp, CREATURE, mocreatures:turtle, 12, 1, 3
3284, swamp, minecraft:mangrove_swamp, CREATURE, mocreatures:crocodile, 10, 1, 2
3285, swamp, minecraft:mangrove_swamp, CREATURE, mocreatures:snake, 14, 1, 2
3286, swamp, minecraft:mangrove_swamp, CREATURE, mocreatures:komododragon, 12, 1, 2
3287, swamp, minecraft:mangrove_swamp, CREATURE, mobz:brown_bear, 30, 2, 3
3288, swamp, minecraft:mangrove_swamp, CREATURE, mobz:dirty_boar, 10, 1, 3
3289, swamp, minecraft:mangrove_swamp, CREATURE, mobz:fiora, 10, 1, 1
3290, swamp, minecraft:mangrove_swamp, CREATURE, mobz:golden_chicken, 10, 1, 2
3291, swamp, minecraft:mangrove_swamp, CREATURE, mobz:katherine, 10, 1, 1
3292, swamp, minecraft:mangrove_swamp, CREATURE, mobz:toad, 10, 1, 1
3293, swamp, minecraft:mangrove_swamp, CREATURE, mobz:wild_boar, 10, 2, 4
3294, swamp, minecraft:mangrove_swamp, AMBIENT, ddenizens:boulder, 35, 1, 1
3295, swamp, minecraft:mangrove_swamp, AMBIENT, mocreatures:snail, 10, 1, 2
3296, swamp, minecraft:mangrove_swamp, AMBIENT, mocreatures:firefly, 10, 1, 2
3297, swamp, minecraft:mangrove_swamp, AMBIENT, mocreatures:dragonfly, 10, 1, 2
3298, swamp, minecraft:mangrove_swamp, AMBIENT, mocreatures:roach, 10, 1, 2
3299, swamp, minecraft:mangrove_swamp, AMBIENT, mocreatures:maggot, 10, 1, 2
3300, swamp, minecraft:mangrove_swamp, AMBIENT, mocreatures:ant, 12, 1, 4
3301, swamp, minecraft:mangrove_swamp, AMBIENT, mocreatures:fly, 12, 1, 2
3302, swamp, minecraft:mangrove_swamp, AMBIENT, mocreatures:cricket, 10, 1, 2
3303, swamp, minecraft:mangrove_swamp, AMBIENT, fantasyfauna:mushcap_brown, 20, 2, 4
3304, swamp, minecraft:mangrove_swamp, AMBIENT, fantasyfauna:mushcap_red, 20, 2, 4
3305, swamp, minecraft:mangrove_swamp, AMBIENT, fantasyfauna:mushcap_vishroom, 10, 2, 4
3306, swamp, minecraft:mangrove_swamp, AMBIENT, threateningly_mobs:shadowmoon_butterfly, 10, 1, 1
3307, swamp, minecraft:mangrove_swamp, AMBIENT, mobz:tiny_spider, 10, 1, 1
3308, swamp, minecraft:mangrove_swamp, AMBIENT, fantasyfauna:wisp, 60, 1, 2
3309, swamp, minecraft:mangrove_swamp, WATER_CREATURE, mocreatures:stingray, 10, 1, 2
3310, swamp, minecraft:mangrove_swamp, WATER_CREATURE, mocreatures:angelfish, 12, 1, 6
3311, swamp, minecraft:mangrove_swamp, WATER_CREATURE, mocreatures:piranha, 50, 1, 3
3312, swamp, minecraft:mangrove_swamp, WATER_CREATURE, mocreatures:bass, 10, 1, 4
3313, extreme_hills, minecraft:meadow, MONSTER, creatures_expanded:abomination, 20, 1, 1
3314, extreme_hills, minecraft:meadow, MONSTER, knights:archer, 40, 2, 3
3315, extreme_hills, minecraft:meadow, MONSTER, ddenizens:beholder, 10, 1, 1
3316, extreme_hills, minecraft:meadow, MONSTER, creatures_expanded:brood_spider, 35, 1, 1
3317, extreme_hills, minecraft:meadow, MONSTER, threateningly_mobs:cave_hunter, 12, 1, 1
3318, extreme_hills, minecraft:meadow, MONSTER, creatures_expanded:crumbling_skeleton, 50, 1, 1
3319, extreme_hills, minecraft:meadow, MONSTER, creatures_expanded:crystalline_golem, 20, 1, 1
3320, extreme_hills, minecraft:meadow, MONSTER, creatures_expanded:crystalline_spider, 45, 1, 3
3321, extreme_hills, minecraft:meadow, MONSTER, ddenizens:daemon, 10, 1, 1
3322, extreme_hills, minecraft:meadow, MONSTER, ddenizens:death_tyrant, 10, 1, 1
3323, extreme_hills, minecraft:meadow, MONSTER, threateningly_mobs:elite_zombie_warrior, 10, 1, 2
3324, extreme_hills, minecraft:meadow, MONSTER, creatures_expanded:embersmog, 40, 1, 3
3325, extreme_hills, minecraft:meadow, MONSTER, ddenizens:fossilized_skeleton, 25, 1, 2
3326, extreme_hills, minecraft:meadow, MONSTER, creatures_expanded:fungal_ghoul, 60, 1, 2
3327, extreme_hills, minecraft:meadow, MONSTER, creatures_expanded:gargoyle, 50, 1, 3
3328, extreme_hills, minecraft:meadow, MONSTER, ddenizens:gazer, 25, 1, 1
3329, extreme_hills, minecraft:meadow, MONSTER, ddenizens:ghoul, 25, 1, 1
3330, extreme_hills, minecraft:meadow, MONSTER, creatures_expanded:gloomknight, 5, 1, 1
3331, extreme_hills, minecraft:meadow, MONSTER, creatures_expanded:gloomweaver, 30, 1, 2
3332, extreme_hills, minecraft:meadow, MONSTER, creatures_expanded:gnasheart, 60, 1, 4
3333, extreme_hills, minecraft:meadow, MONSTER, creatures_expanded:graven, 36, 3, 5
3334, extreme_hills, minecraft:meadow, MONSTER, ddenizens:headless, 40, 1, 1
3335, extreme_hills, minecraft:meadow, MONSTER, knights:heavyknight, 40, 1, 1
3336, extreme_hills, minecraft:meadow, MONSTER, iceandfire:troll, 40, 1, 3
3337, extreme_hills, minecraft:meadow, MONSTER, ddenizens:iron_skeleton, 15, 1, 1
3338, extreme_hills, minecraft:meadow, MONSTER, knights:knight, 50, 3, 5
3339, extreme_hills, minecraft:meadow, MONSTER, threateningly_mobs:lich_re, 10, 1, 1
3340, extreme_hills, minecraft:meadow, MONSTER, ddenizens:magma_skeleton, 40, 1, 1
3341, extreme_hills, minecraft:meadow, MONSTER, creatures_expanded:miststalker, 40, 1, 1
3342, extreme_hills, minecraft:meadow, MONSTER, mocreatures:biggolem, 10, 1, 1
3343, extreme_hills, minecraft:meadow, MONSTER, mocreatures:greenogre, 10, 1, 2
3344, extreme_hills, minecraft:meadow, MONSTER, mocreatures:rat, 10, 1, 2
3345, extreme_hills, minecraft:meadow, MONSTER, mocreatures:minigolem, 40, 1, 1
3346, extreme_hills, minecraft:meadow, MONSTER, mocreatures:caveogre, 50, 1, 2
3347, extreme_hills, minecraft:meadow, MONSTER, mocreatures:plainmanticore, 50, 1, 1
3348, extreme_hills, minecraft:meadow, MONSTER, mocreatures:silverskeleton, 70, 1, 1
3349, extreme_hills, minecraft:meadow, MONSTER, mocreatures:darkmanticore, 50, 1, 3
3350, extreme_hills, minecraft:meadow, MONSTER, mocreatures:cavescorpion, 50, 1, 3
3351, extreme_hills, minecraft:meadow, MONSTER, mocreatures:horsemob, 10, 1, 3
3352, extreme_hills, minecraft:meadow, MONSTER, threateningly_mobs:moon_priest, 10, 1, 1
3353, extreme_hills, minecraft:meadow, MONSTER, fantasyfauna:mushcap_glowing, 50, 2, 4
3354, extreme_hills, minecraft:meadow, MONSTER, knights:noble, 50, 1, 1
3355, extreme_hills, minecraft:meadow, MONSTER, ddenizens:orc, 35, 1, 1
3356, extreme_hills, minecraft:meadow, MONSTER, threateningly_mobs:ore_drill, 32, 1, 1
3357, extreme_hills, minecraft:meadow, MONSTER, mobz:tank_zombie, 10, 1, 1
3358, extreme_hills, minecraft:meadow, MONSTER, knights:peasant, 60, 2, 3
3359, extreme_hills, minecraft:meadow, MONSTER, fantasyfauna:possessed_armor, 20, 1, 1
3360, extreme_hills, minecraft:meadow, MONSTER, creatures_expanded:prosperisher_zombie, 50, 1, 2
3361, extreme_hills, minecraft:meadow, MONSTER, ddenizens:shadow, 30, 1, 1
3362, extreme_hills, minecraft:meadow, MONSTER, creatures_expanded:shadowfiend, 35, 1, 2
3363, extreme_hills, minecraft:meadow, MONSTER, ddenizens:shadowlord, 15, 1, 1
3364, extreme_hills, minecraft:meadow, MONSTER, ddenizens:skeleton_warrior, 50, 1, 2
3365, extreme_hills, minecraft:meadow, MONSTER, mobz:armored_zombie, 70, 1, 1
3366, extreme_hills, minecraft:meadow, MONSTER, mobz:blue_spider, 20, 2, 3
3367, extreme_hills, minecraft:meadow, MONSTER, mobz:bowman, 50, 1, 2
3368, extreme_hills, minecraft:meadow, MONSTER, mobz:dwarf, 10, 1, 1
3369, extreme_hills, minecraft:meadow, MONSTER, mobz:fast_zombie, 70, 1, 1
3370, extreme_hills, minecraft:meadow, MONSTER, mobz:honey_slime, 10, 1, 1
3371, extreme_hills, minecraft:meadow, MONSTER, mobz:iron_steve, 30, 1, 1
3372, extreme_hills, minecraft:meadow, MONSTER, mobz:lost_skeleton, 70, 1, 1
3373, extreme_hills, minecraft:meadow, MONSTER, mobz:overgrown_skeleton, 15, 2, 4
3374, extreme_hills, minecraft:meadow, MONSTER, mobz:purple_spider, 15, 1, 4
3375, extreme_hills, minecraft:meadow, MONSTER, mobz:tank_zombie, 30, 1, 2
3376, extreme_hills, minecraft:meadow, MONSTER, mobz:templar, 40, 1, 1
3377, extreme_hills, minecraft:meadow, MONSTER, mobz:warrior, 10, 1, 2
3378, extreme_hills, minecraft:meadow, MONSTER, mobz:zombie_mage, 70, 1, 1
3379, extreme_hills, minecraft:meadow, MONSTER, specialmobs:endercreeper, 10, 1, 4
3380, extreme_hills, minecraft:meadow, MONSTER, ddenizens:spectator, 25, 1, 1
3381, extreme_hills, minecraft:meadow, MONSTER, threateningly_mobs:steelboar, 10, 1, 1
3382, extreme_hills, minecraft:meadow, MONSTER, threateningly_mobs:tall_mouse, 14, 1, 1
3383, extreme_hills, minecraft:meadow, MONSTER, creatures_expanded:tremorgue, 25, 1, 2
3384, extreme_hills, minecraft:meadow, MONSTER, creatures_expanded:undead_necromancer, 35, 1, 1
3385, extreme_hills, minecraft:meadow, MONSTER, ddenizens:winged_skeleton, 70, 1, 1
3386, extreme_hills, minecraft:meadow, MONSTER, specialmobs:giantskeleton, 70, 1, 1
3387, extreme_hills, minecraft:meadow, MONSTER, mobz:small_zombie, 70, 1, 1
3388, extreme_hills, minecraft:meadow, MONSTER, mocreatures:undeadscorpion, 50, 1, 1
3389, extreme_hills, minecraft:meadow, MONSTER, mobz:bigboss, 50, 1, 1
3390, extreme_hills, minecraft:meadow, MONSTER, specialmobs:bruteskeleton, 70, 1, 1
3391, extreme_hills, minecraft:meadow, MONSTER, specialmobs:gatlingskeleton, 70, 1, 1
3392, extreme_hills, minecraft:meadow, MONSTER, specialmobs:knightskeleton, 70, 1, 1
3393, extreme_hills, minecraft:meadow, MONSTER, specialmobs:ninjaskeleton, 70, 1, 1
3394, extreme_hills, minecraft:meadow, MONSTER, specialmobs:sniperskeleton, 70, 1, 1
3395, extreme_hills, minecraft:meadow, MONSTER, specialmobs:brutezombie, 70, 1, 1
3396, extreme_hills, minecraft:meadow, MONSTER, specialmobs:plaguezombie, 70, 1, 1
3397, extreme_hills, minecraft:meadow, MONSTER, specialmobs:fishingzombie, 70, 1, 1
3398, extreme_hills, minecraft:meadow, MONSTER, specialmobs:hungryzombie, 70, 1, 1
3399, extreme_hills, minecraft:meadow, MONSTER, specialmobs:minicreeper, 40, 1, 1
3400, extreme_hills, minecraft:meadow, MONSTER, threateningly_mobs:steelboar, 10, 1, 1
3401, extreme_hills, minecraft:meadow, MONSTER, threateningly_mobs:forest_drake, 40, 1, 3
3402, extreme_hills, minecraft:meadow, CREATURE, iceandfire:hippogryph, 60, 1, 1
3403, extreme_hills, minecraft:meadow, CREATURE, mocreatures:wildhorse, 12, 1, 4
3404, extreme_hills, minecraft:meadow, CREATURE, mocreatures:boar, 12, 2, 2
3405, extreme_hills, minecraft:meadow, CREATURE, mocreatures:mouse, 10, 1, 2
3406, extreme_hills, minecraft:meadow, CREATURE, mocreatures:bird, 16, 2, 3
3407, extreme_hills, minecraft:meadow, CREATURE, mocreatures:bunny, 12, 2, 3
3408, extreme_hills, minecraft:meadow, CREATURE, mocreatures:mole, 10, 1, 2
3409, extreme_hills, minecraft:meadow, CREATURE, mocreatures:goat, 12, 1, 3
3410, extreme_hills, minecraft:meadow, CREATURE, mocreatures:turkey, 12, 1, 2
3411, extreme_hills, minecraft:meadow, CREATURE, mocreatures:deer, 10, 1, 2
3412, extreme_hills, minecraft:meadow, CREATURE, mocreatures:snake, 14, 1, 2
3413, extreme_hills, minecraft:meadow, CREATURE, mocreatures:kitty, 10, 1, 2
3414, extreme_hills, minecraft:meadow, CREATURE, mobz:brown_bear, 30, 2, 3
3415, extreme_hills, minecraft:meadow, CREATURE, mobz:dirty_boar, 10, 1, 3
3416, extreme_hills, minecraft:meadow, CREATURE, mobz:fiora, 10, 1, 1
3417, extreme_hills, minecraft:meadow, CREATURE, mobz:golden_chicken, 10, 1, 2
3418, extreme_hills, minecraft:meadow, CREATURE, mobz:katherine, 10, 1, 1
3419, extreme_hills, minecraft:meadow, CREATURE, mobz:wild_boar, 10, 2, 4
3420, extreme_hills, minecraft:meadow, AMBIENT, ddenizens:boulder, 35, 1, 1
3421, extreme_hills, minecraft:meadow, AMBIENT, fantasyfauna:eye_bat, 50, 3, 4
3422, extreme_hills, minecraft:meadow, AMBIENT, mocreatures:bee, 10, 1, 2
3423, extreme_hills, minecraft:meadow, AMBIENT, mocreatures:butterfly, 12, 1, 4
3424, extreme_hills, minecraft:meadow, AMBIENT, mocreatures:ant, 12, 1, 4
3425, extreme_hills, minecraft:meadow, AMBIENT, mocreatures:grasshopper, 10, 1, 2
3426, extreme_hills, minecraft:meadow, AMBIENT, mocreatures:fly, 12, 1, 2
3427, extreme_hills, minecraft:meadow, AMBIENT, mocreatures:cricket, 10, 1, 2
3428, extreme_hills, minecraft:meadow, AMBIENT, fantasyfauna:mushcap_brown, 20, 2, 4
3429, extreme_hills, minecraft:meadow, AMBIENT, fantasyfauna:mushcap_red, 20, 2, 4
3430, extreme_hills, minecraft:meadow, AMBIENT, fantasyfauna:mushcap_vishroom, 10, 2, 4
3431, extreme_hills, minecraft:meadow, AMBIENT, threateningly_mobs:shadowmoon_butterfly, 10, 1, 1
3432, extreme_hills, minecraft:meadow, AMBIENT, mobz:tiny_spider, 10, 1, 1
3433, extreme_hills, minecraft:meadow, AMBIENT, fantasyfauna:wisp, 60, 1, 2
3434, extreme_hills, minecraft:meadow, WATER_CREATURE, mocreatures:salmon, 10, 1, 4
3435, extreme_hills, minecraft:meadow, WATER_CREATURE, mocreatures:fishy, 12, 1, 6
3436, extreme_hills, minecraft:meadow, WATER_CREATURE, mocreatures:bass, 10, 1, 4
3437, none, darkerdepths:molten_cavern, MONSTER, creatures_expanded:abomination, 20, 1, 1
3438, none, darkerdepths:molten_cavern, MONSTER, crypticfoes:howler, 30, 1, 3
3439, none, darkerdepths:molten_cavern, MONSTER, graveyard:skeleton_creeper, 20, 1, 4
3440, none, darkerdepths:molten_cavern, MONSTER, betterdefaultbiomes:lost_miner, 80, 1, 3
3441, none, darkerdepths:molten_cavern, MONSTER, slimeoverhaul:air_slime, 18, 1, 2
3442, none, darkerdepths:molten_cavern, MONSTER, alexsmobs:centipede_head, 8, 1, 1
3443, none, darkerdepths:molten_cavern, MONSTER, alexsmobs:farseer, 30, 1, 1
3444, none, darkerdepths:molten_cavern, MONSTER, alexsmobs:murmur, 5, 1, 1
3445, none, darkerdepths:molten_cavern, MONSTER, arthropocolypse:millipede_head, 4, 1, 1
3446, none, darkerdepths:molten_cavern, MONSTER, apocalypse:fearwolf, 20, 1, 4
3447, none, darkerdepths:molten_cavern, MONSTER, knights:archer, 40, 2, 3
3448, none, darkerdepths:molten_cavern, MONSTER, born_in_chaos_v1:baby_skeleton, 25, 1, 2
3449, none, darkerdepths:molten_cavern, MONSTER, born_in_chaos_v1:baby_spider, 16, 3, 5
3450, none, darkerdepths:molten_cavern, MONSTER, born_in_chaos_v1:barrel_zombie, 25, 1, 1
3451, none, darkerdepths:molten_cavern, MONSTER, ddenizens:beholder, 10, 1, 1
3452, none, darkerdepths:molten_cavern, MONSTER, quark:stoneling, 80, 1, 1
3453, none, darkerdepths:molten_cavern, MONSTER, quark:toretoise, 80, 2, 4
3454, none, darkerdepths:molten_cavern, MONSTER, born_in_chaos_v1:bloody_gadfly, 15, 1, 1
3455, none, darkerdepths:molten_cavern, MONSTER, ophidiophobia:bone_snake, 25, 2, 4
3456, none, darkerdepths:molten_cavern, MONSTER, born_in_chaos_v1:bonescaller, 11, 1, 1
3457, none, darkerdepths:molten_cavern, MONSTER, creatures_expanded:brood_spider, 35, 1, 1
3458, none, darkerdepths:molten_cavern, MONSTER, lummobs:cacus, 10, 1, 4
3459, none, darkerdepths:molten_cavern, MONSTER, lummobs:cannon_head, 3, 1, 1
3460, none, darkerdepths:molten_cavern, MONSTER, extractedmobs:black_slime, 80, 1, 3
3461, none, darkerdepths:molten_cavern, MONSTER, extractedmobs:blue_slime, 60, 2, 4
3462, none, darkerdepths:molten_cavern, MONSTER, extractedmobs:green_slime, 80, 2, 3
3463, none, darkerdepths:molten_cavern, MONSTER, extractedmobs:pink_slime, 3, 1, 1
3464, none, darkerdepths:molten_cavern, MONSTER, extractedmobs:purple_slime, 30, 1, 3
3465, none, darkerdepths:molten_cavern, MONSTER, extractedmobs:red_slime, 80, 1, 2
3466, none, darkerdepths:molten_cavern, MONSTER, extractedmobs:yellow_slime, 80, 1, 2
3467, none, darkerdepths:molten_cavern, MONSTER, born_in_chaos_v1:corpse_fly, 12, 1, 3
3468, none, darkerdepths:molten_cavern, MONSTER, creatures_expanded:crumbling_skeleton, 55, 1, 3
3469, none, darkerdepths:molten_cavern, MONSTER, creatures_expanded:crystalline_golem, 20, 1, 1
3470, none, darkerdepths:molten_cavern, MONSTER, creatures_expanded:crystalline_spider, 45, 1, 3
3471, none, darkerdepths:molten_cavern, MONSTER, ddenizens:daemon, 1, 1, 1
3472, none, darkerdepths:molten_cavern, MONSTER, born_in_chaos_v1:dark_vortex, 14, 1, 1
3473, none, darkerdepths:molten_cavern, MONSTER, ddenizens:death_tyrant, 10, 1, 1
3474, none, darkerdepths:molten_cavern, MONSTER, born_in_chaos_v1:decaying_zombie, 30, 1, 1
3475, none, darkerdepths:molten_cavern, MONSTER, born_in_chaos_v1:decrepit_skeleton, 20, 1, 1
3476, none, darkerdepths:molten_cavern, MONSTER, vvariants_of_titans:diabloni, 35, 1, 3
3477, none, darkerdepths:molten_cavern, MONSTER, born_in_chaos_v1:dire_hound_leader, 4, 1, 1
3478, none, darkerdepths:molten_cavern, MONSTER, born_in_chaos_v1:door_knight, 13, 1, 1
3479, none, darkerdepths:molten_cavern, MONSTER, born_in_chaos_v1:dread_hound, 15, 3, 5
3480, none, darkerdepths:molten_cavern, MONSTER, slimeoverhaul:earth_slime, 14, 1, 2
3481, none, darkerdepths:molten_cavern, MONSTER, threateningly_mobs:elite_zombie_warrior, 6, 1, 2
3482, none, darkerdepths:molten_cavern, MONSTER, creatures_expanded:embersmog, 40, 1, 3
3483, none, darkerdepths:molten_cavern, MONSTER, born_in_chaos_v1:fallen_chaos_knight, 5, 1, 1
3484, none, darkerdepths:molten_cavern, MONSTER, slimeoverhaul:flame_slime, 30, 2, 4
3485, none, darkerdepths:molten_cavern, MONSTER, ddenizens:fossilized_skeleton, 25, 1, 2
3486, none, darkerdepths:molten_cavern, MONSTER, creatures_expanded:fungal_ghoul, 60, 1, 2
3487, none, darkerdepths:molten_cavern, MONSTER, creatures_expanded:gargoyle, 50, 1, 3
3488, none, darkerdepths:molten_cavern, MONSTER, ddenizens:gazer, 25, 1, 1
3489, none, darkerdepths:molten_cavern, MONSTER, ddenizens:ghoul, 25, 1, 1
3490, none, darkerdepths:molten_cavern, MONSTER, creatures_expanded:gloomknight, 15, 1, 1
3491, none, darkerdepths:molten_cavern, MONSTER, creatures_expanded:gloomweaver, 30, 1, 2
3492, none, darkerdepths:molten_cavern, MONSTER, creatures_expanded:gnasheart, 60, 1, 4
3493, none, darkerdepths:molten_cavern, MONSTER, creatures_expanded:graven, 36, 3, 5
3494, none, darkerdepths:molten_cavern, MONSTER, ddenizens:headless, 40, 1, 1
3495, none, darkerdepths:molten_cavern, MONSTER, knights:heavyknight, 25, 1, 1
3496, none, darkerdepths:molten_cavern, MONSTER, rottencreatures:undead_miner, 20, 1, 4
3497, none, darkerdepths:molten_cavern, MONSTER, ddenizens:iron_skeleton, 15, 1, 1
3498, none, darkerdepths:molten_cavern, MONSTER, knights:knight, 50, 3, 5
3499, none, darkerdepths:molten_cavern, MONSTER, born_in_chaos_v1:krampus, 2, 1, 1
3500, none, darkerdepths:molten_cavern, MONSTER, born_in_chaos_v1:krampus_henchman, 9, 2, 3
3501, none, darkerdepths:molten_cavern, MONSTER, threateningly_mobs:lich_re, 4, 1, 1
3502, none, darkerdepths:molten_cavern, MONSTER, born_in_chaos_v1:lifestealer, 3, 1, 1
3503, none, darkerdepths:molten_cavern, MONSTER, magma_monsters:magma_monster_grunt, 20, 1, 3
3504, none, darkerdepths:molten_cavern, MONSTER, magma_monsters:magma_monster, 20, 1, 3
3505, none, darkerdepths:molten_cavern, MONSTER, ddenizens:magma_skeleton, 40, 1, 1
3506, none, darkerdepths:molten_cavern, MONSTER, aam:metalplate_wanderer, 20, 1, 1
3507, none, darkerdepths:molten_cavern, MONSTER, born_in_chaos_v1:missioner, 4, 1, 1
3508, none, darkerdepths:molten_cavern, MONSTER, creatures_expanded:miststalker, 40, 1, 1
3509, none, darkerdepths:molten_cavern, MONSTER, mocreatures:dirtscorpion, 6, 1, 3
3510, none, darkerdepths:molten_cavern, MONSTER, mocreatures:cavescorpion, 4, 1, 3
3511, none, darkerdepths:molten_cavern, MONSTER, from_hell_rewritten:molotov_creeper, 45, 1, 1
3512, none, darkerdepths:molten_cavern, MONSTER, born_in_chaos_v1:mother_spider, 15, 1, 1
3513, none, darkerdepths:molten_cavern, MONSTER, mowziesmobs:grottol, 2, 1, 1
3514, none, darkerdepths:molten_cavern, MONSTER, born_in_chaos_v1:mr_pumpkin, 15, 1, 3
3515, none, darkerdepths:molten_cavern, MONSTER, born_in_chaos_v1:mrs_pumpkin, 13, 1, 1
3516, none, darkerdepths:molten_cavern, MONSTER, fantasyfauna:mushcap_glowing, 50, 2, 4
3517, none, darkerdepths:molten_cavern, MONSTER, born_in_chaos_v1:nightmare_stalker, 4, 1, 1
3518, none, darkerdepths:molten_cavern, MONSTER, knights:noble, 50, 1, 1
3519, none, darkerdepths:molten_cavern, MONSTER, ddenizens:orc, 35, 1, 1
3520, none, darkerdepths:molten_cavern, MONSTER, threateningly_mobs:ore_drill, 32, 1, 1
3521, none, darkerdepths:molten_cavern, MONSTER, vvariants_of_titans:parah, 55, 1, 4
3522, none, darkerdepths:molten_cavern, MONSTER, knights:peasant, 60, 2, 3
3523, none, darkerdepths:molten_cavern, MONSTER, born_in_chaos_v1:phantom_creeper, 8, 1, 1
3524, none, darkerdepths:molten_cavern, MONSTER, aam:possessed_sword, 50, 1, 2
3525, none, darkerdepths:molten_cavern, MONSTER, creatures_expanded:prosperisher_zombie, 50, 1, 2
3526, none, darkerdepths:molten_cavern, MONSTER, born_in_chaos_v1:pumpkin_bruiser, 10, 1, 1
3527, none, darkerdepths:molten_cavern, MONSTER, lummobs:purpleguy, 5, 1, 1
3528, none, darkerdepths:molten_cavern, MONSTER, born_in_chaos_v1:restless_spirit, 20, 1, 1
3529, none, darkerdepths:molten_cavern, MONSTER, vvariants_of_titans:rzombs, 15, 1, 1
3530, none, darkerdepths:molten_cavern, MONSTER, born_in_chaos_v1:senor_pumpkin, 10, 1, 2
3531, none, darkerdepths:molten_cavern, MONSTER, ddenizens:shadow, 30, 1, 1
3532, none, darkerdepths:molten_cavern, MONSTER, creatures_expanded:shadowfiend, 35, 1, 2
3533, none, darkerdepths:molten_cavern, MONSTER, ddenizens:shadowlord, 15, 1, 1
3534, none, darkerdepths:molten_cavern, MONSTER, born_in_chaos_v1:siamese_skeletons, 16, 1, 1
3535, none, darkerdepths:molten_cavern, MONSTER, born_in_chaos_v1:sir_pumpkinhead, 4, 1, 1
3536, none, darkerdepths:molten_cavern, MONSTER, born_in_chaos_v1:skeleton_demoman, 12, 1, 1
3537, none, darkerdepths:molten_cavern, MONSTER, born_in_chaos_v1:skeleton_thrasher, 8, 1, 1
3538, none, darkerdepths:molten_cavern, MONSTER, ddenizens:skeleton_warrior, 50, 1, 2
3539, none, darkerdepths:molten_cavern, MONSTER, lummobs:slabturtle_2, 15, 1, 3
3540, none, darkerdepths:molten_cavern, MONSTER, specialmobs:endercreeper, 1, 1, 4
3541, none, darkerdepths:molten_cavern, MONSTER, ddenizens:spectator, 25, 1, 1
3542, none, darkerdepths:molten_cavern, MONSTER, born_in_chaos_v1:spirit_guide_assistant, 9, 2, 2
3543, none, darkerdepths:molten_cavern, MONSTER, born_in_chaos_v1:spirit_guide, 16, 1, 1
3544, none, darkerdepths:molten_cavern, MONSTER, born_in_chaos_v1:spiritof_chaos, 8, 1, 1
3545, none, darkerdepths:molten_cavern, MONSTER, born_in_chaos_v1:supreme_bonescaller, 1, 1, 1
3546, none, darkerdepths:molten_cavern, MONSTER, born_in_chaos_v1:swarmer, 11, 1, 1
3547, none, darkerdepths:molten_cavern, MONSTER, creatures_expanded:tremorgue, 25, 1, 2
3548, none, darkerdepths:molten_cavern, MONSTER, creatures_expanded:undead_necromancer, 35, 1, 1
3549, none, darkerdepths:molten_cavern, MONSTER, slimeoverhaul:water_slime, 25, 1, 2
3550, none, darkerdepths:molten_cavern, MONSTER, ddenizens:winged_skeleton, 40, 1, 2
3551, none, darkerdepths:molten_cavern, MONSTER, born_in_chaos_v1:zombie_bruiser, 16, 1, 1
3552, none, darkerdepths:molten_cavern, MONSTER, born_in_chaos_v1:zombie_clown, 8, 1, 1
3553, none, darkerdepths:molten_cavern, MONSTER, born_in_chaos_v1:zombie_fisherman, 30, 1, 1
3554, none, darkerdepths:molten_cavern, MONSTER, born_in_chaos_v1:zombie_lumberjack, 25, 1, 1
3555, none, darkerdepths:molten_cavern, MONSTER, zombies_plus:runner_zombie, 40, 4, 4
3556, none, darkerdepths:molten_cavern, MONSTER, zombies_plus:brute_zombie, 10, 4, 4
3557, none, darkerdepths:molten_cavern, MONSTER, zombies_plus:axe_zombie, 15, 4, 4
3558, none, darkerdepths:molten_cavern, MONSTER, zombies_plus:crawler_zombie, 15, 4, 4
3559, none, darkerdepths:molten_cavern, MONSTER, zombies_plus:crossbow_zombie, 35, 4, 4
3560, none, darkerdepths:molten_cavern, MONSTER, zombies_plus:bow_zombie, 35, 4, 4
3561, none, darkerdepths:molten_cavern, MONSTER, zombies_plus:shrieker_zombie, 3, 4, 4
3562, none, darkerdepths:molten_cavern, MONSTER, zombies_plus:sword_zombie, 15, 4, 4
3563, none, darkerdepths:molten_cavern, MONSTER, zombies_plus:slow_zombie, 7, 4, 4
3564, none, darkerdepths:molten_cavern, MONSTER, zombies_plus:cave_zombie, 30, 4, 4
3565, none, darkerdepths:molten_cavern, MONSTER, zombie_mobs:zombiechicken, 20, 4, 6
3566, none, darkerdepths:molten_cavern, MONSTER, zombie_mobs:zombiecow, 20, 4, 4
3567, none, darkerdepths:molten_cavern, MONSTER, zombie_mobs:zombiepig, 20, 3, 3
3568, none, darkerdepths:molten_cavern, CREATURE, monsterexpansion:kobeko, 10, 1, 1
3569, none, darkerdepths:molten_cavern, CREATURE, monsterexpansion:skrythe, 1, 1, 1
3570, none, darkerdepths:molten_cavern, CREATURE, born_in_chaos_v1:thornshell_crab, 8, 1, 1
3571, none, darkerdepths:molten_cavern, AMBIENT, alexsmobs:fly, 3, 2, 3
3572, none, darkerdepths:molten_cavern, AMBIENT, alexsmobs:cockroach, 4, 5, 5
3573, none, darkerdepths:molten_cavern, AMBIENT, ddenizens:boulder, 35, 1, 1
3574, none, darkerdepths:molten_cavern, AMBIENT, mocreatures:roach, 10, 1, 2
3575, none, darkerdepths:molten_cavern, AMBIENT, mocreatures:ant, 12, 1, 4
3576, none, darkerdepths:molten_cavern, WATER_CREATURE, born_in_chaos_v1:corpse_fish, 7, 3, 5
3577, none, darkerdepths:molten_cavern, WATER_CREATURE, born_in_chaos_v1:glutton_fish, 2, 1, 1
3578, none, darkerdepths:molten_cavern, WATER_AMBIENT, alexsmobs:devils_hole_pupfish, 23, 5, 12
3579, none, minecraft:mushroom_fields, MONSTER, creatures_expanded:abomination, 20, 1, 1
3580, none, minecraft:mushroom_fields, MONSTER, knights:archer, 40, 2, 3
3581, none, minecraft:mushroom_fields, MONSTER, ddenizens:beholder, 10, 1, 1
3582, none, minecraft:mushroom_fields, MONSTER, creatures_expanded:brood_spider, 35, 1, 1
3583, none, minecraft:mushroom_fields, MONSTER, creatures_expanded:crumbling_skeleton, 50, 1, 1
3584, none, minecraft:mushroom_fields, MONSTER, creatures_expanded:crystalline_golem, 20, 1, 1
3585, none, minecraft:mushroom_fields, MONSTER, creatures_expanded:crystalline_spider, 45, 1, 3
3586, none, minecraft:mushroom_fields, MONSTER, ddenizens:daemon, 10, 1, 1
3587, none, minecraft:mushroom_fields, MONSTER, ddenizens:death_tyrant, 10, 1, 1
3588, none, minecraft:mushroom_fields, MONSTER, threateningly_mobs:elite_zombie_warrior, 10, 1, 2
3589, none, minecraft:mushroom_fields, MONSTER, creatures_expanded:embersmog, 40, 1, 3
3590, none, minecraft:mushroom_fields, MONSTER, ddenizens:fossilized_skeleton, 25, 1, 2
3591, none, minecraft:mushroom_fields, MONSTER, creatures_expanded:fungal_ghoul, 60, 1, 2
3592, none, minecraft:mushroom_fields, MONSTER, creatures_expanded:gargoyle, 50, 1, 3
3593, none, minecraft:mushroom_fields, MONSTER, ddenizens:gazer, 25, 1, 1
3594, none, minecraft:mushroom_fields, MONSTER, ddenizens:ghoul, 25, 1, 1
3595, none, minecraft:mushroom_fields, MONSTER, creatures_expanded:gloomknight, 5, 1, 1
3596, none, minecraft:mushroom_fields, MONSTER, creatures_expanded:gloomweaver, 30, 1, 2
3597, none, minecraft:mushroom_fields, MONSTER, creatures_expanded:gnasheart, 60, 1, 4
3598, none, minecraft:mushroom_fields, MONSTER, creatures_expanded:graven, 36, 3, 5
3599, none, minecraft:mushroom_fields, MONSTER, ddenizens:headless, 40, 1, 1
3600, none, minecraft:mushroom_fields, MONSTER, knights:heavyknight, 40, 1, 1
3601, none, minecraft:mushroom_fields, MONSTER, ddenizens:iron_skeleton, 15, 1, 1
3602, none, minecraft:mushroom_fields, MONSTER, knights:knight, 50, 3, 5
3603, none, minecraft:mushroom_fields, MONSTER, threateningly_mobs:lich_re, 10, 1, 1
3604, none, minecraft:mushroom_fields, MONSTER, ddenizens:magma_skeleton, 40, 1, 1
3605, none, minecraft:mushroom_fields, MONSTER, creatures_expanded:miststalker, 40, 1, 1
3606, none, minecraft:mushroom_fields, MONSTER, fantasyfauna:mushcap_glowing, 50, 2, 4
3607, none, minecraft:mushroom_fields, MONSTER, knights:noble, 50, 1, 1
3608, none, minecraft:mushroom_fields, MONSTER, ddenizens:orc, 35, 1, 1
3609, none, minecraft:mushroom_fields, MONSTER, threateningly_mobs:ore_drill, 32, 1, 1
3610, none, minecraft:mushroom_fields, MONSTER, knights:peasant, 60, 2, 3
3611, none, minecraft:mushroom_fields, MONSTER, fantasyfauna:possessed_armor, 20, 1, 1
3612, none, minecraft:mushroom_fields, MONSTER, creatures_expanded:prosperisher_zombie, 50, 1, 2
3613, none, minecraft:mushroom_fields, MONSTER, ddenizens:shadow, 30, 1, 1
3614, none, minecraft:mushroom_fields, MONSTER, creatures_expanded:shadowfiend, 35, 1, 2
3615, none, minecraft:mushroom_fields, MONSTER, ddenizens:shadowlord, 15, 1, 1
3616, none, minecraft:mushroom_fields, MONSTER, creatures_expanded:shroomarauder, 40, 1, 4
3617, none, minecraft:mushroom_fields, MONSTER, ddenizens:skeleton_warrior, 50, 1, 2
3618, none, minecraft:mushroom_fields, MONSTER, ddenizens:spectator, 25, 1, 1
3619, none, minecraft:mushroom_fields, MONSTER, creatures_expanded:tremorgue, 25, 1, 2
3620, none, minecraft:mushroom_fields, MONSTER, creatures_expanded:undead_necromancer, 35, 1, 1
3621, none, minecraft:mushroom_fields, MONSTER, ddenizens:winged_skeleton, 70, 1, 1
3622, none, minecraft:mushroom_fields, MONSTER, specialmobs:bruteskeleton, 70, 1, 1
3623, none, minecraft:mushroom_fields, MONSTER, specialmobs:gatlingskeleton, 70, 1, 1
3624, none, minecraft:mushroom_fields, MONSTER, specialmobs:knightskeleton, 70, 1, 1
3625, none, minecraft:mushroom_fields, MONSTER, specialmobs:ninjaskeleton, 70, 1, 1
3626, none, minecraft:mushroom_fields, MONSTER, specialmobs:sniperskeleton, 70, 1, 1
3627, none, minecraft:mushroom_fields, MONSTER, specialmobs:brutezombie, 70, 1, 1
3628, none, minecraft:mushroom_fields, MONSTER, specialmobs:plaguezombie, 70, 1, 1
3629, none, minecraft:mushroom_fields, MONSTER, specialmobs:fishingzombie, 70, 1, 1
3630, none, minecraft:mushroom_fields, MONSTER, specialmobs:hungryzombie, 70, 1, 1
3631, none, minecraft:mushroom_fields, MONSTER, specialmobs:minicreeper, 40, 1, 1
3632, none, minecraft:mushroom_fields, AMBIENT, ddenizens:boulder, 35, 1, 1
3633, none, minecraft:mushroom_fields, AMBIENT, fantasyfauna:mushcap_brown, 20, 2, 4
3634, none, minecraft:mushroom_fields, AMBIENT, fantasyfauna:mushcap_red, 20, 2, 4
3635, none, minecraft:mushroom_fields, AMBIENT, fantasyfauna:mushcap_vishroom, 10, 2, 4
3636, nether, minecraft:nether_wastes, MONSTER, creatures_expanded:abomination, 20, 1, 1
3637, nether, minecraft:nether_wastes, MONSTER, ddenizens:beholder, 10, 1, 1
3638, nether, minecraft:nether_wastes, MONSTER, creatures_expanded:brood_spider, 35, 1, 1
3639, nether, minecraft:nether_wastes, MONSTER, creatures_expanded:crumbling_skeleton, 50, 1, 1
3640, nether, minecraft:nether_wastes, MONSTER, creatures_expanded:crystalline_golem, 20, 1, 1
3641, nether, minecraft:nether_wastes, MONSTER, creatures_expanded:crystalline_spider, 45, 1, 3
3642, nether, minecraft:nether_wastes, MONSTER, ddenizens:daemon, 10, 1, 1
3643, nether, minecraft:nether_wastes, MONSTER, ddenizens:death_tyrant, 10, 1, 1
3644, nether, minecraft:nether_wastes, MONSTER, creatures_expanded:embersmog, 40, 1, 3
3645, nether, minecraft:nether_wastes, MONSTER, creatures_expanded:fungal_ghoul, 60, 1, 2
3646, nether, minecraft:nether_wastes, MONSTER, creatures_expanded:gargoyle, 50, 1, 3
3647, nether, minecraft:nether_wastes, MONSTER, ddenizens:gazer, 10, 1, 1
3648, nether, minecraft:nether_wastes, MONSTER, creatures_expanded:gloomknight, 5, 1, 1
3649, nether, minecraft:nether_wastes, MONSTER, creatures_expanded:gloomweaver, 30, 1, 2
3650, nether, minecraft:nether_wastes, MONSTER, creatures_expanded:gnasheart, 60, 1, 4
3651, nether, minecraft:nether_wastes, MONSTER, creatures_expanded:graven, 36, 3, 5
3652, nether, minecraft:nether_wastes, MONSTER, ddenizens:magma_skeleton, 15, 1, 4
3653, nether, minecraft:nether_wastes, MONSTER, creatures_expanded:miststalker, 40, 1, 1
3654, nether, minecraft:nether_wastes, MONSTER, mocreatures:flamewraith, 10, 1, 2
3655, nether, minecraft:nether_wastes, MONSTER, mocreatures:fireogre, 10, 1, 2
3656, nether, minecraft:nether_wastes, MONSTER, mocreatures:hellrat, 10, 1, 4
3657, nether, minecraft:nether_wastes, MONSTER, mocreatures:firemanticore, 10, 1, 3
3658, nether, minecraft:nether_wastes, MONSTER, mocreatures:firescorpion, 10, 1, 3
3659, nether, minecraft:nether_wastes, MONSTER, mocreatures:horsemob, 10, 1, 3
3660, nether, minecraft:nether_wastes, MONSTER, fantasyfauna:possessed_armor, 20, 1, 1
3661, nether, minecraft:nether_wastes, MONSTER, creatures_expanded:prosperisher_zombie, 50, 1, 2
3662, nether, minecraft:nether_wastes, MONSTER, creatures_expanded:pyroclastic_boulder, 20, 1, 1
3663, nether, minecraft:nether_wastes, MONSTER, creatures_expanded:pyrorachnid, 35, 1, 2
3664, nether, minecraft:nether_wastes, MONSTER, ddenizens:shadow, 15, 1, 1
3665, nether, minecraft:nether_wastes, MONSTER, creatures_expanded:shadowfiend, 35, 1, 2
3666, nether, minecraft:nether_wastes, MONSTER, ddenizens:shadowlord, 10, 1, 1
3667, nether, minecraft:nether_wastes, MONSTER, mobz:lava_golem, 10, 1, 1
3668, nether, minecraft:nether_wastes, MONSTER, mobz:nether_skeleton, 10, 1, 2
3669, nether, minecraft:nether_wastes, MONSTER, mobz:nether_wolf, 10, 1, 3
3670, nether, minecraft:nether_wastes, MONSTER, mobz:pigman, 10, 2, 3
3671, nether, minecraft:nether_wastes, MONSTER, mobz:soul_creeper, 10, 1, 2
3672, nether, minecraft:nether_wastes, MONSTER, mobz:wither_blaze, 10, 1, 3
3673, nether, minecraft:nether_wastes, MONSTER, specialmobs:endercreeper, 10, 4, 4
3674, nether, minecraft:nether_wastes, MONSTER, specialmobs:firecreeper, 10, 4, 4
3675, nether, minecraft:nether_wastes, MONSTER, specialmobs:firezombie, 10, 4, 4
3676, nether, minecraft:nether_wastes, MONSTER, specialmobs:firespider, 10, 4, 4
3677, nether, minecraft:nether_wastes, MONSTER, ddenizens:spectator, 10, 1, 1
3678, nether, minecraft:nether_wastes, MONSTER, creatures_expanded:tremorgue, 25, 1, 2
3679, nether, minecraft:nether_wastes, MONSTER, creatures_expanded:undead_necromancer, 35, 1, 1
3680, nether, minecraft:nether_wastes, MONSTER, specialmobs:bruteskeleton, 70, 1, 1
3681, nether, minecraft:nether_wastes, MONSTER, specialmobs:gatlingskeleton, 70, 1, 1
3682, nether, minecraft:nether_wastes, MONSTER, specialmobs:knightskeleton, 70, 1, 1
3683, nether, minecraft:nether_wastes, MONSTER, specialmobs:ninjaskeleton, 70, 1, 1
3684, nether, minecraft:nether_wastes, MONSTER, specialmobs:sniperskeleton, 70, 1, 1
3685, nether, minecraft:nether_wastes, MONSTER, specialmobs:brutezombie, 70, 1, 1
3686, nether, minecraft:nether_wastes, MONSTER, specialmobs:plaguezombie, 70, 1, 1
3687, nether, minecraft:nether_wastes, MONSTER, specialmobs:fishingzombie, 70, 1, 1
3688, nether, minecraft:nether_wastes, MONSTER, specialmobs:hungryzombie, 70, 1, 1
3689, nether, minecraft:nether_wastes, MONSTER, specialmobs:minicreeper, 40, 1, 1
3690, nether, minecraft:nether_wastes, CREATURE, threateningly_mobs:flame_horn_re, 10, 1, 2
3691, nether, minecraft:nether_wastes, AMBIENT, fantasyfauna:mushcap_brown, 20, 2, 4
3692, nether, minecraft:nether_wastes, AMBIENT, fantasyfauna:mushcap_red, 20, 2, 4
3693, ocean, minecraft:ocean, MONSTER, creatures_expanded:abomination, 20, 1, 1
3694, ocean, minecraft:ocean, MONSTER, knights:archer, 40, 2, 3
3695, ocean, minecraft:ocean, MONSTER, ddenizens:beholder, 10, 1, 1
3696, ocean, minecraft:ocean, MONSTER, creatures_expanded:brood_spider, 35, 1, 1
3697, ocean, minecraft:ocean, MONSTER, threateningly_mobs:cannon_crab, 20, 1, 1
3698, ocean, minecraft:ocean, MONSTER, threateningly_mobs:cave_hunter, 12, 1, 1
3699, ocean, minecraft:ocean, MONSTER, creatures_expanded:crumbling_skeleton, 50, 1, 1
3700, ocean, minecraft:ocean, MONSTER, creatures_expanded:crystalline_golem, 20, 1, 1
3701, ocean, minecraft:ocean, MONSTER, creatures_expanded:crystalline_spider, 45, 1, 3
3702, ocean, minecraft:ocean, MONSTER, ddenizens:daemon, 10, 1, 1
3703, ocean, minecraft:ocean, MONSTER, ddenizens:death_tyrant, 10, 1, 1
3704, ocean, minecraft:ocean, MONSTER, threateningly_mobs:elite_zombie_warrior, 10, 1, 2
3705, ocean, minecraft:ocean, MONSTER, creatures_expanded:embersmog, 40, 1, 3
3706, ocean, minecraft:ocean, MONSTER, ddenizens:fossilized_skeleton, 25, 1, 2
3707, ocean, minecraft:ocean, MONSTER, creatures_expanded:fungal_ghoul, 60, 1, 2
3708, ocean, minecraft:ocean, MONSTER, creatures_expanded:gargoyle, 50, 1, 3
3709, ocean, minecraft:ocean, MONSTER, ddenizens:gazer, 25, 1, 1
3710, ocean, minecraft:ocean, MONSTER, ddenizens:ghoul, 25, 1, 1
3711, ocean, minecraft:ocean, MONSTER, creatures_expanded:gloomknight, 5, 1, 1
3712, ocean, minecraft:ocean, MONSTER, creatures_expanded:gloomweaver, 30, 1, 2
3713, ocean, minecraft:ocean, MONSTER, creatures_expanded:gnasheart, 60, 1, 4
3714, ocean, minecraft:ocean, MONSTER, creatures_expanded:graven, 36, 3, 5
3715, ocean, minecraft:ocean, MONSTER, ddenizens:headless, 40, 1, 1
3716, ocean, minecraft:ocean, MONSTER, knights:heavyknight, 40, 1, 1
3717, ocean, minecraft:ocean, MONSTER, threateningly_mobs:hydra, 10, 1, 1
3718, ocean, minecraft:ocean, MONSTER, ddenizens:iron_skeleton, 15, 1, 1
3719, ocean, minecraft:ocean, MONSTER, knights:knight, 50, 3, 5
3720, ocean, minecraft:ocean, MONSTER, threateningly_mobs:lich_re, 10, 1, 1
3721, ocean, minecraft:ocean, MONSTER, ddenizens:magma_skeleton, 40, 1, 1
3722, ocean, minecraft:ocean, MONSTER, creatures_expanded:miststalker, 40, 1, 1
3723, ocean, minecraft:ocean, MONSTER, threateningly_mobs:moon_priest, 10, 1, 1
3724, ocean, minecraft:ocean, MONSTER, fantasyfauna:mushcap_glowing, 50, 2, 4
3725, ocean, minecraft:ocean, MONSTER, knights:noble, 50, 1, 1
3726, ocean, minecraft:ocean, MONSTER, ddenizens:orc, 35, 1, 1
3727, ocean, minecraft:ocean, MONSTER, threateningly_mobs:ore_drill, 32, 1, 1
3728, ocean, minecraft:ocean, MONSTER, mobz:tank_zombie, 10, 1, 1
3729, ocean, minecraft:ocean, MONSTER, knights:peasant, 60, 2, 3
3730, ocean, minecraft:ocean, MONSTER, fantasyfauna:possessed_armor, 20, 1, 1
3731, ocean, minecraft:ocean, MONSTER, creatures_expanded:prosperisher_zombie, 50, 1, 2
3732, ocean, minecraft:ocean, MONSTER, ddenizens:shadow, 30, 1, 1
3733, ocean, minecraft:ocean, MONSTER, creatures_expanded:shadowfiend, 35, 1, 2
3734, ocean, minecraft:ocean, MONSTER, ddenizens:shadowlord, 15, 1, 1
3735, ocean, minecraft:ocean, MONSTER, ddenizens:skeleton_warrior, 50, 1, 2
3736, ocean, minecraft:ocean, MONSTER, specialmobs:endercreeper, 10, 1, 4
3737, ocean, minecraft:ocean, MONSTER, specialmobs:drowningcreeper, 10, 1, 1
3738, ocean, minecraft:ocean, MONSTER, specialmobs:blueberryslime, 10, 1, 1
3739, ocean, minecraft:ocean, MONSTER, specialmobs:pirateskeleton, 10, 1, 1
3740, ocean, minecraft:ocean, MONSTER, ddenizens:spectator, 25, 1, 1
3741, ocean, minecraft:ocean, MONSTER, creatures_expanded:tremorgue, 25, 1, 2
3742, ocean, minecraft:ocean, MONSTER, creatures_expanded:undead_necromancer, 35, 1, 1
3743, ocean, minecraft:ocean, MONSTER, specialmobs:giantskeleton, 70, 1, 1
3744, ocean, minecraft:ocean, MONSTER, mocreatures:biggolem, 20, 1, 1
3745, ocean, minecraft:ocean, MONSTER, mobz:small_zombie, 70, 1, 1
3746, ocean, minecraft:ocean, MONSTER, mocreatures:minigolem, 40, 1, 1
3747, ocean, minecraft:ocean, MONSTER, mocreatures:darkmanticore, 50, 1, 1
3748, ocean, minecraft:ocean, MONSTER, mocreatures:undeadscorpion, 50, 1, 1
3749, ocean, minecraft:ocean, MONSTER, mobz:zombie_mage, 70, 1, 1
3750, ocean, minecraft:ocean, MONSTER, mocreatures:silverskeleton, 70, 1, 1
3751, ocean, minecraft:ocean, MONSTER, mobz:bigboss, 50, 1, 1
3752, ocean, minecraft:ocean, AMBIENT, ddenizens:boulder, 35, 1, 1
3753, ocean, minecraft:ocean, AMBIENT, threateningly_mobs:giant_seacucumber, 10, 2, 4
3754, ocean, minecraft:ocean, WATER_CREATURE, mocreatures:dolphin, 10, 2, 4
3755, ocean, minecraft:ocean, WATER_CREATURE, mocreatures:salmon, 10, 1, 4
3756, ocean, minecraft:ocean, WATER_CREATURE, mocreatures:angler, 12, 1, 6
3757, ocean, minecraft:ocean, WATER_CREATURE, mocreatures:jellyfish, 10, 1, 4
3758, ocean, minecraft:ocean, WATER_CREATURE, mocreatures:clownfish, 12, 1, 6
3759, ocean, minecraft:ocean, WATER_CREATURE, mocreatures:manderin, 12, 1, 6
3760, ocean, minecraft:ocean, WATER_CREATURE, mocreatures:shark, 10, 1, 2
3761, ocean, minecraft:ocean, WATER_CREATURE, mocreatures:hippotang, 12, 1, 6
3762, ocean, minecraft:ocean, WATER_CREATURE, mocreatures:mantaray, 10, 1, 2
3763, ocean, minecraft:ocean, WATER_CREATURE, mocreatures:fishy, 12, 1, 6
3764, ocean, minecraft:ocean, WATER_CREATURE, mocreatures:anchovy, 12, 1, 6
3765, ocean, minecraft:ocean, WATER_CREATURE, mocreatures:cod, 10, 1, 4
3766, ocean, minecraft:ocean, WATER_AMBIENT, threateningly_mobs:riptooth, 10, 1, 1
3767, ocean, minecraft:ocean, WATER_AMBIENT, threateningly_mobs:tide_specter, 10, 1, 1
3768, forest, minecraft:old_growth_birch_forest, MONSTER, creatures_expanded:abomination, 20, 1, 1
3769, forest, minecraft:old_growth_birch_forest, MONSTER, knights:archer, 40, 2, 3
3770, forest, minecraft:old_growth_birch_forest, MONSTER, ddenizens:beholder, 10, 1, 1
3771, forest, minecraft:old_growth_birch_forest, MONSTER, creatures_expanded:brood_spider, 35, 1, 1
3772, forest, minecraft:old_growth_birch_forest, MONSTER, threateningly_mobs:cave_hunter, 12, 1, 1
3773, forest, minecraft:old_growth_birch_forest, MONSTER, creatures_expanded:crumbling_skeleton, 50, 1, 1
3774, forest, minecraft:old_growth_birch_forest, MONSTER, creatures_expanded:crystalline_golem, 20, 1, 1
3775, forest, minecraft:old_growth_birch_forest, MONSTER, creatures_expanded:crystalline_spider, 45, 1, 3
3776, forest, minecraft:old_growth_birch_forest, MONSTER, ddenizens:daemon, 10, 1, 1
3777, forest, minecraft:old_growth_birch_forest, MONSTER, ddenizens:death_tyrant, 10, 1, 1
3778, forest, minecraft:old_growth_birch_forest, MONSTER, threateningly_mobs:elite_zombie_warrior, 10, 1, 2
3779, forest, minecraft:old_growth_birch_forest, MONSTER, creatures_expanded:embersmog, 40, 1, 3
3780, forest, minecraft:old_growth_birch_forest, MONSTER, threateningly_mobs:forest_drake, 16, 1, 2
3781, forest, minecraft:old_growth_birch_forest, MONSTER, ddenizens:fossilized_skeleton, 25, 1, 2
3782, forest, minecraft:old_growth_birch_forest, MONSTER, creatures_expanded:fungal_ghoul, 60, 1, 2
3783, forest, minecraft:old_growth_birch_forest, MONSTER, creatures_expanded:gargoyle, 50, 1, 3
3784, forest, minecraft:old_growth_birch_forest, MONSTER, ddenizens:gazer, 25, 1, 1
3785, forest, minecraft:old_growth_birch_forest, MONSTER, ddenizens:ghoul, 25, 1, 1
3786, forest, minecraft:old_growth_birch_forest, MONSTER, creatures_expanded:gloomknight, 5, 1, 1
3787, forest, minecraft:old_growth_birch_forest, MONSTER, creatures_expanded:gloomweaver, 30, 1, 2
3788, forest, minecraft:old_growth_birch_forest, MONSTER, creatures_expanded:gnasheart, 60, 1, 4
3789, forest, minecraft:old_growth_birch_forest, MONSTER, creatures_expanded:graven, 36, 3, 5
3790, forest, minecraft:old_growth_birch_forest, MONSTER, ddenizens:headless, 40, 1, 1
3791, forest, minecraft:old_growth_birch_forest, MONSTER, knights:heavyknight, 40, 1, 1
3792, forest, minecraft:old_growth_birch_forest, MONSTER, iceandfire:troll, 40, 1, 3
3793, forest, minecraft:old_growth_birch_forest, MONSTER, ddenizens:iron_skeleton, 15, 1, 1
3794, forest, minecraft:old_growth_birch_forest, MONSTER, knights:knight, 50, 3, 5
3795, forest, minecraft:old_growth_birch_forest, MONSTER, threateningly_mobs:lich_re, 10, 1, 1
3796, forest, minecraft:old_growth_birch_forest, MONSTER, ddenizens:magma_skeleton, 40, 1, 1
3797, forest, minecraft:old_growth_birch_forest, MONSTER, threateningly_mobs:mega_aphid, 16, 1, 2
3798, forest, minecraft:old_growth_birch_forest, MONSTER, creatures_expanded:miststalker, 40, 1, 1
3799, forest, minecraft:old_growth_birch_forest, MONSTER, mocreatures:werewolf, 10, 1, 4
3800, forest, minecraft:old_growth_birch_forest, MONSTER, mocreatures:wwolf, 10, 1, 3
3801, forest, minecraft:old_growth_birch_forest, MONSTER, mocreatures:rat, 10, 1, 2
3802, forest, minecraft:old_growth_birch_forest, MONSTER, mocreatures:wraith, 50, 1, 1
3803, forest, minecraft:old_growth_birch_forest, MONSTER, threateningly_mobs:moon_priest, 10, 1, 1
3804, forest, minecraft:old_growth_birch_forest, MONSTER, fantasyfauna:mushcap_glowing, 50, 2, 4
3805, forest, minecraft:old_growth_birch_forest, MONSTER, knights:noble, 50, 1, 1
3806, forest, minecraft:old_growth_birch_forest, MONSTER, ddenizens:orc, 35, 1, 1
3807, forest, minecraft:old_growth_birch_forest, MONSTER, threateningly_mobs:ore_drill, 32, 1, 1
3808, forest, minecraft:old_growth_birch_forest, MONSTER, mobz:tank_zombie, 10, 1, 1
3809, forest, minecraft:old_growth_birch_forest, MONSTER, knights:peasant, 60, 2, 3
3810, forest, minecraft:old_growth_birch_forest, MONSTER, fantasyfauna:possessed_armor, 20, 1, 1
3811, forest, minecraft:old_growth_birch_forest, MONSTER, creatures_expanded:prosperisher_zombie, 50, 1, 2
3812, forest, minecraft:old_growth_birch_forest, MONSTER, threateningly_mobs:re_rock_snail, 10, 1, 1
3813, forest, minecraft:old_growth_birch_forest, MONSTER, ddenizens:shadow, 30, 1, 1
3814, forest, minecraft:old_growth_birch_forest, MONSTER, threateningly_mobs:shadow_spider, 16, 1, 2
3815, forest, minecraft:old_growth_birch_forest, MONSTER, creatures_expanded:shadowfiend, 35, 1, 2
3816, forest, minecraft:old_growth_birch_forest, MONSTER, ddenizens:shadowlord, 15, 1, 1
3817, forest, minecraft:old_growth_birch_forest, MONSTER, creatures_expanded:shroomarauder, 40, 1, 4
3818, forest, minecraft:old_growth_birch_forest, MONSTER, ddenizens:skeleton_warrior, 50, 1, 2
3819, forest, minecraft:old_growth_birch_forest, MONSTER, mobz:armored_zombie, 70, 1, 1
3820, forest, minecraft:old_growth_birch_forest, MONSTER, mobz:blue_spider, 20, 2, 3
3821, forest, minecraft:old_growth_birch_forest, MONSTER, mobz:bowman, 50, 1, 2
3822, forest, minecraft:old_growth_birch_forest, MONSTER, mobz:dwarf, 10, 1, 1
3823, forest, minecraft:old_growth_birch_forest, MONSTER, mobz:fast_zombie, 70, 1, 1
3824, forest, minecraft:old_growth_birch_forest, MONSTER, mobz:honey_slime, 10, 1, 1
3825, forest, minecraft:old_growth_birch_forest, MONSTER, mobz:iron_steve, 30, 1, 1
3826, forest, minecraft:old_growth_birch_forest, MONSTER, mobz:lost_skeleton, 70, 1, 1
3827, forest, minecraft:old_growth_birch_forest, MONSTER, mobz:overgrown_skeleton, 15, 2, 4
3828, forest, minecraft:old_growth_birch_forest, MONSTER, mobz:purple_spider, 15, 1, 4
3829, forest, minecraft:old_growth_birch_forest, MONSTER, mobz:tank_zombie, 30, 1, 2
3830, forest, minecraft:old_growth_birch_forest, MONSTER, mobz:templar, 40, 1, 1
3831, forest, minecraft:old_growth_birch_forest, MONSTER, mobz:warrior, 10, 1, 2
3832, forest, minecraft:old_growth_birch_forest, MONSTER, mobz:zombie_mage, 70, 1, 1
3833, forest, minecraft:old_growth_birch_forest, MONSTER, specialmobs:endercreeper, 10, 1, 4
3834, forest, minecraft:old_growth_birch_forest, MONSTER, ddenizens:spectator, 25, 1, 1
3835, forest, minecraft:old_growth_birch_forest, MONSTER, threateningly_mobs:the_earthloong, 10, 1, 1
3836, forest, minecraft:old_growth_birch_forest, MONSTER, threateningly_mobs:the_regalhart, 10, 1, 1
3837, forest, minecraft:old_growth_birch_forest, MONSTER, creatures_expanded:tremorgue, 25, 1, 2
3838, forest, minecraft:old_growth_birch_forest, MONSTER, creatures_expanded:undead_necromancer, 35, 1, 1
3839, forest, minecraft:old_growth_birch_forest, MONSTER, ddenizens:winged_skeleton, 70, 1, 1
3840, forest, minecraft:old_growth_birch_forest, MONSTER, mocreatures:greenogre, 40, 1, 1
3841, forest, minecraft:old_growth_birch_forest, MONSTER, mocreatures:dirtscorpion, 30, 1, 1
3842, forest, minecraft:old_growth_birch_forest, MONSTER, specialmobs:giantskeleton, 70, 1, 1
3843, forest, minecraft:old_growth_birch_forest, MONSTER, mocreatures:biggolem, 20, 1, 1
3844, forest, minecraft:old_growth_birch_forest, MONSTER, mobz:small_zombie, 70, 1, 1
3845, forest, minecraft:old_growth_birch_forest, MONSTER, mocreatures:minigolem, 40, 1, 1
3846, forest, minecraft:old_growth_birch_forest, MONSTER, mocreatures:darkmanticore, 50, 1, 1
3847, forest, minecraft:old_growth_birch_forest, MONSTER, mocreatures:undeadscorpion, 50, 1, 1
3848, forest, minecraft:old_growth_birch_forest, MONSTER, mocreatures:silverskeleton, 70, 1, 1
3849, forest, minecraft:old_growth_birch_forest, MONSTER, mobz:bigboss, 50, 1, 1
3850, forest, minecraft:old_growth_birch_forest, MONSTER, specialmobs:bruteskeleton, 70, 1, 1
3851, forest, minecraft:old_growth_birch_forest, MONSTER, specialmobs:gatlingskeleton, 70, 1, 1
3852, forest, minecraft:old_growth_birch_forest, MONSTER, specialmobs:knightskeleton, 70, 1, 1
3853, forest, minecraft:old_growth_birch_forest, MONSTER, specialmobs:ninjaskeleton, 70, 1, 1
3854, forest, minecraft:old_growth_birch_forest, MONSTER, specialmobs:sniperskeleton, 70, 1, 1
3855, forest, minecraft:old_growth_birch_forest, MONSTER, specialmobs:brutezombie, 70, 1, 1
3856, forest, minecraft:old_growth_birch_forest, MONSTER, specialmobs:plaguezombie, 70, 1, 1
3857, forest, minecraft:old_growth_birch_forest, MONSTER, specialmobs:fishingzombie, 70, 1, 1
3858, forest, minecraft:old_growth_birch_forest, MONSTER, specialmobs:hungryzombie, 70, 1, 1
3859, forest, minecraft:old_growth_birch_forest, MONSTER, specialmobs:minicreeper, 40, 1, 1
3860, forest, minecraft:old_growth_birch_forest, MONSTER, threateningly_mobs:steelboar, 10, 1, 1
3861, forest, minecraft:old_growth_birch_forest, MONSTER, threateningly_mobs:forest_drake, 40, 1, 3
3862, forest, minecraft:old_growth_birch_forest, CREATURE, mocreatures:boar, 12, 2, 2
3863, forest, minecraft:old_growth_birch_forest, CREATURE, mocreatures:mouse, 10, 1, 2
3864, forest, minecraft:old_growth_birch_forest, CREATURE, mocreatures:bird, 16, 2, 3
3865, forest, minecraft:old_growth_birch_forest, CREATURE, mocreatures:bunny, 12, 2, 3
3866, forest, minecraft:old_growth_birch_forest, CREATURE, mocreatures:mole, 10, 1, 2
3867, forest, minecraft:old_growth_birch_forest, CREATURE, mocreatures:grizzlybear, 40, 1, 2
3868, forest, minecraft:old_growth_birch_forest, CREATURE, mocreatures:turkey, 12, 1, 2
3869, forest, minecraft:old_growth_birch_forest, CREATURE, mocreatures:deer, 10, 1, 2
3870, forest, minecraft:old_growth_birch_forest, CREATURE, mocreatures:snake, 14, 1, 2
3871, forest, minecraft:old_growth_birch_forest, CREATURE, mocreatures:kitty, 10, 1, 2
3872, forest, minecraft:old_growth_birch_forest, CREATURE, mocreatures:fox, 10, 1, 1
3873, forest, minecraft:old_growth_birch_forest, CREATURE, mocreatures:ent, 10, 1, 2
3874, forest, minecraft:old_growth_birch_forest, CREATURE, mocreatures:raccoon, 12, 1, 2
3875, forest, minecraft:old_growth_birch_forest, CREATURE, mobz:brown_bear, 30, 2, 3
3876, forest, minecraft:old_growth_birch_forest, CREATURE, mobz:dirty_boar, 10, 1, 3
3877, forest, minecraft:old_growth_birch_forest, CREATURE, mobz:fiora, 10, 1, 1
3878, forest, minecraft:old_growth_birch_forest, CREATURE, mobz:golden_chicken, 10, 1, 2
3879, forest, minecraft:old_growth_birch_forest, CREATURE, mobz:katherine, 10, 1, 1
3880, forest, minecraft:old_growth_birch_forest, CREATURE, mobz:wild_boar, 10, 2, 4
3881, forest, minecraft:old_growth_birch_forest, AMBIENT, ddenizens:boulder, 35, 1, 1
3882, forest, minecraft:old_growth_birch_forest, AMBIENT, mocreatures:bee, 10, 1, 2
3883, forest, minecraft:old_growth_birch_forest, AMBIENT, mocreatures:firefly, 10, 1, 2
3884, forest, minecraft:old_growth_birch_forest, AMBIENT, mocreatures:dragonfly, 10, 1, 2
3885, forest, minecraft:old_growth_birch_forest, AMBIENT, mocreatures:butterfly, 12, 1, 4
3886, forest, minecraft:old_growth_birch_forest, AMBIENT, mocreatures:ant, 12, 1, 4
3887, forest, minecraft:old_growth_birch_forest, AMBIENT, mocreatures:grasshopper, 10, 1, 2
3888, forest, minecraft:old_growth_birch_forest, AMBIENT, mocreatures:fly, 12, 1, 2
3889, forest, minecraft:old_growth_birch_forest, AMBIENT, mocreatures:cricket, 10, 1, 2
3890, forest, minecraft:old_growth_birch_forest, AMBIENT, fantasyfauna:mossolith, 20, 1, 4
3891, forest, minecraft:old_growth_birch_forest, AMBIENT, fantasyfauna:mushcap_brown, 20, 2, 4
3892, forest, minecraft:old_growth_birch_forest, AMBIENT, fantasyfauna:mushcap_red, 20, 2, 4
3893, forest, minecraft:old_growth_birch_forest, AMBIENT, fantasyfauna:mushcap_vishroom, 10, 2, 4
3894, forest, minecraft:old_growth_birch_forest, AMBIENT, threateningly_mobs:nature_fairy, 10, 1, 1
3895, forest, minecraft:old_growth_birch_forest, AMBIENT, mobz:tiny_spider, 10, 1, 1
3896, forest, minecraft:old_growth_birch_forest, AMBIENT, fantasyfauna:wisp, 60, 1, 2
3897, forest, minecraft:old_growth_birch_forest, WATER_CREATURE, mocreatures:salmon, 10, 1, 4
3898, forest, minecraft:old_growth_birch_forest, WATER_CREATURE, mocreatures:fishy, 12, 1, 6
3899, forest, minecraft:old_growth_birch_forest, WATER_CREATURE, mocreatures:bass, 10, 1, 4
3900, taiga, minecraft:old_growth_pine_taiga, MONSTER, creatures_expanded:abomination, 20, 1, 1
3901, taiga, minecraft:old_growth_pine_taiga, MONSTER, knights:archer, 40, 2, 3
3902, taiga, minecraft:old_growth_pine_taiga, MONSTER, ddenizens:beholder, 10, 1, 1
3903, taiga, minecraft:old_growth_pine_taiga, MONSTER, creatures_expanded:brood_spider, 35, 1, 1
3904, taiga, minecraft:old_growth_pine_taiga, MONSTER, threateningly_mobs:cave_hunter, 12, 1, 1
3905, taiga, minecraft:old_growth_pine_taiga, MONSTER, creatures_expanded:crumbling_skeleton, 50, 1, 1
3906, taiga, minecraft:old_growth_pine_taiga, MONSTER, creatures_expanded:crystalline_golem, 20, 1, 1
3907, taiga, minecraft:old_growth_pine_taiga, MONSTER, creatures_expanded:crystalline_spider, 45, 1, 3
3908, taiga, minecraft:old_growth_pine_taiga, MONSTER, ddenizens:daemon, 10, 1, 1
3909, taiga, minecraft:old_growth_pine_taiga, MONSTER, ddenizens:death_tyrant, 10, 1, 1
3910, taiga, minecraft:old_growth_pine_taiga, MONSTER, threateningly_mobs:elite_zombie_warrior, 10, 1, 2
3911, taiga, minecraft:old_growth_pine_taiga, MONSTER, creatures_expanded:embersmog, 40, 1, 3
3912, taiga, minecraft:old_growth_pine_taiga, MONSTER, threateningly_mobs:forest_drake, 16, 1, 2
3913, taiga, minecraft:old_growth_pine_taiga, MONSTER, ddenizens:fossilized_skeleton, 25, 1, 2
3914, taiga, minecraft:old_growth_pine_taiga, MONSTER, threateningly_mobs:frostbite, 15, 1, 1
3915, taiga, minecraft:old_growth_pine_taiga, MONSTER, creatures_expanded:fungal_ghoul, 60, 1, 2
3916, taiga, minecraft:old_growth_pine_taiga, MONSTER, creatures_expanded:gargoyle, 50, 1, 3
3917, taiga, minecraft:old_growth_pine_taiga, MONSTER, ddenizens:gazer, 25, 1, 1
3918, taiga, minecraft:old_growth_pine_taiga, MONSTER, ddenizens:ghoul, 25, 1, 1
3919, taiga, minecraft:old_growth_pine_taiga, MONSTER, creatures_expanded:gloomknight, 5, 1, 1
3920, taiga, minecraft:old_growth_pine_taiga, MONSTER, creatures_expanded:gloomweaver, 30, 1, 2
3921, taiga, minecraft:old_growth_pine_taiga, MONSTER, creatures_expanded:gnasheart, 60, 1, 4
3922, taiga, minecraft:old_growth_pine_taiga, MONSTER, creatures_expanded:graven, 36, 3, 5
3923, taiga, minecraft:old_growth_pine_taiga, MONSTER, ddenizens:headless, 40, 1, 1
3924, taiga, minecraft:old_growth_pine_taiga, MONSTER, knights:heavyknight, 40, 1, 1
3925, taiga, minecraft:old_growth_pine_taiga, MONSTER, ddenizens:iron_skeleton, 15, 1, 1
3926, taiga, minecraft:old_growth_pine_taiga, MONSTER, knights:knight, 50, 3, 5
3927, taiga, minecraft:old_growth_pine_taiga, MONSTER, threateningly_mobs:lich_re, 10, 1, 1
3928, taiga, minecraft:old_growth_pine_taiga, MONSTER, ddenizens:magma_skeleton, 40, 1, 1
3929, taiga, minecraft:old_growth_pine_taiga, MONSTER, creatures_expanded:miststalker, 40, 1, 1
3930, taiga, minecraft:old_growth_pine_taiga, MONSTER, mocreatures:werewolf, 10, 1, 4
3931, taiga, minecraft:old_growth_pine_taiga, MONSTER, mocreatures:wraith, 50, 1, 1
3932, taiga, minecraft:old_growth_pine_taiga, MONSTER, threateningly_mobs:moon_priest, 10, 1, 1
3933, taiga, minecraft:old_growth_pine_taiga, MONSTER, fantasyfauna:mushcap_glowing, 50, 2, 4
3934, taiga, minecraft:old_growth_pine_taiga, MONSTER, knights:noble, 50, 1, 1
3935, taiga, minecraft:old_growth_pine_taiga, MONSTER, ddenizens:orc, 35, 1, 1
3936, taiga, minecraft:old_growth_pine_taiga, MONSTER, threateningly_mobs:ore_drill, 32, 1, 1
3937, taiga, minecraft:old_growth_pine_taiga, MONSTER, mobz:tank_zombie, 10, 1, 1
3938, taiga, minecraft:old_growth_pine_taiga, MONSTER, knights:peasant, 60, 2, 3
3939, taiga, minecraft:old_growth_pine_taiga, MONSTER, fantasyfauna:possessed_armor, 20, 1, 1
3940, taiga, minecraft:old_growth_pine_taiga, MONSTER, creatures_expanded:prosperisher_zombie, 50, 1, 2
3941, taiga, minecraft:old_growth_pine_taiga, MONSTER, ddenizens:shadow, 30, 1, 1
3942, taiga, minecraft:old_growth_pine_taiga, MONSTER, creatures_expanded:shadowfiend, 35, 1, 2
3943, taiga, minecraft:old_growth_pine_taiga, MONSTER, ddenizens:shadowlord, 15, 1, 1
3944, taiga, minecraft:old_growth_pine_taiga, MONSTER, ddenizens:skeleton_warrior, 50, 1, 2
3945, taiga, minecraft:old_growth_pine_taiga, MONSTER, mobz:armored_zombie, 70, 1, 1
3946, taiga, minecraft:old_growth_pine_taiga, MONSTER, mobz:blue_spider, 20, 2, 3
3947, taiga, minecraft:old_growth_pine_taiga, MONSTER, mobz:bowman, 50, 1, 2
3948, taiga, minecraft:old_growth_pine_taiga, MONSTER, mobz:dwarf, 10, 1, 1
3949, taiga, minecraft:old_growth_pine_taiga, MONSTER, mobz:fast_zombie, 70, 1, 1
3950, taiga, minecraft:old_growth_pine_taiga, MONSTER, mobz:honey_slime, 10, 1, 1
3951, taiga, minecraft:old_growth_pine_taiga, MONSTER, mobz:iron_steve, 30, 1, 1
3952, taiga, minecraft:old_growth_pine_taiga, MONSTER, mobz:lost_skeleton, 70, 1, 1
3953, taiga, minecraft:old_growth_pine_taiga, MONSTER, mobz:overgrown_skeleton, 15, 2, 4
3954, taiga, minecraft:old_growth_pine_taiga, MONSTER, mobz:purple_spider, 15, 1, 4
3955, taiga, minecraft:old_growth_pine_taiga, MONSTER, mobz:tank_zombie, 30, 1, 2
3956, taiga, minecraft:old_growth_pine_taiga, MONSTER, mobz:templar, 40, 1, 1
3957, taiga, minecraft:old_growth_pine_taiga, MONSTER, mobz:warrior, 10, 1, 2
3958, taiga, minecraft:old_growth_pine_taiga, MONSTER, mobz:zombie_mage, 70, 1, 1
3959, taiga, minecraft:old_growth_pine_taiga, MONSTER, specialmobs:endercreeper, 10, 1, 4
3960, taiga, minecraft:old_growth_pine_taiga, MONSTER, ddenizens:spectator, 25, 1, 1
3961, taiga, minecraft:old_growth_pine_taiga, MONSTER, threateningly_mobs:the_regalhart, 10, 1, 1
3962, taiga, minecraft:old_growth_pine_taiga, MONSTER, creatures_expanded:tremorgue, 25, 1, 2
3963, taiga, minecraft:old_growth_pine_taiga, MONSTER, creatures_expanded:undead_necromancer, 35, 1, 1
3964, taiga, minecraft:old_growth_pine_taiga, MONSTER, ddenizens:winged_skeleton, 70, 1, 1
3965, taiga, minecraft:old_growth_pine_taiga, MONSTER, specialmobs:giantskeleton, 70, 1, 1
3966, taiga, minecraft:old_growth_pine_taiga, MONSTER, mocreatures:biggolem, 20, 1, 1
3967, taiga, minecraft:old_growth_pine_taiga, MONSTER, mobz:small_zombie, 70, 1, 1
3968, taiga, minecraft:old_growth_pine_taiga, MONSTER, mocreatures:minigolem, 40, 1, 1
3969, taiga, minecraft:old_growth_pine_taiga, MONSTER, mocreatures:darkmanticore, 50, 1, 1
3970, taiga, minecraft:old_growth_pine_taiga, MONSTER, mocreatures:undeadscorpion, 50, 1, 1
3971, taiga, minecraft:old_growth_pine_taiga, MONSTER, mocreatures:silverskeleton, 70, 1, 1
3972, taiga, minecraft:old_growth_pine_taiga, MONSTER, mobz:bigboss, 50, 1, 1
3973, taiga, minecraft:old_growth_pine_taiga, MONSTER, specialmobs:bruteskeleton, 70, 1, 1
3974, taiga, minecraft:old_growth_pine_taiga, MONSTER, specialmobs:gatlingskeleton, 70, 1, 1
3975, taiga, minecraft:old_growth_pine_taiga, MONSTER, specialmobs:knightskeleton, 70, 1, 1
3976, taiga, minecraft:old_growth_pine_taiga, MONSTER, specialmobs:ninjaskeleton, 70, 1, 1
3977, taiga, minecraft:old_growth_pine_taiga, MONSTER, specialmobs:sniperskeleton, 70, 1, 1
3978, taiga, minecraft:old_growth_pine_taiga, MONSTER, specialmobs:brutezombie, 70, 1, 1
3979, taiga, minecraft:old_growth_pine_taiga, MONSTER, specialmobs:plaguezombie, 70, 1, 1
3980, taiga, minecraft:old_growth_pine_taiga, MONSTER, specialmobs:fishingzombie, 70, 1, 1
3981, taiga, minecraft:old_growth_pine_taiga, MONSTER, specialmobs:hungryzombie, 70, 1, 1
3982, taiga, minecraft:old_growth_pine_taiga, MONSTER, specialmobs:minicreeper, 40, 1, 1
3983, taiga, minecraft:old_growth_pine_taiga, CREATURE, mocreatures:bunny, 12, 2, 3
3984, taiga, minecraft:old_growth_pine_taiga, CREATURE, mocreatures:deer, 10, 1, 2
3985, taiga, minecraft:old_growth_pine_taiga, CREATURE, mocreatures:fox, 10, 1, 1
3986, taiga, minecraft:old_growth_pine_taiga, CREATURE, mobz:brown_bear, 30, 2, 3
3987, taiga, minecraft:old_growth_pine_taiga, CREATURE, mobz:dirty_boar, 10, 1, 3
3988, taiga, minecraft:old_growth_pine_taiga, CREATURE, mobz:fiora, 10, 1, 1
3989, taiga, minecraft:old_growth_pine_taiga, CREATURE, mobz:golden_chicken, 10, 1, 2
3990, taiga, minecraft:old_growth_pine_taiga, CREATURE, mobz:katherine, 10, 1, 1
3991, taiga, minecraft:old_growth_pine_taiga, CREATURE, mobz:wild_boar, 10, 2, 4
3992, taiga, minecraft:old_growth_pine_taiga, AMBIENT, ddenizens:boulder, 35, 1, 1
3993, taiga, minecraft:old_growth_pine_taiga, AMBIENT, fantasyfauna:mossolith, 20, 1, 4
3994, taiga, minecraft:old_growth_pine_taiga, AMBIENT, fantasyfauna:mushcap_brown, 20, 2, 4
3995, taiga, minecraft:old_growth_pine_taiga, AMBIENT, fantasyfauna:mushcap_red, 20, 2, 4
3996, taiga, minecraft:old_growth_pine_taiga, AMBIENT, fantasyfauna:mushcap_vishroom, 10, 2, 4
3997, taiga, minecraft:old_growth_pine_taiga, AMBIENT, threateningly_mobs:nature_fairy, 10, 1, 1
3998, taiga, minecraft:old_growth_pine_taiga, AMBIENT, mobz:tiny_spider, 10, 1, 1
3999, taiga, minecraft:old_growth_pine_taiga, AMBIENT, fantasyfauna:wisp, 60, 1, 2
4000, taiga, minecraft:old_growth_spruce_taiga, MONSTER, creatures_expanded:abomination, 20, 1, 1
4001, taiga, minecraft:old_growth_spruce_taiga, MONSTER, knights:archer, 40, 2, 3
4002, taiga, minecraft:old_growth_spruce_taiga, MONSTER, ddenizens:beholder, 10, 1, 1
4003, taiga, minecraft:old_growth_spruce_taiga, MONSTER, creatures_expanded:brood_spider, 35, 1, 1
4004, taiga, minecraft:old_growth_spruce_taiga, MONSTER, threateningly_mobs:cave_hunter, 12, 1, 1
4005, taiga, minecraft:old_growth_spruce_taiga, MONSTER, creatures_expanded:crumbling_skeleton, 50, 1, 1
4006, taiga, minecraft:old_growth_spruce_taiga, MONSTER, creatures_expanded:crystalline_golem, 20, 1, 1
4007, taiga, minecraft:old_growth_spruce_taiga, MONSTER, creatures_expanded:crystalline_spider, 45, 1, 3
4008, taiga, minecraft:old_growth_spruce_taiga, MONSTER, ddenizens:daemon, 10, 1, 1
4009, taiga, minecraft:old_growth_spruce_taiga, MONSTER, ddenizens:death_tyrant, 10, 1, 1
4010, taiga, minecraft:old_growth_spruce_taiga, MONSTER, threateningly_mobs:elite_zombie_warrior, 10, 1, 2
4011, taiga, minecraft:old_growth_spruce_taiga, MONSTER, creatures_expanded:embersmog, 40, 1, 3
4012, taiga, minecraft:old_growth_spruce_taiga, MONSTER, threateningly_mobs:forest_drake, 16, 1, 2
4013, taiga, minecraft:old_growth_spruce_taiga, MONSTER, ddenizens:fossilized_skeleton, 25, 1, 2
4014, taiga, minecraft:old_growth_spruce_taiga, MONSTER, threateningly_mobs:frostbite, 15, 1, 1
4015, taiga, minecraft:old_growth_spruce_taiga, MONSTER, creatures_expanded:fungal_ghoul, 60, 1, 2
4016, taiga, minecraft:old_growth_spruce_taiga, MONSTER, creatures_expanded:gargoyle, 50, 1, 3
4017, taiga, minecraft:old_growth_spruce_taiga, MONSTER, ddenizens:gazer, 25, 1, 1
4018, taiga, minecraft:old_growth_spruce_taiga, MONSTER, ddenizens:ghoul, 25, 1, 1
4019, taiga, minecraft:old_growth_spruce_taiga, MONSTER, creatures_expanded:gloomknight, 5, 1, 1
4020, taiga, minecraft:old_growth_spruce_taiga, MONSTER, creatures_expanded:gloomweaver, 30, 1, 2
4021, taiga, minecraft:old_growth_spruce_taiga, MONSTER, creatures_expanded:gnasheart, 60, 1, 4
4022, taiga, minecraft:old_growth_spruce_taiga, MONSTER, creatures_expanded:graven, 36, 3, 5
4023, taiga, minecraft:old_growth_spruce_taiga, MONSTER, ddenizens:headless, 40, 1, 1
4024, taiga, minecraft:old_growth_spruce_taiga, MONSTER, knights:heavyknight, 40, 1, 1
4025, taiga, minecraft:old_growth_spruce_taiga, MONSTER, ddenizens:iron_skeleton, 15, 1, 1
4026, taiga, minecraft:old_growth_spruce_taiga, MONSTER, knights:knight, 50, 3, 5
4027, taiga, minecraft:old_growth_spruce_taiga, MONSTER, threateningly_mobs:lich_re, 10, 1, 1
4028, taiga, minecraft:old_growth_spruce_taiga, MONSTER, ddenizens:magma_skeleton, 40, 1, 1
4029, taiga, minecraft:old_growth_spruce_taiga, MONSTER, creatures_expanded:miststalker, 40, 1, 1
4030, taiga, minecraft:old_growth_spruce_taiga, MONSTER, mocreatures:wraith, 50, 1, 1
4031, taiga, minecraft:old_growth_spruce_taiga, MONSTER, threateningly_mobs:moon_priest, 10, 1, 1
4032, taiga, minecraft:old_growth_spruce_taiga, MONSTER, fantasyfauna:mushcap_glowing, 50, 2, 4
4033, taiga, minecraft:old_growth_spruce_taiga, MONSTER, knights:noble, 50, 1, 1
4034, taiga, minecraft:old_growth_spruce_taiga, MONSTER, ddenizens:orc, 35, 1, 1
4035, taiga, minecraft:old_growth_spruce_taiga, MONSTER, threateningly_mobs:ore_drill, 32, 1, 1
4036, taiga, minecraft:old_growth_spruce_taiga, MONSTER, mobz:tank_zombie, 10, 1, 1
4037, taiga, minecraft:old_growth_spruce_taiga, MONSTER, knights:peasant, 60, 2, 3
4038, taiga, minecraft:old_growth_spruce_taiga, MONSTER, fantasyfauna:possessed_armor, 20, 1, 1
4039, taiga, minecraft:old_growth_spruce_taiga, MONSTER, creatures_expanded:prosperisher_zombie, 50, 1, 2
4040, taiga, minecraft:old_growth_spruce_taiga, MONSTER, ddenizens:shadow, 30, 1, 1
4041, taiga, minecraft:old_growth_spruce_taiga, MONSTER, creatures_expanded:shadowfiend, 35, 1, 2
4042, taiga, minecraft:old_growth_spruce_taiga, MONSTER, ddenizens:shadowlord, 15, 1, 1
4043, taiga, minecraft:old_growth_spruce_taiga, MONSTER, ddenizens:skeleton_warrior, 50, 1, 2
4044, taiga, minecraft:old_growth_spruce_taiga, MONSTER, mobz:armored_zombie, 70, 1, 1
4045, taiga, minecraft:old_growth_spruce_taiga, MONSTER, mobz:blue_spider, 20, 2, 3
4046, taiga, minecraft:old_growth_spruce_taiga, MONSTER, mobz:bowman, 50, 1, 2
4047, taiga, minecraft:old_growth_spruce_taiga, MONSTER, mobz:dwarf, 10, 1, 1
4048, taiga, minecraft:old_growth_spruce_taiga, MONSTER, mobz:fast_zombie, 70, 1, 1
4049, taiga, minecraft:old_growth_spruce_taiga, MONSTER, mobz:honey_slime, 10, 1, 1
4050, taiga, minecraft:old_growth_spruce_taiga, MONSTER, mobz:iron_steve, 30, 1, 1
4051, taiga, minecraft:old_growth_spruce_taiga, MONSTER, mobz:lost_skeleton, 70, 1, 1
4052, taiga, minecraft:old_growth_spruce_taiga, MONSTER, mobz:overgrown_skeleton, 15, 2, 4
4053, taiga, minecraft:old_growth_spruce_taiga, MONSTER, mobz:purple_spider, 15, 1, 4
4054, taiga, minecraft:old_growth_spruce_taiga, MONSTER, mobz:tank_zombie, 30, 1, 2
4055, taiga, minecraft:old_growth_spruce_taiga, MONSTER, mobz:templar, 40, 1, 1
4056, taiga, minecraft:old_growth_spruce_taiga, MONSTER, mobz:warrior, 10, 1, 2
4057, taiga, minecraft:old_growth_spruce_taiga, MONSTER, mobz:zombie_mage, 70, 1, 1
4058, taiga, minecraft:old_growth_spruce_taiga, MONSTER, specialmobs:endercreeper, 10, 1, 4
4059, taiga, minecraft:old_growth_spruce_taiga, MONSTER, ddenizens:spectator, 25, 1, 1
4060, taiga, minecraft:old_growth_spruce_taiga, MONSTER, threateningly_mobs:the_regalhart, 10, 1, 1
4061, taiga, minecraft:old_growth_spruce_taiga, MONSTER, creatures_expanded:tremorgue, 25, 1, 2
4062, taiga, minecraft:old_growth_spruce_taiga, MONSTER, creatures_expanded:undead_necromancer, 35, 1, 1
4063, taiga, minecraft:old_growth_spruce_taiga, MONSTER, ddenizens:winged_skeleton, 70, 1, 1
4064, taiga, minecraft:old_growth_spruce_taiga, MONSTER, specialmobs:giantskeleton, 70, 1, 1
4065, taiga, minecraft:old_growth_spruce_taiga, MONSTER, mocreatures:biggolem, 20, 1, 1
4066, taiga, minecraft:old_growth_spruce_taiga, MONSTER, mobz:small_zombie, 70, 1, 1
4067, taiga, minecraft:old_growth_spruce_taiga, MONSTER, mocreatures:minigolem, 40, 1, 1
4068, taiga, minecraft:old_growth_spruce_taiga, MONSTER, mocreatures:darkmanticore, 50, 1, 1
4069, taiga, minecraft:old_growth_spruce_taiga, MONSTER, mocreatures:undeadscorpion, 50, 1, 1
4070, taiga, minecraft:old_growth_spruce_taiga, MONSTER, mocreatures:silverskeleton, 70, 1, 1
4071, taiga, minecraft:old_growth_spruce_taiga, MONSTER, mobz:bigboss, 50, 1, 1
4072, taiga, minecraft:old_growth_spruce_taiga, MONSTER, specialmobs:bruteskeleton, 70, 1, 1
4073, taiga, minecraft:old_growth_spruce_taiga, MONSTER, specialmobs:gatlingskeleton, 70, 1, 1
4074, taiga, minecraft:old_growth_spruce_taiga, MONSTER, specialmobs:knightskeleton, 70, 1, 1
4075, taiga, minecraft:old_growth_spruce_taiga, MONSTER, specialmobs:ninjaskeleton, 70, 1, 1
4076, taiga, minecraft:old_growth_spruce_taiga, MONSTER, specialmobs:sniperskeleton, 70, 1, 1
4077, taiga, minecraft:old_growth_spruce_taiga, MONSTER, specialmobs:brutezombie, 70, 1, 1
4078, taiga, minecraft:old_growth_spruce_taiga, MONSTER, specialmobs:plaguezombie, 70, 1, 1
4079, taiga, minecraft:old_growth_spruce_taiga, MONSTER, specialmobs:fishingzombie, 70, 1, 1
4080, taiga, minecraft:old_growth_spruce_taiga, MONSTER, specialmobs:hungryzombie, 70, 1, 1
4081, taiga, minecraft:old_growth_spruce_taiga, MONSTER, specialmobs:minicreeper, 40, 1, 1
4082, taiga, minecraft:old_growth_spruce_taiga, CREATURE, mobz:brown_bear, 30, 2, 3
4083, taiga, minecraft:old_growth_spruce_taiga, CREATURE, mobz:dirty_boar, 10, 1, 3
4084, taiga, minecraft:old_growth_spruce_taiga, CREATURE, mobz:fiora, 10, 1, 1
4085, taiga, minecraft:old_growth_spruce_taiga, CREATURE, mobz:golden_chicken, 10, 1, 2
4086, taiga, minecraft:old_growth_spruce_taiga, CREATURE, mobz:katherine, 10, 1, 1
4087, taiga, minecraft:old_growth_spruce_taiga, CREATURE, mobz:wild_boar, 10, 2, 4
4088, taiga, minecraft:old_growth_spruce_taiga, AMBIENT, ddenizens:boulder, 35, 1, 1
4089, taiga, minecraft:old_growth_spruce_taiga, AMBIENT, fantasyfauna:mossolith, 20, 1, 4
4090, taiga, minecraft:old_growth_spruce_taiga, AMBIENT, fantasyfauna:mushcap_brown, 20, 2, 4
4091, taiga, minecraft:old_growth_spruce_taiga, AMBIENT, fantasyfauna:mushcap_red, 20, 2, 4
4092, taiga, minecraft:old_growth_spruce_taiga, AMBIENT, fantasyfauna:mushcap_vishroom, 10, 2, 4
4093, taiga, minecraft:old_growth_spruce_taiga, AMBIENT, threateningly_mobs:nature_fairy, 10, 1, 1
4094, taiga, minecraft:old_growth_spruce_taiga, AMBIENT, mobz:tiny_spider, 10, 1, 1
4095, taiga, minecraft:old_growth_spruce_taiga, AMBIENT, fantasyfauna:wisp, 60, 1, 2
4096, none, blueprint:original_source_marker, MONSTER, creatures_expanded:abomination, 20, 1, 1
4097, none, blueprint:original_source_marker, MONSTER, creatures_expanded:brood_spider, 35, 1, 1
4098, none, blueprint:original_source_marker, MONSTER, creatures_expanded:crumbling_skeleton, 50, 1, 1
4099, none, blueprint:original_source_marker, MONSTER, creatures_expanded:crystalline_golem, 20, 1, 1
4100, none, blueprint:original_source_marker, MONSTER, creatures_expanded:crystalline_spider, 45, 1, 3
4101, none, blueprint:original_source_marker, MONSTER, creatures_expanded:embersmog, 40, 1, 3
4102, none, blueprint:original_source_marker, MONSTER, creatures_expanded:fungal_ghoul, 60, 1, 2
4103, none, blueprint:original_source_marker, MONSTER, creatures_expanded:gargoyle, 50, 1, 3
4104, none, blueprint:original_source_marker, MONSTER, creatures_expanded:gloomknight, 5, 1, 1
4105, none, blueprint:original_source_marker, MONSTER, creatures_expanded:gloomweaver, 30, 1, 2
4106, none, blueprint:original_source_marker, MONSTER, creatures_expanded:gnasheart, 60, 1, 4
4107, none, blueprint:original_source_marker, MONSTER, creatures_expanded:graven, 36, 3, 5
4108, none, blueprint:original_source_marker, MONSTER, creatures_expanded:miststalker, 40, 1, 1
4109, none, blueprint:original_source_marker, MONSTER, fantasyfauna:possessed_armor, 20, 1, 1
4110, none, blueprint:original_source_marker, MONSTER, creatures_expanded:prosperisher_zombie, 50, 1, 2
4111, none, blueprint:original_source_marker, MONSTER, creatures_expanded:shadowfiend, 35, 1, 2
4112, none, blueprint:original_source_marker, MONSTER, creatures_expanded:tremorgue, 25, 1, 2
4113, none, blueprint:original_source_marker, MONSTER, creatures_expanded:undead_necromancer, 35, 1, 1
4114, none, blueprint:original_source_marker, MONSTER, specialmobs:bruteskeleton, 70, 1, 1
4115, none, blueprint:original_source_marker, MONSTER, specialmobs:gatlingskeleton, 70, 1, 1
4116, none, blueprint:original_source_marker, MONSTER, specialmobs:knightskeleton, 70, 1, 1
4117, none, blueprint:original_source_marker, MONSTER, specialmobs:ninjaskeleton, 70, 1, 1
4118, none, blueprint:original_source_marker, MONSTER, specialmobs:sniperskeleton, 70, 1, 1
4119, none, blueprint:original_source_marker, MONSTER, specialmobs:brutezombie, 70, 1, 1
4120, none, blueprint:original_source_marker, MONSTER, specialmobs:plaguezombie, 70, 1, 1
4121, none, blueprint:original_source_marker, MONSTER, specialmobs:fishingzombie, 70, 1, 1
4122, none, blueprint:original_source_marker, MONSTER, specialmobs:hungryzombie, 70, 1, 1
4123, none, blueprint:original_source_marker, MONSTER, specialmobs:minicreeper, 40, 1, 1
4124, none, lionfishapi:original_source_marker, MONSTER, creatures_expanded:abomination, 20, 1, 1
4125, none, lionfishapi:original_source_marker, MONSTER, alexsmobs:farseer, 30, 1, 1
4126, none, lionfishapi:original_source_marker, MONSTER, born_in_chaos_v1:baby_skeleton, 25, 1, 2
4127, none, lionfishapi:original_source_marker, MONSTER, born_in_chaos_v1:baby_spider, 16, 3, 5
4128, none, lionfishapi:original_source_marker, MONSTER, born_in_chaos_v1:barrel_zombie, 25, 1, 1
4129, none, lionfishapi:original_source_marker, MONSTER, quark:stoneling, 80, 1, 1
4130, none, lionfishapi:original_source_marker, MONSTER, quark:toretoise, 80, 2, 4
4131, none, lionfishapi:original_source_marker, MONSTER, born_in_chaos_v1:bloody_gadfly, 15, 1, 1
4132, none, lionfishapi:original_source_marker, MONSTER, ophidiophobia:bone_snake, 25, 2, 4
4133, none, lionfishapi:original_source_marker, MONSTER, born_in_chaos_v1:bonescaller, 11, 1, 1
4134, none, lionfishapi:original_source_marker, MONSTER, creatures_expanded:brood_spider, 35, 1, 1
4135, none, lionfishapi:original_source_marker, MONSTER, lummobs:cacus, 10, 1, 4
4136, none, lionfishapi:original_source_marker, MONSTER, lummobs:cannon_head, 3, 1, 1
4137, none, lionfishapi:original_source_marker, MONSTER, born_in_chaos_v1:corpse_fly, 12, 1, 3
4138, none, lionfishapi:original_source_marker, MONSTER, creatures_expanded:crumbling_skeleton, 55, 1, 3
4139, none, lionfishapi:original_source_marker, MONSTER, creatures_expanded:crystalline_golem, 20, 1, 1
4140, none, lionfishapi:original_source_marker, MONSTER, creatures_expanded:crystalline_spider, 45, 1, 3
4141, none, lionfishapi:original_source_marker, MONSTER, born_in_chaos_v1:dark_vortex, 14, 1, 1
4142, none, lionfishapi:original_source_marker, MONSTER, born_in_chaos_v1:decaying_zombie, 30, 1, 1
4143, none, lionfishapi:original_source_marker, MONSTER, born_in_chaos_v1:decrepit_skeleton, 20, 1, 1
4144, none, lionfishapi:original_source_marker, MONSTER, vvariants_of_titans:diabloni, 35, 1, 3
4145, none, lionfishapi:original_source_marker, MONSTER, born_in_chaos_v1:dire_hound_leader, 4, 1, 1
4146, none, lionfishapi:original_source_marker, MONSTER, born_in_chaos_v1:door_knight, 13, 1, 1
4147, none, lionfishapi:original_source_marker, MONSTER, born_in_chaos_v1:dread_hound, 15, 3, 5
4148, none, lionfishapi:original_source_marker, MONSTER, creatures_expanded:embersmog, 40, 1, 3
4149, none, lionfishapi:original_source_marker, MONSTER, born_in_chaos_v1:fallen_chaos_knight, 5, 1, 1
4150, none, lionfishapi:original_source_marker, MONSTER, creatures_expanded:fungal_ghoul, 60, 1, 2
4151, none, lionfishapi:original_source_marker, MONSTER, creatures_expanded:gargoyle, 50, 1, 3
4152, none, lionfishapi:original_source_marker, MONSTER, creatures_expanded:gloomknight, 15, 1, 1
4153, none, lionfishapi:original_source_marker, MONSTER, creatures_expanded:gloomweaver, 30, 1, 2
4154, none, lionfishapi:original_source_marker, MONSTER, creatures_expanded:gnasheart, 60, 1, 4
4155, none, lionfishapi:original_source_marker, MONSTER, creatures_expanded:graven, 36, 3, 5
4156, none, lionfishapi:original_source_marker, MONSTER, born_in_chaos_v1:krampus, 2, 1, 1
4157, none, lionfishapi:original_source_marker, MONSTER, born_in_chaos_v1:krampus_henchman, 9, 2, 3
4158, none, lionfishapi:original_source_marker, MONSTER, born_in_chaos_v1:lifestealer, 3, 1, 1
4159, none, lionfishapi:original_source_marker, MONSTER, aam:metalplate_wanderer, 20, 1, 1
4160, none, lionfishapi:original_source_marker, MONSTER, born_in_chaos_v1:missioner, 4, 1, 1
4161, none, lionfishapi:original_source_marker, MONSTER, creatures_expanded:miststalker, 40, 1, 1
4162, none, lionfishapi:original_source_marker, MONSTER, from_hell_rewritten:molotov_creeper, 45, 1, 1
4163, none, lionfishapi:original_source_marker, MONSTER, born_in_chaos_v1:mother_spider, 15, 1, 1
4164, none, lionfishapi:original_source_marker, MONSTER, mowziesmobs:grottol, 2, 1, 1
4165, none, lionfishapi:original_source_marker, MONSTER, born_in_chaos_v1:mr_pumpkin, 15, 1, 3
4166, none, lionfishapi:original_source_marker, MONSTER, born_in_chaos_v1:mrs_pumpkin, 13, 1, 1
4167, none, lionfishapi:original_source_marker, MONSTER, born_in_chaos_v1:nightmare_stalker, 4, 1, 1
4168, none, lionfishapi:original_source_marker, MONSTER, vvariants_of_titans:parah, 55, 1, 4
4169, none, lionfishapi:original_source_marker, MONSTER, born_in_chaos_v1:phantom_creeper, 8, 1, 1
4170, none, lionfishapi:original_source_marker, MONSTER, aam:possessed_sword, 50, 1, 2
4171, none, lionfishapi:original_source_marker, MONSTER, creatures_expanded:prosperisher_zombie, 50, 1, 2
4172, none, lionfishapi:original_source_marker, MONSTER, born_in_chaos_v1:pumpkin_bruiser, 10, 1, 1
4173, none, lionfishapi:original_source_marker, MONSTER, lummobs:purpleguy, 5, 1, 1
4174, none, lionfishapi:original_source_marker, MONSTER, born_in_chaos_v1:restless_spirit, 20, 1, 1
4175, none, lionfishapi:original_source_marker, MONSTER, vvariants_of_titans:rzombs, 15, 1, 1
4176, none, lionfishapi:original_source_marker, MONSTER, born_in_chaos_v1:senor_pumpkin, 10, 1, 2
4177, none, lionfishapi:original_source_marker, MONSTER, creatures_expanded:shadowfiend, 35, 1, 2
4178, none, lionfishapi:original_source_marker, MONSTER, born_in_chaos_v1:siamese_skeletons, 16, 1, 1
4179, none, lionfishapi:original_source_marker, MONSTER, born_in_chaos_v1:sir_pumpkinhead, 4, 1, 1
4180, none, lionfishapi:original_source_marker, MONSTER, born_in_chaos_v1:skeleton_demoman, 12, 1, 1
4181, none, lionfishapi:original_source_marker, MONSTER, born_in_chaos_v1:skeleton_thrasher, 8, 1, 1
4182, none, lionfishapi:original_source_marker, MONSTER, lummobs:slabturtle_2, 15, 1, 3
4183, none, lionfishapi:original_source_marker, MONSTER, born_in_chaos_v1:spirit_guide_assistant, 9, 2, 2
4184, none, lionfishapi:original_source_marker, MONSTER, born_in_chaos_v1:spirit_guide, 16, 1, 1
4185, none, lionfishapi:original_source_marker, MONSTER, born_in_chaos_v1:spiritof_chaos, 8, 1, 1
4186, none, lionfishapi:original_source_marker, MONSTER, born_in_chaos_v1:supreme_bonescaller, 1, 1, 1
4187, none, lionfishapi:original_source_marker, MONSTER, born_in_chaos_v1:swarmer, 11, 1, 1
4188, none, lionfishapi:original_source_marker, MONSTER, creatures_expanded:tremorgue, 25, 1, 2
4189, none, lionfishapi:original_source_marker, MONSTER, creatures_expanded:undead_necromancer, 35, 1, 1
4190, none, lionfishapi:original_source_marker, MONSTER, born_in_chaos_v1:zombie_bruiser, 16, 1, 1
4191, none, lionfishapi:original_source_marker, MONSTER, born_in_chaos_v1:zombie_clown, 8, 1, 1
4192, none, lionfishapi:original_source_marker, MONSTER, born_in_chaos_v1:zombie_fisherman, 30, 1, 1
4193, none, lionfishapi:original_source_marker, MONSTER, born_in_chaos_v1:zombie_lumberjack, 25, 1, 1
4194, none, lionfishapi:original_source_marker, MONSTER, zombie_mobs:zombiechicken, 20, 4, 6
4195, none, lionfishapi:original_source_marker, MONSTER, zombie_mobs:zombiecow, 20, 4, 4
4196, none, lionfishapi:original_source_marker, MONSTER, zombie_mobs:zombiepig, 20, 3, 3
4197, none, lionfishapi:original_source_marker, CREATURE, born_in_chaos_v1:thornshell_crab, 8, 1, 1
4198, none, lionfishapi:original_source_marker, WATER_CREATURE, born_in_chaos_v1:corpse_fish, 7, 3, 5
4199, none, lionfishapi:original_source_marker, WATER_CREATURE, born_in_chaos_v1:glutton_fish, 2, 1, 1
4200, plains, minecraft:plains, MONSTER, creatures_expanded:abomination, 20, 1, 1
4201, plains, minecraft:plains, MONSTER, knights:archer, 40, 2, 3
4202, plains, minecraft:plains, MONSTER, ddenizens:beholder, 10, 1, 1
4203, plains, minecraft:plains, MONSTER, creatures_expanded:brood_spider, 35, 1, 1
4204, plains, minecraft:plains, MONSTER, threateningly_mobs:cave_hunter, 12, 1, 1
4205, plains, minecraft:plains, MONSTER, creatures_expanded:crumbling_skeleton, 50, 1, 1
4206, plains, minecraft:plains, MONSTER, creatures_expanded:crystalline_golem, 20, 1, 1
4207, plains, minecraft:plains, MONSTER, creatures_expanded:crystalline_spider, 45, 1, 3
4208, plains, minecraft:plains, MONSTER, ddenizens:daemon, 10, 1, 1
4209, plains, minecraft:plains, MONSTER, ddenizens:death_tyrant, 10, 1, 1
4210, plains, minecraft:plains, MONSTER, threateningly_mobs:elite_zombie_warrior, 10, 1, 2
4211, plains, minecraft:plains, MONSTER, creatures_expanded:embersmog, 40, 1, 3
4212, plains, minecraft:plains, MONSTER, ddenizens:fossilized_skeleton, 25, 1, 2
4213, plains, minecraft:plains, MONSTER, creatures_expanded:fungal_ghoul, 60, 1, 2
4214, plains, minecraft:plains, MONSTER, creatures_expanded:gargoyle, 50, 1, 3
4215, plains, minecraft:plains, MONSTER, ddenizens:gazer, 25, 1, 1
4216, plains, minecraft:plains, MONSTER, ddenizens:ghoul, 25, 1, 1
4217, plains, minecraft:plains, MONSTER, creatures_expanded:gloomknight, 5, 1, 1
4218, plains, minecraft:plains, MONSTER, creatures_expanded:gloomweaver, 30, 1, 2
4219, plains, minecraft:plains, MONSTER, creatures_expanded:gnasheart, 60, 1, 4
4220, plains, minecraft:plains, MONSTER, creatures_expanded:graven, 36, 3, 5
4221, plains, minecraft:plains, MONSTER, ddenizens:headless, 40, 1, 1
4222, plains, minecraft:plains, MONSTER, knights:heavyknight, 40, 1, 1
4223, plains, minecraft:plains, MONSTER, ddenizens:iron_skeleton, 15, 1, 1
4224, plains, minecraft:plains, MONSTER, knights:knight, 50, 3, 5
4225, plains, minecraft:plains, MONSTER, threateningly_mobs:lich_re, 10, 1, 1
4226, plains, minecraft:plains, MONSTER, ddenizens:magma_skeleton, 40, 1, 1
4227, plains, minecraft:plains, MONSTER, creatures_expanded:miststalker, 40, 1, 1
4228, plains, minecraft:plains, MONSTER, mocreatures:biggolem, 10, 1, 1
4229, plains, minecraft:plains, MONSTER, mocreatures:greenogre, 10, 1, 2
4230, plains, minecraft:plains, MONSTER, mocreatures:rat, 10, 1, 2
4231, plains, minecraft:plains, MONSTER, mocreatures:minigolem, 40, 1, 1
4232, plains, minecraft:plains, MONSTER, mocreatures:plainmanticore, 50, 1, 1
4233, plains, minecraft:plains, MONSTER, mocreatures:silverskeleton, 70, 1, 1
4234, plains, minecraft:plains, MONSTER, mocreatures:darkmanticore, 50, 1, 3
4235, plains, minecraft:plains, MONSTER, mocreatures:horsemob, 10, 1, 3
4236, plains, minecraft:plains, MONSTER, threateningly_mobs:moon_priest, 10, 1, 1
4237, plains, minecraft:plains, MONSTER, fantasyfauna:mushcap_glowing, 50, 2, 4
4238, plains, minecraft:plains, MONSTER, knights:noble, 50, 1, 1
4239, plains, minecraft:plains, MONSTER, ddenizens:orc, 35, 1, 1
4240, plains, minecraft:plains, MONSTER, threateningly_mobs:ore_drill, 32, 1, 1
4241, plains, minecraft:plains, MONSTER, mobz:tank_zombie, 10, 1, 1
4242, plains, minecraft:plains, MONSTER, knights:peasant, 60, 2, 3
4243, plains, minecraft:plains, MONSTER, fantasyfauna:possessed_armor, 20, 1, 1
4244, plains, minecraft:plains, MONSTER, creatures_expanded:prosperisher_zombie, 50, 1, 2
4245, plains, minecraft:plains, MONSTER, ddenizens:shadow, 30, 1, 1
4246, plains, minecraft:plains, MONSTER, creatures_expanded:shadowfiend, 35, 1, 2
4247, plains, minecraft:plains, MONSTER, ddenizens:shadowlord, 15, 1, 1
4248, plains, minecraft:plains, MONSTER, ddenizens:skeleton_warrior, 50, 1, 2
4249, plains, minecraft:plains, MONSTER, mobz:armored_zombie, 70, 1, 1
4250, plains, minecraft:plains, MONSTER, mobz:blue_spider, 20, 2, 3
4251, plains, minecraft:plains, MONSTER, mobz:bowman, 50, 1, 2
4252, plains, minecraft:plains, MONSTER, mobz:dwarf, 10, 1, 1
4253, plains, minecraft:plains, MONSTER, mobz:fast_zombie, 70, 1, 1
4254, plains, minecraft:plains, MONSTER, mobz:honey_slime, 10, 1, 1
4255, plains, minecraft:plains, MONSTER, mobz:iron_steve, 30, 1, 1
4256, plains, minecraft:plains, MONSTER, mobz:lost_skeleton, 70, 1, 1
4257, plains, minecraft:plains, MONSTER, mobz:overgrown_skeleton, 15, 2, 4
4258, plains, minecraft:plains, MONSTER, mobz:purple_spider, 15, 1, 4
4259, plains, minecraft:plains, MONSTER, mobz:tank_zombie, 30, 1, 2
4260, plains, minecraft:plains, MONSTER, mobz:templar, 40, 1, 1
4261, plains, minecraft:plains, MONSTER, mobz:warrior, 10, 1, 2
4262, plains, minecraft:plains, MONSTER, mobz:zombie_mage, 70, 1, 1
4263, plains, minecraft:plains, MONSTER, specialmobs:endercreeper, 10, 1, 4
4264, plains, minecraft:plains, MONSTER, ddenizens:spectator, 25, 1, 1
4265, plains, minecraft:plains, MONSTER, threateningly_mobs:tall_mouse, 14, 1, 1
4266, plains, minecraft:plains, MONSTER, creatures_expanded:tremorgue, 25, 1, 2
4267, plains, minecraft:plains, MONSTER, creatures_expanded:undead_necromancer, 35, 1, 1
4268, plains, minecraft:plains, MONSTER, ddenizens:winged_skeleton, 70, 1, 1
4269, plains, minecraft:plains, MONSTER, mocreatures:plainmanticore, 50, 1, 1
4270, plains, minecraft:plains, MONSTER, mocreatures:dirtscorpion, 30, 1, 1
4271, plains, minecraft:plains, MONSTER, specialmobs:giantskeleton, 70, 1, 1
4272, plains, minecraft:plains, MONSTER, mobz:small_zombie, 70, 1, 1
4273, plains, minecraft:plains, MONSTER, mocreatures:undeadscorpion, 50, 1, 1
4274, plains, minecraft:plains, MONSTER, mobz:bigboss, 50, 1, 1
4275, plains, minecraft:plains, MONSTER, specialmobs:bruteskeleton, 70, 1, 1
4276, plains, minecraft:plains, MONSTER, specialmobs:gatlingskeleton, 70, 1, 1
4277, plains, minecraft:plains, MONSTER, specialmobs:knightskeleton, 70, 1, 1
4278, plains, minecraft:plains, MONSTER, specialmobs:ninjaskeleton, 70, 1, 1
4279, plains, minecraft:plains, MONSTER, specialmobs:sniperskeleton, 70, 1, 1
4280, plains, minecraft:plains, MONSTER, specialmobs:brutezombie, 70, 1, 1
4281, plains, minecraft:plains, MONSTER, specialmobs:plaguezombie, 70, 1, 1
4282, plains, minecraft:plains, MONSTER, specialmobs:fishingzombie, 70, 1, 1
4283, plains, minecraft:plains, MONSTER, specialmobs:hungryzombie, 70, 1, 1
4284, plains, minecraft:plains, MONSTER, specialmobs:minicreeper, 40, 1, 1
4285, plains, minecraft:plains, MONSTER, threateningly_mobs:steelboar, 10, 1, 1
4286, plains, minecraft:plains, MONSTER, threateningly_mobs:forest_drake, 40, 1, 3
4287, plains, minecraft:plains, CREATURE, mocreatures:wyvern, 50, 1, 1
4288, plains, minecraft:plains, CREATURE, mocreatures:wildhorse, 12, 1, 4
4289, plains, minecraft:plains, CREATURE, mocreatures:boar, 12, 2, 2
4290, plains, minecraft:plains, CREATURE, mocreatures:mouse, 10, 1, 2
4291, plains, minecraft:plains, CREATURE, mocreatures:bird, 16, 2, 3
4292, plains, minecraft:plains, CREATURE, mocreatures:bunny, 12, 2, 3
4293, plains, minecraft:plains, CREATURE, mocreatures:mole, 10, 1, 2
4294, plains, minecraft:plains, CREATURE, mocreatures:goat, 12, 1, 3
4295, plains, minecraft:plains, CREATURE, mocreatures:turkey, 12, 1, 2
4296, plains, minecraft:plains, CREATURE, mocreatures:deer, 10, 1, 2
4297, plains, minecraft:plains, CREATURE, mocreatures:snake, 14, 1, 2
4298, plains, minecraft:plains, CREATURE, mocreatures:kitty, 10, 1, 2
4299, plains, minecraft:plains, CREATURE, mobz:brown_bear, 30, 2, 3
4300, plains, minecraft:plains, CREATURE, mobz:dirty_boar, 10, 1, 3
4301, plains, minecraft:plains, CREATURE, mobz:fiora, 10, 1, 1
4302, plains, minecraft:plains, CREATURE, mobz:golden_chicken, 10, 1, 2
4303, plains, minecraft:plains, CREATURE, mobz:katherine, 10, 1, 1
4304, plains, minecraft:plains, CREATURE, mobz:wild_boar, 10, 2, 4
4305, plains, minecraft:plains, AMBIENT, ddenizens:boulder, 35, 1, 1
4306, plains, minecraft:plains, AMBIENT, fantasyfauna:eye_bat, 50, 3, 4
4307, plains, minecraft:plains, AMBIENT, mocreatures:bee, 10, 1, 2
4308, plains, minecraft:plains, AMBIENT, mocreatures:butterfly, 12, 1, 4
4309, plains, minecraft:plains, AMBIENT, mocreatures:ant, 12, 1, 4
4310, plains, minecraft:plains, AMBIENT, mocreatures:grasshopper, 10, 1, 2
4311, plains, minecraft:plains, AMBIENT, mocreatures:fly, 12, 1, 2
4312, plains, minecraft:plains, AMBIENT, mocreatures:cricket, 10, 1, 2
4313, plains, minecraft:plains, AMBIENT, threateningly_mobs:nature_fairy, 10, 1, 1
4314, plains, minecraft:plains, AMBIENT, threateningly_mobs:shadowmoon_butterfly, 10, 1, 1
4315, plains, minecraft:plains, AMBIENT, mobz:tiny_spider, 10, 1, 1
4316, plains, minecraft:plains, AMBIENT, fantasyfauna:wisp, 60, 1, 2
4317, plains, minecraft:plains, WATER_CREATURE, mocreatures:salmon, 10, 1, 4
4318, plains, minecraft:plains, WATER_CREATURE, mocreatures:fishy, 12, 1, 6
4319, plains, minecraft:plains, WATER_CREATURE, mocreatures:bass, 10, 1, 4
4320, river, minecraft:river, MONSTER, creatures_expanded:abomination, 20, 1, 1
4321, river, minecraft:river, MONSTER, knights:archer, 40, 2, 3
4322, river, minecraft:river, MONSTER, ddenizens:beholder, 10, 1, 1
4323, river, minecraft:river, MONSTER, creatures_expanded:brood_spider, 35, 1, 1
4324, river, minecraft:river, MONSTER, creatures_expanded:crumbling_skeleton, 50, 1, 1
4325, river, minecraft:river, MONSTER, creatures_expanded:crystalline_golem, 20, 1, 1
4326, river, minecraft:river, MONSTER, creatures_expanded:crystalline_spider, 45, 1, 3
4327, river, minecraft:river, MONSTER, ddenizens:daemon, 10, 1, 1
4328, river, minecraft:river, MONSTER, ddenizens:death_tyrant, 10, 1, 1
4329, river, minecraft:river, MONSTER, threateningly_mobs:elite_zombie_warrior, 10, 1, 2
4330, river, minecraft:river, MONSTER, creatures_expanded:embersmog, 40, 1, 3
4331, river, minecraft:river, MONSTER, ddenizens:fossilized_skeleton, 25, 1, 2
4332, river, minecraft:river, MONSTER, creatures_expanded:fungal_ghoul, 60, 1, 2
4333, river, minecraft:river, MONSTER, creatures_expanded:gargoyle, 50, 1, 3
4334, river, minecraft:river, MONSTER, ddenizens:gazer, 25, 1, 1
4335, river, minecraft:river, MONSTER, ddenizens:ghoul, 25, 1, 1
4336, river, minecraft:river, MONSTER, creatures_expanded:gloomknight, 5, 1, 1
4337, river, minecraft:river, MONSTER, creatures_expanded:gloomweaver, 30, 1, 2
4338, river, minecraft:river, MONSTER, creatures_expanded:gnasheart, 60, 1, 4
4339, river, minecraft:river, MONSTER, creatures_expanded:graven, 36, 3, 5
4340, river, minecraft:river, MONSTER, ddenizens:headless, 40, 1, 1
4341, river, minecraft:river, MONSTER, knights:heavyknight, 40, 1, 1
4342, river, minecraft:river, MONSTER, ddenizens:iron_skeleton, 15, 1, 1
4343, river, minecraft:river, MONSTER, knights:knight, 50, 3, 5
4344, river, minecraft:river, MONSTER, threateningly_mobs:lich_re, 10, 1, 1
4345, river, minecraft:river, MONSTER, ddenizens:magma_skeleton, 40, 1, 1
4346, river, minecraft:river, MONSTER, creatures_expanded:miststalker, 40, 1, 1
4347, river, minecraft:river, MONSTER, threateningly_mobs:moon_priest, 10, 1, 1
4348, river, minecraft:river, MONSTER, fantasyfauna:mushcap_glowing, 50, 2, 4
4349, river, minecraft:river, MONSTER, knights:noble, 50, 1, 1
4350, river, minecraft:river, MONSTER, ddenizens:orc, 35, 1, 1
4351, river, minecraft:river, MONSTER, threateningly_mobs:ore_drill, 32, 1, 1
4352, river, minecraft:river, MONSTER, mobz:tank_zombie, 10, 1, 1
4353, river, minecraft:river, MONSTER, knights:peasant, 60, 2, 3
4354, river, minecraft:river, MONSTER, fantasyfauna:possessed_armor, 20, 1, 1
4355, river, minecraft:river, MONSTER, creatures_expanded:prosperisher_zombie, 50, 1, 2
4356, river, minecraft:river, MONSTER, ddenizens:shadow, 30, 1, 1
4357, river, minecraft:river, MONSTER, creatures_expanded:shadowfiend, 35, 1, 2
4358, river, minecraft:river, MONSTER, ddenizens:shadowlord, 15, 1, 1
4359, river, minecraft:river, MONSTER, ddenizens:skeleton_warrior, 50, 1, 2
4360, river, minecraft:river, MONSTER, mobz:armored_zombie, 70, 1, 1
4361, river, minecraft:river, MONSTER, mobz:blue_spider, 20, 2, 3
4362, river, minecraft:river, MONSTER, mobz:bowman, 50, 1, 2
4363, river, minecraft:river, MONSTER, mobz:dwarf, 10, 1, 1
4364, river, minecraft:river, MONSTER, mobz:fast_zombie, 70, 1, 1
4365, river, minecraft:river, MONSTER, mobz:honey_slime, 10, 1, 1
4366, river, minecraft:river, MONSTER, mobz:iron_steve, 30, 1, 1
4367, river, minecraft:river, MONSTER, mobz:lost_skeleton, 70, 1, 1
4368, river, minecraft:river, MONSTER, mobz:overgrown_skeleton, 15, 2, 4
4369, river, minecraft:river, MONSTER, mobz:purple_spider, 15, 1, 4
4370, river, minecraft:river, MONSTER, mobz:tank_zombie, 30, 1, 2
4371, river, minecraft:river, MONSTER, mobz:templar, 40, 1, 1
4372, river, minecraft:river, MONSTER, mobz:warrior, 10, 1, 2
4373, river, minecraft:river, MONSTER, mobz:zombie_mage, 70, 1, 1
4374, river, minecraft:river, MONSTER, specialmobs:endercreeper, 10, 1, 4
4375, river, minecraft:river, MONSTER, specialmobs:drowningcreeper, 10, 1, 1
4376, river, minecraft:river, MONSTER, specialmobs:blueberryslime, 10, 1, 1
4377, river, minecraft:river, MONSTER, ddenizens:spectator, 25, 1, 1
4378, river, minecraft:river, MONSTER, creatures_expanded:tremorgue, 25, 1, 2
4379, river, minecraft:river, MONSTER, creatures_expanded:undead_necromancer, 35, 1, 1
4380, river, minecraft:river, MONSTER, specialmobs:giantskeleton, 70, 1, 1
4381, river, minecraft:river, MONSTER, mocreatures:biggolem, 20, 1, 1
4382, river, minecraft:river, MONSTER, mobz:small_zombie, 70, 1, 1
4383, river, minecraft:river, MONSTER, mocreatures:minigolem, 40, 1, 1
4384, river, minecraft:river, MONSTER, mocreatures:darkmanticore, 50, 1, 1
4385, river, minecraft:river, MONSTER, mocreatures:undeadscorpion, 50, 1, 1
4386, river, minecraft:river, MONSTER, mocreatures:silverskeleton, 70, 1, 1
4387, river, minecraft:river, MONSTER, mobz:bigboss, 50, 1, 1
4388, river, minecraft:river, CREATURE, threateningly_mobs:diplocaulus, 10, 1, 1
4389, river, minecraft:river, CREATURE, mocreatures:duck, 12, 2, 4
4390, river, minecraft:river, CREATURE, mocreatures:turtle, 12, 1, 3
4391, river, minecraft:river, CREATURE, mobz:brown_bear, 30, 2, 3
4392, river, minecraft:river, CREATURE, mobz:dirty_boar, 10, 1, 3
4393, river, minecraft:river, CREATURE, mobz:fiora, 10, 1, 1
4394, river, minecraft:river, CREATURE, mobz:golden_chicken, 10, 1, 2
4395, river, minecraft:river, CREATURE, mobz:katherine, 10, 1, 1
4396, river, minecraft:river, CREATURE, mobz:wild_boar, 10, 2, 4
4397, river, minecraft:river, AMBIENT, ddenizens:boulder, 35, 1, 1
4398, river, minecraft:river, AMBIENT, mobz:tiny_spider, 10, 1, 1
4399, river, minecraft:river, AMBIENT, fantasyfauna:wisp, 60, 1, 2
4400, river, minecraft:river, WATER_CREATURE, mocreatures:stingray, 10, 1, 2
4401, river, minecraft:river, WATER_CREATURE, mocreatures:angelfish, 12, 1, 6
4402, river, minecraft:river, WATER_CREATURE, mocreatures:salmon, 10, 1, 4
4403, river, minecraft:river, WATER_CREATURE, mocreatures:goldfish, 12, 1, 6
4404, river, minecraft:river, WATER_CREATURE, mocreatures:fishy, 12, 1, 6
4405, river, minecraft:river, WATER_CREATURE, mocreatures:bass, 10, 1, 4
4406, river, minecraft:river, WATER_CREATURE, mocreatures:anchovy, 12, 1, 6
4407, none, darkerdepths:sandy_catacombs, MONSTER, creatures_expanded:abomination, 20, 1, 1
4408, none, darkerdepths:sandy_catacombs, MONSTER, crypticfoes:howler, 30, 1, 3
4409, none, darkerdepths:sandy_catacombs, MONSTER, graveyard:nightmare, 7, 1, 1
4410, none, darkerdepths:sandy_catacombs, MONSTER, darkerdepths:body_snatcher, 30, 1, 3
4411, none, darkerdepths:sandy_catacombs, MONSTER, graveyard:skeleton_creeper, 20, 1, 4
4412, none, darkerdepths:sandy_catacombs, MONSTER, betterdefaultbiomes:lost_miner, 80, 1, 3
4413, none, darkerdepths:sandy_catacombs, MONSTER, slimeoverhaul:air_slime, 18, 1, 2
4414, none, darkerdepths:sandy_catacombs, MONSTER, alexsmobs:centipede_head, 8, 1, 1
4415, none, darkerdepths:sandy_catacombs, MONSTER, alexsmobs:farseer, 30, 1, 1
4416, none, darkerdepths:sandy_catacombs, MONSTER, alexsmobs:murmur, 5, 1, 1
4417, none, darkerdepths:sandy_catacombs, MONSTER, arthropocolypse:millipede_head, 4, 1, 1
4418, none, darkerdepths:sandy_catacombs, MONSTER, apocalypse:fearwolf, 20, 1, 4
4419, none, darkerdepths:sandy_catacombs, MONSTER, knights:archer, 40, 2, 3
4420, none, darkerdepths:sandy_catacombs, MONSTER, born_in_chaos_v1:baby_skeleton, 25, 1, 2
4421, none, darkerdepths:sandy_catacombs, MONSTER, born_in_chaos_v1:baby_spider, 16, 3, 5
4422, none, darkerdepths:sandy_catacombs, MONSTER, born_in_chaos_v1:barrel_zombie, 25, 1, 1
4423, none, darkerdepths:sandy_catacombs, MONSTER, ddenizens:beholder, 10, 1, 1
4424, none, darkerdepths:sandy_catacombs, MONSTER, quark:stoneling, 80, 1, 1
4425, none, darkerdepths:sandy_catacombs, MONSTER, quark:toretoise, 80, 2, 4
4426, none, darkerdepths:sandy_catacombs, MONSTER, born_in_chaos_v1:bloody_gadfly, 15, 1, 1
4427, none, darkerdepths:sandy_catacombs, MONSTER, ophidiophobia:bone_snake, 25, 2, 4
4428, none, darkerdepths:sandy_catacombs, MONSTER, born_in_chaos_v1:bonescaller, 11, 1, 1
4429, none, darkerdepths:sandy_catacombs, MONSTER, creatures_expanded:brood_spider, 35, 1, 1
4430, none, darkerdepths:sandy_catacombs, MONSTER, lummobs:cacus, 10, 1, 4
4431, none, darkerdepths:sandy_catacombs, MONSTER, lummobs:cannon_head, 3, 1, 1
4432, none, darkerdepths:sandy_catacombs, MONSTER, extractedmobs:black_slime, 80, 1, 3
4433, none, darkerdepths:sandy_catacombs, MONSTER, extractedmobs:blue_slime, 60, 2, 4
4434, none, darkerdepths:sandy_catacombs, MONSTER, extractedmobs:green_slime, 80, 2, 3
4435, none, darkerdepths:sandy_catacombs, MONSTER, extractedmobs:pink_slime, 3, 1, 1
4436, none, darkerdepths:sandy_catacombs, MONSTER, extractedmobs:purple_slime, 30, 1, 3
4437, none, darkerdepths:sandy_catacombs, MONSTER, extractedmobs:red_slime, 80, 1, 2
4438, none, darkerdepths:sandy_catacombs, MONSTER, extractedmobs:yellow_slime, 80, 1, 2
4439, none, darkerdepths:sandy_catacombs, MONSTER, born_in_chaos_v1:corpse_fly, 12, 1, 3
4440, none, darkerdepths:sandy_catacombs, MONSTER, creatures_expanded:crumbling_skeleton, 55, 1, 3
4441, none, darkerdepths:sandy_catacombs, MONSTER, creatures_expanded:crystalline_golem, 20, 1, 1
4442, none, darkerdepths:sandy_catacombs, MONSTER, creatures_expanded:crystalline_spider, 45, 1, 3
4443, none, darkerdepths:sandy_catacombs, MONSTER, ddenizens:daemon, 1, 1, 1
4444, none, darkerdepths:sandy_catacombs, MONSTER, born_in_chaos_v1:dark_vortex, 14, 1, 1
4445, none, darkerdepths:sandy_catacombs, MONSTER, ddenizens:death_tyrant, 10, 1, 1
4446, none, darkerdepths:sandy_catacombs, MONSTER, born_in_chaos_v1:decaying_zombie, 30, 1, 1
4447, none, darkerdepths:sandy_catacombs, MONSTER, born_in_chaos_v1:decrepit_skeleton, 20, 1, 1
4448, none, darkerdepths:sandy_catacombs, MONSTER, vvariants_of_titans:diabloni, 35, 1, 3
4449, none, darkerdepths:sandy_catacombs, MONSTER, born_in_chaos_v1:dire_hound_leader, 4, 1, 1
4450, none, darkerdepths:sandy_catacombs, MONSTER, born_in_chaos_v1:door_knight, 13, 1, 1
4451, none, darkerdepths:sandy_catacombs, MONSTER, born_in_chaos_v1:dread_hound, 15, 3, 5
4452, none, darkerdepths:sandy_catacombs, MONSTER, slimeoverhaul:earth_slime, 14, 1, 2
4453, none, darkerdepths:sandy_catacombs, MONSTER, threateningly_mobs:elite_zombie_warrior, 6, 1, 2
4454, none, darkerdepths:sandy_catacombs, MONSTER, creatures_expanded:embersmog, 40, 1, 3
4455, none, darkerdepths:sandy_catacombs, MONSTER, born_in_chaos_v1:fallen_chaos_knight, 5, 1, 1
4456, none, darkerdepths:sandy_catacombs, MONSTER, slimeoverhaul:flame_slime, 30, 2, 4
4457, none, darkerdepths:sandy_catacombs, MONSTER, ddenizens:fossilized_skeleton, 25, 1, 2
4458, none, darkerdepths:sandy_catacombs, MONSTER, creatures_expanded:fungal_ghoul, 60, 1, 2
4459, none, darkerdepths:sandy_catacombs, MONSTER, creatures_expanded:gargoyle, 50, 1, 3
4460, none, darkerdepths:sandy_catacombs, MONSTER, ddenizens:gazer, 25, 1, 1
4461, none, darkerdepths:sandy_catacombs, MONSTER, ddenizens:ghoul, 25, 1, 1
4462, none, darkerdepths:sandy_catacombs, MONSTER, creatures_expanded:gloomknight, 15, 1, 1
4463, none, darkerdepths:sandy_catacombs, MONSTER, creatures_expanded:gloomweaver, 30, 1, 2
4464, none, darkerdepths:sandy_catacombs, MONSTER, creatures_expanded:gnasheart, 60, 1, 4
4465, none, darkerdepths:sandy_catacombs, MONSTER, creatures_expanded:graven, 36, 3, 5
4466, none, darkerdepths:sandy_catacombs, MONSTER, ddenizens:headless, 40, 1, 1
4467, none, darkerdepths:sandy_catacombs, MONSTER, knights:heavyknight, 25, 1, 1
4468, none, darkerdepths:sandy_catacombs, MONSTER, ddenizens:iron_skeleton, 15, 1, 1
4469, none, darkerdepths:sandy_catacombs, MONSTER, knights:knight, 50, 3, 5
4470, none, darkerdepths:sandy_catacombs, MONSTER, born_in_chaos_v1:krampus, 2, 1, 1
4471, none, darkerdepths:sandy_catacombs, MONSTER, born_in_chaos_v1:krampus_henchman, 9, 2, 3
4472, none, darkerdepths:sandy_catacombs, MONSTER, threateningly_mobs:lich_re, 4, 1, 1
4473, none, darkerdepths:sandy_catacombs, MONSTER, born_in_chaos_v1:lifestealer, 3, 1, 1
4474, none, darkerdepths:sandy_catacombs, MONSTER, magma_monsters:magma_monster_grunt, 20, 1, 3
4475, none, darkerdepths:sandy_catacombs, MONSTER, magma_monsters:magma_monster, 20, 1, 3
4476, none, darkerdepths:sandy_catacombs, MONSTER, ddenizens:magma_skeleton, 40, 1, 1
4477, none, darkerdepths:sandy_catacombs, MONSTER, aam:metalplate_wanderer, 20, 1, 1
4478, none, darkerdepths:sandy_catacombs, MONSTER, born_in_chaos_v1:missioner, 4, 1, 1
4479, none, darkerdepths:sandy_catacombs, MONSTER, creatures_expanded:miststalker, 40, 1, 1
4480, none, darkerdepths:sandy_catacombs, MONSTER, mocreatures:dirtscorpion, 6, 1, 3
4481, none, darkerdepths:sandy_catacombs, MONSTER, mocreatures:cavescorpion, 4, 1, 3
4482, none, darkerdepths:sandy_catacombs, MONSTER, from_hell_rewritten:molotov_creeper, 45, 1, 1
4483, none, darkerdepths:sandy_catacombs, MONSTER, born_in_chaos_v1:mother_spider, 15, 1, 1
4484, none, darkerdepths:sandy_catacombs, MONSTER, mowziesmobs:grottol, 2, 1, 1
4485, none, darkerdepths:sandy_catacombs, MONSTER, born_in_chaos_v1:mr_pumpkin, 15, 1, 3
4486, none, darkerdepths:sandy_catacombs, MONSTER, born_in_chaos_v1:mrs_pumpkin, 13, 1, 1
4487, none, darkerdepths:sandy_catacombs, MONSTER, fantasyfauna:mushcap_glowing, 50, 2, 4
4488, none, darkerdepths:sandy_catacombs, MONSTER, born_in_chaos_v1:nightmare_stalker, 4, 1, 1
4489, none, darkerdepths:sandy_catacombs, MONSTER, knights:noble, 50, 1, 1
4490, none, darkerdepths:sandy_catacombs, MONSTER, ddenizens:orc, 35, 1, 1
4491, none, darkerdepths:sandy_catacombs, MONSTER, threateningly_mobs:ore_drill, 32, 1, 1
4492, none, darkerdepths:sandy_catacombs, MONSTER, vvariants_of_titans:parah, 55, 1, 4
4493, none, darkerdepths:sandy_catacombs, MONSTER, knights:peasant, 60, 2, 3
4494, none, darkerdepths:sandy_catacombs, MONSTER, born_in_chaos_v1:phantom_creeper, 8, 1, 1
4495, none, darkerdepths:sandy_catacombs, MONSTER, aam:possessed_sword, 50, 1, 2
4496, none, darkerdepths:sandy_catacombs, MONSTER, creatures_expanded:prosperisher_zombie, 50, 1, 2
4497, none, darkerdepths:sandy_catacombs, MONSTER, born_in_chaos_v1:pumpkin_bruiser, 10, 1, 1
4498, none, darkerdepths:sandy_catacombs, MONSTER, lummobs:purpleguy, 5, 1, 1
4499, none, darkerdepths:sandy_catacombs, MONSTER, born_in_chaos_v1:restless_spirit, 20, 1, 1
4500, none, darkerdepths:sandy_catacombs, MONSTER, vvariants_of_titans:rzombs, 15, 1, 1
4501, none, darkerdepths:sandy_catacombs, MONSTER, born_in_chaos_v1:senor_pumpkin, 10, 1, 2
4502, none, darkerdepths:sandy_catacombs, MONSTER, ddenizens:shadow, 30, 1, 1
4503, none, darkerdepths:sandy_catacombs, MONSTER, creatures_expanded:shadowfiend, 35, 1, 2
4504, none, darkerdepths:sandy_catacombs, MONSTER, ddenizens:shadowlord, 15, 1, 1
4505, none, darkerdepths:sandy_catacombs, MONSTER, born_in_chaos_v1:siamese_skeletons, 16, 1, 1
4506, none, darkerdepths:sandy_catacombs, MONSTER, born_in_chaos_v1:sir_pumpkinhead, 4, 1, 1
4507, none, darkerdepths:sandy_catacombs, MONSTER, born_in_chaos_v1:skeleton_demoman, 12, 1, 1
4508, none, darkerdepths:sandy_catacombs, MONSTER, born_in_chaos_v1:skeleton_thrasher, 8, 1, 1
4509, none, darkerdepths:sandy_catacombs, MONSTER, ddenizens:skeleton_warrior, 50, 1, 2
4510, none, darkerdepths:sandy_catacombs, MONSTER, lummobs:slabturtle_2, 15, 1, 3
4511, none, darkerdepths:sandy_catacombs, MONSTER, specialmobs:endercreeper, 1, 1, 4
4512, none, darkerdepths:sandy_catacombs, MONSTER, ddenizens:spectator, 25, 1, 1
4513, none, darkerdepths:sandy_catacombs, MONSTER, born_in_chaos_v1:spirit_guide_assistant, 9, 2, 2
4514, none, darkerdepths:sandy_catacombs, MONSTER, born_in_chaos_v1:spirit_guide, 16, 1, 1
4515, none, darkerdepths:sandy_catacombs, MONSTER, born_in_chaos_v1:spiritof_chaos, 8, 1, 1
4516, none, darkerdepths:sandy_catacombs, MONSTER, born_in_chaos_v1:supreme_bonescaller, 1, 1, 1
4517, none, darkerdepths:sandy_catacombs, MONSTER, born_in_chaos_v1:swarmer, 11, 1, 1
4518, none, darkerdepths:sandy_catacombs, MONSTER, creatures_expanded:tremorgue, 25, 1, 2
4519, none, darkerdepths:sandy_catacombs, MONSTER, creatures_expanded:undead_necromancer, 35, 1, 1
4520, none, darkerdepths:sandy_catacombs, MONSTER, slimeoverhaul:water_slime, 25, 1, 2
4521, none, darkerdepths:sandy_catacombs, MONSTER, ddenizens:winged_skeleton, 40, 1, 2
4522, none, darkerdepths:sandy_catacombs, MONSTER, born_in_chaos_v1:zombie_bruiser, 16, 1, 1
4523, none, darkerdepths:sandy_catacombs, MONSTER, born_in_chaos_v1:zombie_clown, 8, 1, 1
4524, none, darkerdepths:sandy_catacombs, MONSTER, born_in_chaos_v1:zombie_fisherman, 30, 1, 1
4525, none, darkerdepths:sandy_catacombs, MONSTER, born_in_chaos_v1:zombie_lumberjack, 25, 1, 1
4526, none, darkerdepths:sandy_catacombs, MONSTER, zombies_plus:runner_zombie, 40, 4, 4
4527, none, darkerdepths:sandy_catacombs, MONSTER, zombies_plus:brute_zombie, 10, 4, 4
4528, none, darkerdepths:sandy_catacombs, MONSTER, zombies_plus:axe_zombie, 15, 4, 4
4529, none, darkerdepths:sandy_catacombs, MONSTER, zombies_plus:crawler_zombie, 15, 4, 4
4530, none, darkerdepths:sandy_catacombs, MONSTER, zombies_plus:crossbow_zombie, 35, 4, 4
4531, none, darkerdepths:sandy_catacombs, MONSTER, zombies_plus:bow_zombie, 35, 4, 4
4532, none, darkerdepths:sandy_catacombs, MONSTER, zombies_plus:shrieker_zombie, 3, 4, 4
4533, none, darkerdepths:sandy_catacombs, MONSTER, zombies_plus:sword_zombie, 15, 4, 4
4534, none, darkerdepths:sandy_catacombs, MONSTER, zombies_plus:slow_zombie, 7, 4, 4
4535, none, darkerdepths:sandy_catacombs, MONSTER, zombies_plus:cave_zombie, 30, 4, 4
4536, none, darkerdepths:sandy_catacombs, MONSTER, zombie_mobs:zombiechicken, 20, 4, 6
4537, none, darkerdepths:sandy_catacombs, MONSTER, zombie_mobs:zombiecow, 20, 4, 4
4538, none, darkerdepths:sandy_catacombs, MONSTER, zombie_mobs:zombiepig, 20, 3, 3
4539, none, darkerdepths:sandy_catacombs, CREATURE, monsterexpansion:kobeko, 10, 1, 1
4540, none, darkerdepths:sandy_catacombs, CREATURE, monsterexpansion:skrythe, 1, 1, 1
4541, none, darkerdepths:sandy_catacombs, CREATURE, born_in_chaos_v1:thornshell_crab, 8, 1, 1
4542, none, darkerdepths:sandy_catacombs, AMBIENT, alexsmobs:fly, 3, 2, 3
4543, none, darkerdepths:sandy_catacombs, AMBIENT, alexsmobs:cockroach, 4, 5, 5
4544, none, darkerdepths:sandy_catacombs, AMBIENT, ddenizens:boulder, 35, 1, 1
4545, none, darkerdepths:sandy_catacombs, AMBIENT, mocreatures:ant, 12, 1, 4
4546, none, darkerdepths:sandy_catacombs, WATER_CREATURE, born_in_chaos_v1:corpse_fish, 7, 3, 5
4547, none, darkerdepths:sandy_catacombs, WATER_CREATURE, born_in_chaos_v1:glutton_fish, 2, 1, 1
4548, none, darkerdepths:sandy_catacombs, WATER_AMBIENT, alexsmobs:devils_hole_pupfish, 23, 5, 12
4549, savanna, minecraft:savanna, MONSTER, creatures_expanded:abomination, 20, 1, 1
4550, savanna, minecraft:savanna, MONSTER, knights:archer, 40, 2, 3
4551, savanna, minecraft:savanna, MONSTER, ddenizens:beholder, 10, 1, 1
4552, savanna, minecraft:savanna, MONSTER, creatures_expanded:brood_spider, 35, 1, 1
4553, savanna, minecraft:savanna, MONSTER, threateningly_mobs:cave_hunter, 12, 1, 1
4554, savanna, minecraft:savanna, MONSTER, creatures_expanded:crumbling_skeleton, 50, 1, 1
4555, savanna, minecraft:savanna, MONSTER, creatures_expanded:crystalline_golem, 20, 1, 1
4556, savanna, minecraft:savanna, MONSTER, creatures_expanded:crystalline_spider, 45, 1, 3
4557, savanna, minecraft:savanna, MONSTER, ddenizens:daemon, 10, 1, 1
4558, savanna, minecraft:savanna, MONSTER, ddenizens:death_tyrant, 10, 1, 1
4559, savanna, minecraft:savanna, MONSTER, threateningly_mobs:elite_zombie_warrior, 10, 1, 2
4560, savanna, minecraft:savanna, MONSTER, creatures_expanded:embersmog, 40, 1, 3
4561, savanna, minecraft:savanna, MONSTER, ddenizens:fossilized_skeleton, 25, 1, 2
4562, savanna, minecraft:savanna, MONSTER, creatures_expanded:fungal_ghoul, 60, 1, 2
4563, savanna, minecraft:savanna, MONSTER, creatures_expanded:gargoyle, 50, 1, 3
4564, savanna, minecraft:savanna, MONSTER, ddenizens:gazer, 25, 1, 1
4565, savanna, minecraft:savanna, MONSTER, ddenizens:ghoul, 25, 1, 1
4566, savanna, minecraft:savanna, MONSTER, creatures_expanded:gloomknight, 5, 1, 1
4567, savanna, minecraft:savanna, MONSTER, creatures_expanded:gloomweaver, 30, 1, 2
4568, savanna, minecraft:savanna, MONSTER, creatures_expanded:gnasheart, 60, 1, 4
4569, savanna, minecraft:savanna, MONSTER, creatures_expanded:graven, 36, 3, 5
4570, savanna, minecraft:savanna, MONSTER, ddenizens:headless, 40, 1, 1
4571, savanna, minecraft:savanna, MONSTER, knights:heavyknight, 40, 1, 1
4572, savanna, minecraft:savanna, MONSTER, ddenizens:iron_skeleton, 15, 1, 1
4573, savanna, minecraft:savanna, MONSTER, knights:knight, 50, 3, 5
4574, savanna, minecraft:savanna, MONSTER, threateningly_mobs:lich_re, 10, 1, 1
4575, savanna, minecraft:savanna, MONSTER, ddenizens:magma_skeleton, 40, 1, 1
4576, savanna, minecraft:savanna, MONSTER, creatures_expanded:miststalker, 40, 1, 1
4577, savanna, minecraft:savanna, MONSTER, mocreatures:dirtscorpion, 10, 1, 3
4578, savanna, minecraft:savanna, MONSTER, mocreatures:cavescorpion, 50, 1, 3
4579, savanna, minecraft:savanna, MONSTER, mocreatures:horsemob, 10, 1, 3
4580, savanna, minecraft:savanna, MONSTER, threateningly_mobs:moon_priest, 10, 1, 1
4581, savanna, minecraft:savanna, MONSTER, fantasyfauna:mushcap_glowing, 50, 2, 4
4582, savanna, minecraft:savanna, MONSTER, knights:noble, 50, 1, 1
4583, savanna, minecraft:savanna, MONSTER, ddenizens:orc, 35, 1, 1
4584, savanna, minecraft:savanna, MONSTER, threateningly_mobs:ore_drill, 32, 1, 1
4585, savanna, minecraft:savanna, MONSTER, mobz:tank_zombie, 10, 1, 1
4586, savanna, minecraft:savanna, MONSTER, knights:peasant, 60, 2, 3
4587, savanna, minecraft:savanna, MONSTER, fantasyfauna:possessed_armor, 20, 1, 1
4588, savanna, minecraft:savanna, MONSTER, creatures_expanded:prosperisher_zombie, 50, 1, 2
4589, savanna, minecraft:savanna, MONSTER, ddenizens:shadow, 30, 1, 1
4590, savanna, minecraft:savanna, MONSTER, creatures_expanded:shadowfiend, 35, 1, 2
4591, savanna, minecraft:savanna, MONSTER, ddenizens:shadowlord, 15, 1, 1
4592, savanna, minecraft:savanna, MONSTER, ddenizens:skeleton_warrior, 50, 1, 2
4593, savanna, minecraft:savanna, MONSTER, threateningly_mobs:solscarab_maximus, 10, 1, 1
4594, savanna, minecraft:savanna, MONSTER, mobz:armored_zombie, 70, 1, 1
4595, savanna, minecraft:savanna, MONSTER, mobz:blue_spider, 20, 2, 3
4596, savanna, minecraft:savanna, MONSTER, mobz:bowman, 50, 1, 2
4597, savanna, minecraft:savanna, MONSTER, mobz:dwarf, 10, 1, 1
4598, savanna, minecraft:savanna, MONSTER, mobz:fast_zombie, 70, 1, 1
4599, savanna, minecraft:savanna, MONSTER, mobz:honey_slime, 10, 1, 1
4600, savanna, minecraft:savanna, MONSTER, mobz:iron_steve, 30, 1, 1
4601, savanna, minecraft:savanna, MONSTER, mobz:lost_skeleton, 70, 1, 1
4602, savanna, minecraft:savanna, MONSTER, mobz:overgrown_skeleton, 15, 2, 4
4603, savanna, minecraft:savanna, MONSTER, mobz:purple_spider, 15, 1, 4
4604, savanna, minecraft:savanna, MONSTER, mobz:tank_zombie, 30, 1, 2
4605, savanna, minecraft:savanna, MONSTER, mobz:templar, 40, 1, 1
4606, savanna, minecraft:savanna, MONSTER, mobz:warrior, 10, 1, 2
4607, savanna, minecraft:savanna, MONSTER, mobz:zombie_mage, 70, 1, 1
4608, savanna, minecraft:savanna, MONSTER, specialmobs:endercreeper, 10, 1, 4
4609, savanna, minecraft:savanna, MONSTER, ddenizens:spectator, 25, 1, 1
4610, savanna, minecraft:savanna, MONSTER, threateningly_mobs:steelboar, 10, 1, 1
4611, savanna, minecraft:savanna, MONSTER, threateningly_mobs:tall_mouse, 14, 1, 1
4612, savanna, minecraft:savanna, MONSTER, creatures_expanded:tremorgue, 25, 1, 2
4613, savanna, minecraft:savanna, MONSTER, creatures_expanded:undead_necromancer, 35, 1, 1
4614, savanna, minecraft:savanna, MONSTER, ddenizens:winged_skeleton, 70, 1, 1
4615, savanna, minecraft:savanna, MONSTER, specialmobs:giantskeleton, 70, 1, 1
4616, savanna, minecraft:savanna, MONSTER, mocreatures:biggolem, 20, 1, 1
4617, savanna, minecraft:savanna, MONSTER, mobz:small_zombie, 70, 1, 1
4618, savanna, minecraft:savanna, MONSTER, mocreatures:minigolem, 40, 1, 1
4619, savanna, minecraft:savanna, MONSTER, mocreatures:darkmanticore, 50, 1, 1
4620, savanna, minecraft:savanna, MONSTER, mocreatures:undeadscorpion, 50, 1, 1
4621, savanna, minecraft:savanna, MONSTER, mocreatures:silverskeleton, 70, 1, 1
4622, savanna, minecraft:savanna, MONSTER, mobz:bigboss, 50, 1, 1
4623, savanna, minecraft:savanna, MONSTER, specialmobs:bruteskeleton, 70, 1, 1
4624, savanna, minecraft:savanna, MONSTER, specialmobs:gatlingskeleton, 70, 1, 1
4625, savanna, minecraft:savanna, MONSTER, specialmobs:knightskeleton, 70, 1, 1
4626, savanna, minecraft:savanna, MONSTER, specialmobs:ninjaskeleton, 70, 1, 1
4627, savanna, minecraft:savanna, MONSTER, specialmobs:sniperskeleton, 70, 1, 1
4628, savanna, minecraft:savanna, MONSTER, specialmobs:brutezombie, 70, 1, 1
4629, savanna, minecraft:savanna, MONSTER, specialmobs:plaguezombie, 70, 1, 1
4630, savanna, minecraft:savanna, MONSTER, specialmobs:fishingzombie, 70, 1, 1
4631, savanna, minecraft:savanna, MONSTER, specialmobs:hungryzombie, 70, 1, 1
4632, savanna, minecraft:savanna, MONSTER, specialmobs:minicreeper, 40, 1, 1
4633, savanna, minecraft:savanna, CREATURE, threateningly_mobs:flame_horn_re, 10, 1, 2
4634, savanna, minecraft:savanna, CREATURE, iceandfire:cockatrice, 40, 1, 2
4635, savanna, minecraft:savanna, CREATURE, mocreatures:wildhorse, 12, 1, 4
4636, savanna, minecraft:savanna, CREATURE, mocreatures:lion, 10, 1, 3
4637, savanna, minecraft:savanna, CREATURE, mocreatures:leopard, 10, 1, 2
4638, savanna, minecraft:savanna, CREATURE, mocreatures:elephant, 10, 1, 2
4639, savanna, minecraft:savanna, CREATURE, mocreatures:ostrich, 10, 1, 1
4640, savanna, minecraft:savanna, CREATURE, mocreatures:komododragon, 12, 1, 2
4641, savanna, minecraft:savanna, CREATURE, mocreatures:filchlizard, 10, 1, 2
4642, savanna, minecraft:savanna, CREATURE, mobz:brown_bear, 30, 2, 3
4643, savanna, minecraft:savanna, CREATURE, mobz:dirty_boar, 10, 1, 3
4644, savanna, minecraft:savanna, CREATURE, mobz:fiora, 10, 1, 1
4645, savanna, minecraft:savanna, CREATURE, mobz:golden_chicken, 10, 1, 2
4646, savanna, minecraft:savanna, CREATURE, mobz:katherine, 10, 1, 1
4647, savanna, minecraft:savanna, CREATURE, mobz:wild_boar, 10, 2, 4
4648, savanna, minecraft:savanna, AMBIENT, ddenizens:boulder, 35, 1, 1
4649, savanna, minecraft:savanna, AMBIENT, mocreatures:bee, 10, 1, 2
4650, savanna, minecraft:savanna, AMBIENT, mocreatures:roach, 10, 1, 2
4651, savanna, minecraft:savanna, AMBIENT, mocreatures:butterfly, 12, 1, 4
4652, savanna, minecraft:savanna, AMBIENT, mocreatures:ant, 12, 1, 4
4653, savanna, minecraft:savanna, AMBIENT, mocreatures:grasshopper, 10, 1, 2
4654, savanna, minecraft:savanna, AMBIENT, mobz:tiny_spider, 10, 1, 1
4655, savanna, minecraft:savanna_plateau, MONSTER, creatures_expanded:abomination, 20, 1, 1
4656, savanna, minecraft:savanna_plateau, MONSTER, knights:archer, 40, 2, 3
4657, savanna, minecraft:savanna_plateau, MONSTER, ddenizens:beholder, 10, 1, 1
4658, savanna, minecraft:savanna_plateau, MONSTER, creatures_expanded:brood_spider, 35, 1, 1
4659, savanna, minecraft:savanna_plateau, MONSTER, threateningly_mobs:cave_hunter, 12, 1, 1
4660, savanna, minecraft:savanna_plateau, MONSTER, creatures_expanded:crumbling_skeleton, 50, 1, 1
4661, savanna, minecraft:savanna_plateau, MONSTER, creatures_expanded:crystalline_golem, 20, 1, 1
4662, savanna, minecraft:savanna_plateau, MONSTER, creatures_expanded:crystalline_spider, 45, 1, 3
4663, savanna, minecraft:savanna_plateau, MONSTER, ddenizens:daemon, 10, 1, 1
4664, savanna, minecraft:savanna_plateau, MONSTER, ddenizens:death_tyrant, 10, 1, 1
4665, savanna, minecraft:savanna_plateau, MONSTER, threateningly_mobs:elite_zombie_warrior, 10, 1, 2
4666, savanna, minecraft:savanna_plateau, MONSTER, creatures_expanded:embersmog, 40, 1, 3
4667, savanna, minecraft:savanna_plateau, MONSTER, ddenizens:fossilized_skeleton, 25, 1, 2
4668, savanna, minecraft:savanna_plateau, MONSTER, creatures_expanded:fungal_ghoul, 60, 1, 2
4669, savanna, minecraft:savanna_plateau, MONSTER, creatures_expanded:gargoyle, 50, 1, 3
4670, savanna, minecraft:savanna_plateau, MONSTER, ddenizens:gazer, 25, 1, 1
4671, savanna, minecraft:savanna_plateau, MONSTER, ddenizens:ghoul, 25, 1, 1
4672, savanna, minecraft:savanna_plateau, MONSTER, creatures_expanded:gloomknight, 5, 1, 1
4673, savanna, minecraft:savanna_plateau, MONSTER, creatures_expanded:gloomweaver, 30, 1, 2
4674, savanna, minecraft:savanna_plateau, MONSTER, creatures_expanded:gnasheart, 60, 1, 4
4675, savanna, minecraft:savanna_plateau, MONSTER, creatures_expanded:graven, 36, 3, 5
4676, savanna, minecraft:savanna_plateau, MONSTER, ddenizens:headless, 40, 1, 1
4677, savanna, minecraft:savanna_plateau, MONSTER, knights:heavyknight, 40, 1, 1
4678, savanna, minecraft:savanna_plateau, MONSTER, iceandfire:troll, 40, 1, 3
4679, savanna, minecraft:savanna_plateau, MONSTER, ddenizens:iron_skeleton, 15, 1, 1
4680, savanna, minecraft:savanna_plateau, MONSTER, knights:knight, 50, 3, 5
4681, savanna, minecraft:savanna_plateau, MONSTER, threateningly_mobs:lich_re, 10, 1, 1
4682, savanna, minecraft:savanna_plateau, MONSTER, ddenizens:magma_skeleton, 40, 1, 1
4683, savanna, minecraft:savanna_plateau, MONSTER, creatures_expanded:miststalker, 40, 1, 1
4684, savanna, minecraft:savanna_plateau, MONSTER, mocreatures:biggolem, 10, 1, 1
4685, savanna, minecraft:savanna_plateau, MONSTER, mocreatures:dirtscorpion, 10, 1, 3
4686, savanna, minecraft:savanna_plateau, MONSTER, mocreatures:minigolem, 40, 1, 1
4687, savanna, minecraft:savanna_plateau, MONSTER, mocreatures:caveogre, 50, 1, 2
4688, savanna, minecraft:savanna_plateau, MONSTER, mocreatures:plainmanticore, 50, 1, 1
4689, savanna, minecraft:savanna_plateau, MONSTER, mocreatures:darkmanticore, 50, 1, 3
4690, savanna, minecraft:savanna_plateau, MONSTER, mocreatures:cavescorpion, 50, 1, 3
4691, savanna, minecraft:savanna_plateau, MONSTER, mocreatures:horsemob, 10, 1, 3
4692, savanna, minecraft:savanna_plateau, MONSTER, threateningly_mobs:moon_priest, 10, 1, 1
4693, savanna, minecraft:savanna_plateau, MONSTER, fantasyfauna:mushcap_glowing, 50, 2, 4
4694, savanna, minecraft:savanna_plateau, MONSTER, knights:noble, 50, 1, 1
4695, savanna, minecraft:savanna_plateau, MONSTER, ddenizens:orc, 35, 1, 1
4696, savanna, minecraft:savanna_plateau, MONSTER, threateningly_mobs:ore_drill, 32, 1, 1
4697, savanna, minecraft:savanna_plateau, MONSTER, mobz:tank_zombie, 10, 1, 1
4698, savanna, minecraft:savanna_plateau, MONSTER, knights:peasant, 60, 2, 3
4699, savanna, minecraft:savanna_plateau, MONSTER, fantasyfauna:possessed_armor, 20, 1, 1
4700, savanna, minecraft:savanna_plateau, MONSTER, creatures_expanded:prosperisher_zombie, 50, 1, 2
4701, savanna, minecraft:savanna_plateau, MONSTER, ddenizens:shadow, 30, 1, 1
4702, savanna, minecraft:savanna_plateau, MONSTER, creatures_expanded:shadowfiend, 35, 1, 2
4703, savanna, minecraft:savanna_plateau, MONSTER, ddenizens:shadowlord, 15, 1, 1
4704, savanna, minecraft:savanna_plateau, MONSTER, ddenizens:skeleton_warrior, 50, 1, 2
4705, savanna, minecraft:savanna_plateau, MONSTER, threateningly_mobs:solscarab_maximus, 10, 1, 1
4706, savanna, minecraft:savanna_plateau, MONSTER, mobz:armored_zombie, 70, 1, 1
4707, savanna, minecraft:savanna_plateau, MONSTER, mobz:blue_spider, 20, 2, 3
4708, savanna, minecraft:savanna_plateau, MONSTER, mobz:bowman, 50, 1, 2
4709, savanna, minecraft:savanna_plateau, MONSTER, mobz:dwarf, 10, 1, 1
4710, savanna, minecraft:savanna_plateau, MONSTER, mobz:fast_zombie, 70, 1, 1
4711, savanna, minecraft:savanna_plateau, MONSTER, mobz:honey_slime, 10, 1, 1
4712, savanna, minecraft:savanna_plateau, MONSTER, mobz:iron_steve, 30, 1, 1
4713, savanna, minecraft:savanna_plateau, MONSTER, mobz:lost_skeleton, 70, 1, 1
4714, savanna, minecraft:savanna_plateau, MONSTER, mobz:overgrown_skeleton, 15, 2, 4
4715, savanna, minecraft:savanna_plateau, MONSTER, mobz:purple_spider, 15, 1, 4
4716, savanna, minecraft:savanna_plateau, MONSTER, mobz:tank_zombie, 30, 1, 2
4717, savanna, minecraft:savanna_plateau, MONSTER, mobz:templar, 40, 1, 1
4718, savanna, minecraft:savanna_plateau, MONSTER, mobz:warrior, 10, 1, 2
4719, savanna, minecraft:savanna_plateau, MONSTER, mobz:zombie_mage, 70, 1, 1
4720, savanna, minecraft:savanna_plateau, MONSTER, specialmobs:endercreeper, 10, 1, 4
4721, savanna, minecraft:savanna_plateau, MONSTER, ddenizens:spectator, 25, 1, 1
4722, savanna, minecraft:savanna_plateau, MONSTER, threateningly_mobs:steelboar, 10, 1, 1
4723, savanna, minecraft:savanna_plateau, MONSTER, threateningly_mobs:tall_mouse, 14, 1, 1
4724, savanna, minecraft:savanna_plateau, MONSTER, creatures_expanded:tremorgue, 25, 1, 2
4725, savanna, minecraft:savanna_plateau, MONSTER, creatures_expanded:undead_necromancer, 35, 1, 1
4726, savanna, minecraft:savanna_plateau, MONSTER, ddenizens:winged_skeleton, 70, 1, 1
4727, savanna, minecraft:savanna_plateau, MONSTER, specialmobs:giantskeleton, 70, 1, 1
4728, savanna, minecraft:savanna_plateau, MONSTER, mobz:small_zombie, 70, 1, 1
4729, savanna, minecraft:savanna_plateau, MONSTER, mocreatures:undeadscorpion, 50, 1, 1
4730, savanna, minecraft:savanna_plateau, MONSTER, mocreatures:silverskeleton, 70, 1, 1
4731, savanna, minecraft:savanna_plateau, MONSTER, mobz:bigboss, 50, 1, 1
4732, savanna, minecraft:savanna_plateau, MONSTER, specialmobs:bruteskeleton, 70, 1, 1
4733, savanna, minecraft:savanna_plateau, MONSTER, specialmobs:gatlingskeleton, 70, 1, 1
4734, savanna, minecraft:savanna_plateau, MONSTER, specialmobs:knightskeleton, 70, 1, 1
4735, savanna, minecraft:savanna_plateau, MONSTER, specialmobs:ninjaskeleton, 70, 1, 1
4736, savanna, minecraft:savanna_plateau, MONSTER, specialmobs:sniperskeleton, 70, 1, 1
4737, savanna, minecraft:savanna_plateau, MONSTER, specialmobs:brutezombie, 70, 1, 1
4738, savanna, minecraft:savanna_plateau, MONSTER, specialmobs:plaguezombie, 70, 1, 1
4739, savanna, minecraft:savanna_plateau, MONSTER, specialmobs:fishingzombie, 70, 1, 1
4740, savanna, minecraft:savanna_plateau, MONSTER, specialmobs:hungryzombie, 70, 1, 1
4741, savanna, minecraft:savanna_plateau, MONSTER, specialmobs:minicreeper, 40, 1, 1
4742, savanna, minecraft:savanna_plateau, CREATURE, threateningly_mobs:flame_horn_re, 10, 1, 2
4743, savanna, minecraft:savanna_plateau, CREATURE, iceandfire:hippogryph, 60, 1, 1
4744, savanna, minecraft:savanna_plateau, CREATURE, iceandfire:cockatrice, 40, 1, 2
4745, savanna, minecraft:savanna_plateau, CREATURE, mocreatures:wildhorse, 12, 1, 4
4746, savanna, minecraft:savanna_plateau, CREATURE, mocreatures:lion, 10, 1, 3
4747, savanna, minecraft:savanna_plateau, CREATURE, mocreatures:leopard, 10, 1, 2
4748, savanna, minecraft:savanna_plateau, CREATURE, mocreatures:elephant, 10, 1, 2
4749, savanna, minecraft:savanna_plateau, CREATURE, mocreatures:ostrich, 10, 1, 1
4750, savanna, minecraft:savanna_plateau, CREATURE, mocreatures:komododragon, 12, 1, 2
4751, savanna, minecraft:savanna_plateau, CREATURE, mocreatures:filchlizard, 10, 1, 2
4752, savanna, minecraft:savanna_plateau, CREATURE, mobz:brown_bear, 30, 2, 3
4753, savanna, minecraft:savanna_plateau, CREATURE, mobz:dirty_boar, 10, 1, 3
4754, savanna, minecraft:savanna_plateau, CREATURE, mobz:fiora, 10, 1, 1
4755, savanna, minecraft:savanna_plateau, CREATURE, mobz:golden_chicken, 10, 1, 2
4756, savanna, minecraft:savanna_plateau, CREATURE, mobz:katherine, 10, 1, 1
4757, savanna, minecraft:savanna_plateau, CREATURE, mobz:wild_boar, 10, 2, 4
4758, savanna, minecraft:savanna_plateau, AMBIENT, ddenizens:boulder, 35, 1, 1
4759, savanna, minecraft:savanna_plateau, AMBIENT, mocreatures:bee, 10, 1, 2
4760, savanna, minecraft:savanna_plateau, AMBIENT, mocreatures:roach, 10, 1, 2
4761, savanna, minecraft:savanna_plateau, AMBIENT, mocreatures:butterfly, 12, 1, 4
4762, savanna, minecraft:savanna_plateau, AMBIENT, mocreatures:ant, 12, 1, 4
4763, savanna, minecraft:savanna_plateau, AMBIENT, mocreatures:grasshopper, 10, 1, 2
4764, savanna, minecraft:savanna_plateau, AMBIENT, mobz:tiny_spider, 10, 1, 1
4765, the_end, minecraft:small_end_islands, MONSTER, creatures_expanded:abomination, 20, 1, 1
4766, the_end, minecraft:small_end_islands, MONSTER, creatures_expanded:brood_spider, 35, 1, 1
4767, the_end, minecraft:small_end_islands, MONSTER, creatures_expanded:crumbling_skeleton, 50, 1, 1
4768, the_end, minecraft:small_end_islands, MONSTER, creatures_expanded:crystalline_golem, 20, 1, 1
4769, the_end, minecraft:small_end_islands, MONSTER, creatures_expanded:crystalline_spider, 45, 1, 3
4770, the_end, minecraft:small_end_islands, MONSTER, creatures_expanded:embersmog, 40, 1, 3
4771, the_end, minecraft:small_end_islands, MONSTER, creatures_expanded:fungal_ghoul, 60, 1, 2
4772, the_end, minecraft:small_end_islands, MONSTER, creatures_expanded:gargoyle, 50, 1, 3
4773, the_end, minecraft:small_end_islands, MONSTER, creatures_expanded:gloomknight, 5, 1, 1
4774, the_end, minecraft:small_end_islands, MONSTER, creatures_expanded:gloomweaver, 30, 1, 2
4775, the_end, minecraft:small_end_islands, MONSTER, creatures_expanded:gnasheart, 60, 1, 4
4776, the_end, minecraft:small_end_islands, MONSTER, creatures_expanded:graven, 36, 3, 5
4777, the_end, minecraft:small_end_islands, MONSTER, creatures_expanded:miststalker, 40, 1, 1
4778, the_end, minecraft:small_end_islands, MONSTER, fantasyfauna:possessed_armor, 20, 1, 1
4779, the_end, minecraft:small_end_islands, MONSTER, creatures_expanded:prosperisher_zombie, 50, 1, 2
4780, the_end, minecraft:small_end_islands, MONSTER, creatures_expanded:shadowfiend, 35, 1, 2
4781, the_end, minecraft:small_end_islands, MONSTER, mobz:ender, 10, 1, 3
4782, the_end, minecraft:small_end_islands, MONSTER, mobz:ender_knight, 10, 1, 1
4783, the_end, minecraft:small_end_islands, MONSTER, mobz:ender_zombie, 10, 1, 3
4784, the_end, minecraft:small_end_islands, MONSTER, specialmobs:endercreeper, 10, 4, 4
4785, the_end, minecraft:small_end_islands, MONSTER, creatures_expanded:tremorgue, 25, 1, 2
4786, the_end, minecraft:small_end_islands, MONSTER, creatures_expanded:undead_necromancer, 35, 1, 1
4787, the_end, minecraft:small_end_islands, MONSTER, specialmobs:bruteskeleton, 70, 1, 1
4788, the_end, minecraft:small_end_islands, MONSTER, specialmobs:gatlingskeleton, 70, 1, 1
4789, the_end, minecraft:small_end_islands, MONSTER, specialmobs:knightskeleton, 70, 1, 1
4790, the_end, minecraft:small_end_islands, MONSTER, specialmobs:ninjaskeleton, 70, 1, 1
4791, the_end, minecraft:small_end_islands, MONSTER, specialmobs:sniperskeleton, 70, 1, 1
4792, the_end, minecraft:small_end_islands, MONSTER, specialmobs:brutezombie, 70, 1, 1
4793, the_end, minecraft:small_end_islands, MONSTER, specialmobs:plaguezombie, 70, 1, 1
4794, the_end, minecraft:small_end_islands, MONSTER, specialmobs:fishingzombie, 70, 1, 1
4795, the_end, minecraft:small_end_islands, MONSTER, specialmobs:hungryzombie, 70, 1, 1
4796, the_end, minecraft:small_end_islands, MONSTER, specialmobs:minicreeper, 40, 1, 1
4797, beach, minecraft:snowy_beach, MONSTER, creatures_expanded:abomination, 20, 1, 1
4798, beach, minecraft:snowy_beach, MONSTER, knights:archer, 40, 2, 3
4799, beach, minecraft:snowy_beach, MONSTER, ddenizens:beholder, 10, 1, 1
4800, beach, minecraft:snowy_beach, MONSTER, creatures_expanded:brood_spider, 35, 1, 1
4801, beach, minecraft:snowy_beach, MONSTER, threateningly_mobs:cannon_crab, 20, 1, 1
4802, beach, minecraft:snowy_beach, MONSTER, threateningly_mobs:cave_hunter, 12, 1, 1
4803, beach, minecraft:snowy_beach, MONSTER, creatures_expanded:crumbling_skeleton, 50, 1, 1
4804, beach, minecraft:snowy_beach, MONSTER, creatures_expanded:cryofang_spider, 40, 1, 2
4805, beach, minecraft:snowy_beach, MONSTER, creatures_expanded:crystalline_golem, 20, 1, 1
4806, beach, minecraft:snowy_beach, MONSTER, creatures_expanded:crystalline_spider, 45, 1, 3
4807, beach, minecraft:snowy_beach, MONSTER, ddenizens:daemon, 10, 1, 1
4808, beach, minecraft:snowy_beach, MONSTER, ddenizens:death_tyrant, 10, 1, 1
4809, beach, minecraft:snowy_beach, MONSTER, threateningly_mobs:elite_zombie_warrior, 10, 1, 2
4810, beach, minecraft:snowy_beach, MONSTER, creatures_expanded:embersmog, 40, 1, 3
4811, beach, minecraft:snowy_beach, MONSTER, ddenizens:fossilized_skeleton, 25, 1, 2
4812, beach, minecraft:snowy_beach, MONSTER, threateningly_mobs:frostbite, 15, 1, 1
4813, beach, minecraft:snowy_beach, MONSTER, creatures_expanded:fungal_ghoul, 60, 1, 2
4814, beach, minecraft:snowy_beach, MONSTER, creatures_expanded:gargoyle, 50, 1, 3
4815, beach, minecraft:snowy_beach, MONSTER, ddenizens:gazer, 25, 1, 1
4816, beach, minecraft:snowy_beach, MONSTER, ddenizens:ghoul, 25, 1, 1
4817, beach, minecraft:snowy_beach, MONSTER, creatures_expanded:gloomknight, 5, 1, 1
4818, beach, minecraft:snowy_beach, MONSTER, creatures_expanded:gloomweaver, 30, 1, 2
4819, beach, minecraft:snowy_beach, MONSTER, creatures_expanded:gnasheart, 60, 1, 4
4820, beach, minecraft:snowy_beach, MONSTER, creatures_expanded:graven, 36, 3, 5
4821, beach, minecraft:snowy_beach, MONSTER, ddenizens:headless, 40, 1, 1
4822, beach, minecraft:snowy_beach, MONSTER, knights:heavyknight, 40, 1, 1
4823, beach, minecraft:snowy_beach, MONSTER, iceandfire:dread_lich, 10, 1, 1
4824, beach, minecraft:snowy_beach, MONSTER, iceandfire:troll, 40, 1, 3
4825, beach, minecraft:snowy_beach, MONSTER, ddenizens:iron_skeleton, 15, 1, 1
4826, beach, minecraft:snowy_beach, MONSTER, knights:knight, 50, 3, 5
4827, beach, minecraft:snowy_beach, MONSTER, threateningly_mobs:lich_re, 10, 1, 1
4828, beach, minecraft:snowy_beach, MONSTER, ddenizens:magma_skeleton, 40, 1, 1
4829, beach, minecraft:snowy_beach, MONSTER, creatures_expanded:miststalker, 40, 1, 1
4830, beach, minecraft:snowy_beach, MONSTER, mocreatures:wwolf, 10, 1, 3
4831, beach, minecraft:snowy_beach, MONSTER, mocreatures:frostmanticore, 40, 1, 3
4832, beach, minecraft:snowy_beach, MONSTER, mocreatures:frostscorpion, 40, 1, 3
4833, beach, minecraft:snowy_beach, MONSTER, mocreatures:silverskeleton, 70, 1, 1
4834, beach, minecraft:snowy_beach, MONSTER, mocreatures:darkmanticore, 50, 1, 3
4835, beach, minecraft:snowy_beach, MONSTER, mocreatures:cavescorpion, 50, 1, 3
4836, beach, minecraft:snowy_beach, MONSTER, threateningly_mobs:moon_priest, 10, 1, 1
4837, beach, minecraft:snowy_beach, MONSTER, fantasyfauna:mushcap_glowing, 50, 2, 4
4838, beach, minecraft:snowy_beach, MONSTER, knights:noble, 50, 1, 1
4839, beach, minecraft:snowy_beach, MONSTER, ddenizens:orc, 35, 1, 1
4840, beach, minecraft:snowy_beach, MONSTER, threateningly_mobs:ore_drill, 32, 1, 1
4841, beach, minecraft:snowy_beach, MONSTER, mobz:tank_zombie, 10, 1, 1
4842, beach, minecraft:snowy_beach, MONSTER, knights:peasant, 60, 2, 3
4843, beach, minecraft:snowy_beach, MONSTER, fantasyfauna:possessed_armor, 20, 1, 1
4844, beach, minecraft:snowy_beach, MONSTER, creatures_expanded:prosperisher_zombie, 50, 1, 2
4845, beach, minecraft:snowy_beach, MONSTER, ddenizens:shadow, 30, 1, 1
4846, beach, minecraft:snowy_beach, MONSTER, creatures_expanded:shadowfiend, 35, 1, 2
4847, beach, minecraft:snowy_beach, MONSTER, ddenizens:shadowlord, 15, 1, 1
4848, beach, minecraft:snowy_beach, MONSTER, ddenizens:skeleton_warrior, 50, 1, 2
4849, beach, minecraft:snowy_beach, MONSTER, specialmobs:endercreeper, 10, 1, 4
4850, beach, minecraft:snowy_beach, MONSTER, ddenizens:spectator, 25, 1, 1
4851, beach, minecraft:snowy_beach, MONSTER, creatures_expanded:tremorgue, 25, 1, 2
4852, beach, minecraft:snowy_beach, MONSTER, creatures_expanded:undead_necromancer, 35, 1, 1
4853, beach, minecraft:snowy_beach, MONSTER, ddenizens:winged_skeleton, 70, 1, 1
4854, beach, minecraft:snowy_beach, MONSTER, specialmobs:giantskeleton, 70, 1, 1
4855, beach, minecraft:snowy_beach, MONSTER, mocreatures:biggolem, 20, 1, 1
4856, beach, minecraft:snowy_beach, MONSTER, mobz:small_zombie, 70, 1, 1
4857, beach, minecraft:snowy_beach, MONSTER, mocreatures:minigolem, 40, 1, 1
4858, beach, minecraft:snowy_beach, MONSTER, mocreatures:undeadscorpion, 50, 1, 1
4859, beach, minecraft:snowy_beach, MONSTER, mobz:zombie_mage, 70, 1, 1
4860, beach, minecraft:snowy_beach, MONSTER, mobz:bigboss, 50, 1, 1
4861, beach, minecraft:snowy_beach, MONSTER, specialmobs:bruteskeleton, 70, 1, 1
4862, beach, minecraft:snowy_beach, MONSTER, specialmobs:gatlingskeleton, 70, 1, 1
4863, beach, minecraft:snowy_beach, MONSTER, specialmobs:knightskeleton, 70, 1, 1
4864, beach, minecraft:snowy_beach, MONSTER, specialmobs:ninjaskeleton, 70, 1, 1
4865, beach, minecraft:snowy_beach, MONSTER, specialmobs:sniperskeleton, 70, 1, 1
4866, beach, minecraft:snowy_beach, MONSTER, specialmobs:brutezombie, 70, 1, 1
4867, beach, minecraft:snowy_beach, MONSTER, specialmobs:plaguezombie, 70, 1, 1
4868, beach, minecraft:snowy_beach, MONSTER, specialmobs:fishingzombie, 70, 1, 1
4869, beach, minecraft:snowy_beach, MONSTER, specialmobs:hungryzombie, 70, 1, 1
4870, beach, minecraft:snowy_beach, MONSTER, specialmobs:minicreeper, 40, 1, 1
4871, beach, minecraft:snowy_beach, MONSTER, specialmobs:snowcreeper, 40, 1, 1
4872, beach, minecraft:snowy_beach, MONSTER, pirates:shipmate_1, 50, 1, 1
4873, beach, minecraft:snowy_beach, MONSTER, pirates:shipmate_2, 50, 1, 1
4874, beach, minecraft:snowy_beach, MONSTER, pirates:shipmate_3, 50, 1, 1
4875, beach, minecraft:snowy_beach, MONSTER, threateningly_mobs:cannon_crab, 60, 1, 1
4876, beach, minecraft:snowy_beach, CREATURE, mocreatures:bunny, 12, 2, 3
4877, beach, minecraft:snowy_beach, CREATURE, mocreatures:leopard, 10, 1, 2
4878, beach, minecraft:snowy_beach, CREATURE, mocreatures:elephant, 10, 1, 2
4879, beach, minecraft:snowy_beach, CREATURE, mocreatures:fox, 10, 1, 1
4880, beach, minecraft:snowy_beach, CREATURE, mocreatures:wildpolarbear, 10, 1, 2
4881, beach, minecraft:snowy_beach, AMBIENT, ddenizens:boulder, 35, 1, 1
4882, beach, minecraft:snowy_beach, AMBIENT, mocreatures:crab, 20, 1, 2
4883, beach, minecraft:snowy_beach, WATER_CREATURE, mocreatures:salmon, 10, 1, 4
4884, beach, minecraft:snowy_beach, WATER_CREATURE, mocreatures:angler, 12, 1, 6
4885, beach, minecraft:snowy_beach, WATER_CREATURE, mocreatures:clownfish, 12, 1, 6
4886, beach, minecraft:snowy_beach, WATER_CREATURE, mocreatures:manderin, 12, 1, 6
4887, beach, minecraft:snowy_beach, WATER_CREATURE, mocreatures:hippotang, 12, 1, 6
4888, beach, minecraft:snowy_beach, WATER_CREATURE, mocreatures:fishy, 12, 1, 6
4889, beach, minecraft:snowy_beach, WATER_CREATURE, mocreatures:anchovy, 12, 1, 6
4890, beach, minecraft:snowy_beach, WATER_CREATURE, mocreatures:cod, 10, 1, 4
4891, icy, minecraft:snowy_plains, MONSTER, creatures_expanded:abomination, 20, 1, 1
4892, icy, minecraft:snowy_plains, MONSTER, creatures_expanded:anguished, 70, 1, 4
4893, icy, minecraft:snowy_plains, MONSTER, knights:archer, 40, 2, 3
4894, icy, minecraft:snowy_plains, MONSTER, ddenizens:beholder, 10, 1, 1
4895, icy, minecraft:snowy_plains, MONSTER, creatures_expanded:brood_spider, 35, 1, 1
4896, icy, minecraft:snowy_plains, MONSTER, threateningly_mobs:cave_hunter, 12, 1, 1
4897, icy, minecraft:snowy_plains, MONSTER, creatures_expanded:crumbling_skeleton, 50, 1, 1
4898, icy, minecraft:snowy_plains, MONSTER, creatures_expanded:cryofang_spider, 40, 1, 2
4899, icy, minecraft:snowy_plains, MONSTER, creatures_expanded:crystalline_golem, 20, 1, 1
4900, icy, minecraft:snowy_plains, MONSTER, creatures_expanded:crystalline_spider, 45, 1, 3
4901, icy, minecraft:snowy_plains, MONSTER, ddenizens:daemon, 10, 1, 1
4902, icy, minecraft:snowy_plains, MONSTER, ddenizens:death_tyrant, 10, 1, 1
4903, icy, minecraft:snowy_plains, MONSTER, threateningly_mobs:elite_zombie_warrior, 10, 1, 2
4904, icy, minecraft:snowy_plains, MONSTER, creatures_expanded:embersmog, 40, 1, 3
4905, icy, minecraft:snowy_plains, MONSTER, ddenizens:fossilized_skeleton, 25, 1, 2
4906, icy, minecraft:snowy_plains, MONSTER, threateningly_mobs:frostbite, 15, 1, 1
4907, icy, minecraft:snowy_plains, MONSTER, creatures_expanded:fungal_ghoul, 60, 1, 2
4908, icy, minecraft:snowy_plains, MONSTER, creatures_expanded:gargoyle, 50, 1, 3
4909, icy, minecraft:snowy_plains, MONSTER, ddenizens:gazer, 25, 1, 1
4910, icy, minecraft:snowy_plains, MONSTER, ddenizens:ghoul, 25, 1, 1
4911, icy, minecraft:snowy_plains, MONSTER, creatures_expanded:gloomknight, 5, 1, 1
4912, icy, minecraft:snowy_plains, MONSTER, creatures_expanded:gloomweaver, 30, 1, 2
4913, icy, minecraft:snowy_plains, MONSTER, creatures_expanded:gnasheart, 60, 1, 4
4914, icy, minecraft:snowy_plains, MONSTER, creatures_expanded:graven, 36, 3, 5
4915, icy, minecraft:snowy_plains, MONSTER, ddenizens:headless, 40, 1, 1
4916, icy, minecraft:snowy_plains, MONSTER, knights:heavyknight, 40, 1, 1
4917, icy, minecraft:snowy_plains, MONSTER, iceandfire:dread_lich, 10, 1, 1
4918, icy, minecraft:snowy_plains, MONSTER, iceandfire:troll, 40, 1, 3
4919, icy, minecraft:snowy_plains, MONSTER, ddenizens:iron_skeleton, 15, 1, 1
4920, icy, minecraft:snowy_plains, MONSTER, knights:knight, 50, 3, 5
4921, icy, minecraft:snowy_plains, MONSTER, threateningly_mobs:lich_re, 10, 1, 1
4922, icy, minecraft:snowy_plains, MONSTER, ddenizens:magma_skeleton, 40, 1, 1
4923, icy, minecraft:snowy_plains, MONSTER, creatures_expanded:miststalker, 40, 1, 1
4924, icy, minecraft:snowy_plains, MONSTER, mocreatures:biggolem, 10, 1, 1
4925, icy, minecraft:snowy_plains, MONSTER, mocreatures:wwolf, 10, 1, 3
4926, icy, minecraft:snowy_plains, MONSTER, mocreatures:greenogre, 10, 1, 2
4927, icy, minecraft:snowy_plains, MONSTER, mocreatures:rat, 10, 1, 2
4928, icy, minecraft:snowy_plains, MONSTER, mocreatures:minigolem, 40, 1, 1
4929, icy, minecraft:snowy_plains, MONSTER, mocreatures:frostmanticore, 40, 1, 3
4930, icy, minecraft:snowy_plains, MONSTER, mocreatures:plainmanticore, 50, 1, 1
4931, icy, minecraft:snowy_plains, MONSTER, mocreatures:frostscorpion, 40, 1, 3
4932, icy, minecraft:snowy_plains, MONSTER, mocreatures:silverskeleton, 70, 1, 1
4933, icy, minecraft:snowy_plains, MONSTER, mocreatures:darkmanticore, 50, 1, 3
4934, icy, minecraft:snowy_plains, MONSTER, mocreatures:cavescorpion, 50, 1, 3
4935, icy, minecraft:snowy_plains, MONSTER, mocreatures:horsemob, 10, 1, 3
4936, icy, minecraft:snowy_plains, MONSTER, threateningly_mobs:moon_priest, 10, 1, 1
4937, icy, minecraft:snowy_plains, MONSTER, fantasyfauna:mushcap_glowing, 50, 2, 4
4938, icy, minecraft:snowy_plains, MONSTER, knights:noble, 50, 1, 1
4939, icy, minecraft:snowy_plains, MONSTER, ddenizens:orc, 35, 1, 1
4940, icy, minecraft:snowy_plains, MONSTER, threateningly_mobs:ore_drill, 32, 1, 1
4941, icy, minecraft:snowy_plains, MONSTER, mobz:tank_zombie, 10, 1, 1
4942, icy, minecraft:snowy_plains, MONSTER, knights:peasant, 60, 2, 3
4943, icy, minecraft:snowy_plains, MONSTER, fantasyfauna:possessed_armor, 20, 1, 1
4944, icy, minecraft:snowy_plains, MONSTER, creatures_expanded:prosperisher_zombie, 50, 1, 2
4945, icy, minecraft:snowy_plains, MONSTER, ddenizens:shadow, 30, 1, 1
4946, icy, minecraft:snowy_plains, MONSTER, creatures_expanded:shadowfiend, 35, 1, 2
4947, icy, minecraft:snowy_plains, MONSTER, ddenizens:shadowlord, 15, 1, 1
4948, icy, minecraft:snowy_plains, MONSTER, ddenizens:skeleton_warrior, 50, 1, 2
4949, icy, minecraft:snowy_plains, MONSTER, mobz:frost_blaze, 40, 1, 1
4950, icy, minecraft:snowy_plains, MONSTER, mobz:frost_creeper, 40, 1, 1
4951, icy, minecraft:snowy_plains, MONSTER, mobz:ice_golem, 10, 1, 1
4952, icy, minecraft:snowy_plains, MONSTER, specialmobs:endercreeper, 10, 1, 4
4953, icy, minecraft:snowy_plains, MONSTER, ddenizens:spectator, 25, 1, 1
4954, icy, minecraft:snowy_plains, MONSTER, creatures_expanded:tremorgue, 25, 1, 2
4955, icy, minecraft:snowy_plains, MONSTER, creatures_expanded:undead_necromancer, 35, 1, 1
4956, icy, minecraft:snowy_plains, MONSTER, ddenizens:winged_skeleton, 70, 1, 1
4957, icy, minecraft:snowy_plains, MONSTER, mocreatures:frostmanticore, 40, 1, 1
4958, icy, minecraft:snowy_plains, MONSTER, mocreatures:frostscorpion, 40, 1, 1
4959, icy, minecraft:snowy_plains, MONSTER, specialmobs:giantskeleton, 70, 1, 1
4960, icy, minecraft:snowy_plains, MONSTER, mobz:small_zombie, 70, 1, 1
4961, icy, minecraft:snowy_plains, MONSTER, mocreatures:undeadscorpion, 50, 1, 1
4962, icy, minecraft:snowy_plains, MONSTER, mobz:zombie_mage, 70, 1, 1
4963, icy, minecraft:snowy_plains, MONSTER, mobz:bigboss, 50, 1, 1
4964, icy, minecraft:snowy_plains, MONSTER, specialmobs:bruteskeleton, 70, 1, 1
4965, icy, minecraft:snowy_plains, MONSTER, specialmobs:gatlingskeleton, 70, 1, 1
4966, icy, minecraft:snowy_plains, MONSTER, specialmobs:knightskeleton, 70, 1, 1
4967, icy, minecraft:snowy_plains, MONSTER, specialmobs:ninjaskeleton, 70, 1, 1
4968, icy, minecraft:snowy_plains, MONSTER, specialmobs:sniperskeleton, 70, 1, 1
4969, icy, minecraft:snowy_plains, MONSTER, specialmobs:brutezombie, 70, 1, 1
4970, icy, minecraft:snowy_plains, MONSTER, specialmobs:plaguezombie, 70, 1, 1
4971, icy, minecraft:snowy_plains, MONSTER, specialmobs:fishingzombie, 70, 1, 1
4972, icy, minecraft:snowy_plains, MONSTER, specialmobs:hungryzombie, 70, 1, 1
4973, icy, minecraft:snowy_plains, MONSTER, specialmobs:minicreeper, 40, 1, 1
4974, icy, minecraft:snowy_plains, MONSTER, specialmobs:snowcreeper, 40, 1, 1
4975, icy, minecraft:snowy_plains, CREATURE, mocreatures:wildhorse, 12, 1, 4
4976, icy, minecraft:snowy_plains, CREATURE, mocreatures:boar, 12, 2, 2
4977, icy, minecraft:snowy_plains, CREATURE, mocreatures:mouse, 10, 1, 2
4978, icy, minecraft:snowy_plains, CREATURE, mocreatures:bird, 16, 2, 3
4979, icy, minecraft:snowy_plains, CREATURE, mocreatures:bunny, 12, 2, 3
4980, icy, minecraft:snowy_plains, CREATURE, mocreatures:mole, 10, 1, 2
4981, icy, minecraft:snowy_plains, CREATURE, mocreatures:goat, 12, 1, 3
4982, icy, minecraft:snowy_plains, CREATURE, mocreatures:leopard, 10, 1, 2
4983, icy, minecraft:snowy_plains, CREATURE, mocreatures:turkey, 12, 1, 2
4984, icy, minecraft:snowy_plains, CREATURE, mocreatures:elephant, 10, 1, 2
4985, icy, minecraft:snowy_plains, CREATURE, mocreatures:deer, 10, 1, 2
4986, icy, minecraft:snowy_plains, CREATURE, mocreatures:snake, 14, 1, 2
4987, icy, minecraft:snowy_plains, CREATURE, mocreatures:kitty, 10, 1, 2
4988, icy, minecraft:snowy_plains, CREATURE, mocreatures:fox, 10, 1, 1
4989, icy, minecraft:snowy_plains, CREATURE, mocreatures:wildpolarbear, 10, 1, 2
4990, icy, minecraft:snowy_plains, CREATURE, mobz:black_bear, 40, 1, 2
4991, icy, minecraft:snowy_plains, CREATURE, mobz:boar, 10, 2, 3
4992, icy, minecraft:snowy_plains, AMBIENT, ddenizens:boulder, 35, 1, 1
4993, icy, minecraft:snowy_plains, AMBIENT, mocreatures:bee, 10, 1, 2
4994, icy, minecraft:snowy_plains, AMBIENT, mocreatures:butterfly, 12, 1, 4
4995, icy, minecraft:snowy_plains, AMBIENT, mocreatures:ant, 12, 1, 4
4996, icy, minecraft:snowy_plains, AMBIENT, mocreatures:grasshopper, 10, 1, 2
4997, icy, minecraft:snowy_plains, AMBIENT, mocreatures:fly, 12, 1, 2
4998, icy, minecraft:snowy_plains, AMBIENT, mocreatures:cricket, 10, 1, 2
4999, icy, minecraft:snowy_plains, WATER_CREATURE, mocreatures:salmon, 10, 1, 4
5000, icy, minecraft:snowy_plains, WATER_CREATURE, mocreatures:fishy, 12, 1, 6
5001, icy, minecraft:snowy_plains, WATER_CREATURE, mocreatures:bass, 10, 1, 4
5002, extreme_hills, minecraft:snowy_slopes, MONSTER, creatures_expanded:abomination, 20, 1, 1
5003, extreme_hills, minecraft:snowy_slopes, MONSTER, creatures_expanded:anguished, 70, 1, 4
5004, extreme_hills, minecraft:snowy_slopes, MONSTER, knights:archer, 40, 2, 3
5005, extreme_hills, minecraft:snowy_slopes, MONSTER, ddenizens:beholder, 10, 1, 1
5006, extreme_hills, minecraft:snowy_slopes, MONSTER, creatures_expanded:brood_spider, 35, 1, 1
5007, extreme_hills, minecraft:snowy_slopes, MONSTER, threateningly_mobs:cave_hunter, 12, 1, 1
5008, extreme_hills, minecraft:snowy_slopes, MONSTER, creatures_expanded:crumbling_skeleton, 50, 1, 1
5009, extreme_hills, minecraft:snowy_slopes, MONSTER, creatures_expanded:cryofang_spider, 40, 1, 2
5010, extreme_hills, minecraft:snowy_slopes, MONSTER, creatures_expanded:crystalline_golem, 20, 1, 1
5011, extreme_hills, minecraft:snowy_slopes, MONSTER, creatures_expanded:crystalline_spider, 45, 1, 3
5012, extreme_hills, minecraft:snowy_slopes, MONSTER, ddenizens:daemon, 10, 1, 1
5013, extreme_hills, minecraft:snowy_slopes, MONSTER, ddenizens:death_tyrant, 10, 1, 1
5014, extreme_hills, minecraft:snowy_slopes, MONSTER, threateningly_mobs:elite_zombie_warrior, 10, 1, 2
5015, extreme_hills, minecraft:snowy_slopes, MONSTER, creatures_expanded:embersmog, 40, 1, 3
5016, extreme_hills, minecraft:snowy_slopes, MONSTER, ddenizens:fossilized_skeleton, 25, 1, 2
5017, extreme_hills, minecraft:snowy_slopes, MONSTER, threateningly_mobs:frostbite, 15, 1, 1
5018, extreme_hills, minecraft:snowy_slopes, MONSTER, creatures_expanded:fungal_ghoul, 60, 1, 2
5019, extreme_hills, minecraft:snowy_slopes, MONSTER, creatures_expanded:gargoyle, 50, 1, 3
5020, extreme_hills, minecraft:snowy_slopes, MONSTER, ddenizens:gazer, 25, 1, 1
5021, extreme_hills, minecraft:snowy_slopes, MONSTER, ddenizens:ghoul, 25, 1, 1
5022, extreme_hills, minecraft:snowy_slopes, MONSTER, creatures_expanded:gloomknight, 5, 1, 1
5023, extreme_hills, minecraft:snowy_slopes, MONSTER, creatures_expanded:gloomweaver, 30, 1, 2
5024, extreme_hills, minecraft:snowy_slopes, MONSTER, creatures_expanded:gnasheart, 60, 1, 4
5025, extreme_hills, minecraft:snowy_slopes, MONSTER, creatures_expanded:graven, 36, 3, 5
5026, extreme_hills, minecraft:snowy_slopes, MONSTER, ddenizens:headless, 40, 1, 1
5027, extreme_hills, minecraft:snowy_slopes, MONSTER, knights:heavyknight, 40, 1, 1
5028, extreme_hills, minecraft:snowy_slopes, MONSTER, iceandfire:dread_lich, 10, 1, 1
5029, extreme_hills, minecraft:snowy_slopes, MONSTER, iceandfire:troll, 40, 1, 3
5030, extreme_hills, minecraft:snowy_slopes, MONSTER, ddenizens:iron_skeleton, 15, 1, 1
5031, extreme_hills, minecraft:snowy_slopes, MONSTER, knights:knight, 50, 3, 5
5032, extreme_hills, minecraft:snowy_slopes, MONSTER, threateningly_mobs:lich_re, 10, 1, 1
5033, extreme_hills, minecraft:snowy_slopes, MONSTER, ddenizens:magma_skeleton, 40, 1, 1
5034, extreme_hills, minecraft:snowy_slopes, MONSTER, creatures_expanded:miststalker, 40, 1, 1
5035, extreme_hills, minecraft:snowy_slopes, MONSTER, mocreatures:biggolem, 10, 1, 1
5036, extreme_hills, minecraft:snowy_slopes, MONSTER, mocreatures:wwolf, 10, 1, 3
5037, extreme_hills, minecraft:snowy_slopes, MONSTER, mocreatures:minigolem, 40, 1, 1
5038, extreme_hills, minecraft:snowy_slopes, MONSTER, mocreatures:frostmanticore, 40, 1, 3
5039, extreme_hills, minecraft:snowy_slopes, MONSTER, mocreatures:caveogre, 50, 1, 2
5040, extreme_hills, minecraft:snowy_slopes, MONSTER, mocreatures:plainmanticore, 50, 1, 1
5041, extreme_hills, minecraft:snowy_slopes, MONSTER, mocreatures:frostscorpion, 40, 1, 3
5042, extreme_hills, minecraft:snowy_slopes, MONSTER, mocreatures:silverskeleton, 70, 1, 1
5043, extreme_hills, minecraft:snowy_slopes, MONSTER, mocreatures:darkmanticore, 50, 1, 3
5044, extreme_hills, minecraft:snowy_slopes, MONSTER, mocreatures:cavescorpion, 50, 1, 3
5045, extreme_hills, minecraft:snowy_slopes, MONSTER, threateningly_mobs:moon_priest, 10, 1, 1
5046, extreme_hills, minecraft:snowy_slopes, MONSTER, fantasyfauna:mushcap_glowing, 50, 2, 4
5047, extreme_hills, minecraft:snowy_slopes, MONSTER, knights:noble, 50, 1, 1
5048, extreme_hills, minecraft:snowy_slopes, MONSTER, ddenizens:orc, 35, 1, 1
5049, extreme_hills, minecraft:snowy_slopes, MONSTER, threateningly_mobs:ore_drill, 32, 1, 1
5050, extreme_hills, minecraft:snowy_slopes, MONSTER, mobz:tank_zombie, 10, 1, 1
5051, extreme_hills, minecraft:snowy_slopes, MONSTER, knights:peasant, 60, 2, 3
5052, extreme_hills, minecraft:snowy_slopes, MONSTER, fantasyfauna:possessed_armor, 20, 1, 1
5053, extreme_hills, minecraft:snowy_slopes, MONSTER, creatures_expanded:prosperisher_zombie, 50, 1, 2
5054, extreme_hills, minecraft:snowy_slopes, MONSTER, ddenizens:shadow, 30, 1, 1
5055, extreme_hills, minecraft:snowy_slopes, MONSTER, creatures_expanded:shadowfiend, 35, 1, 2
5056, extreme_hills, minecraft:snowy_slopes, MONSTER, ddenizens:shadowlord, 15, 1, 1
5057, extreme_hills, minecraft:snowy_slopes, MONSTER, ddenizens:skeleton_warrior, 50, 1, 2
5058, extreme_hills, minecraft:snowy_slopes, MONSTER, mobz:frost_blaze, 40, 1, 1
5059, extreme_hills, minecraft:snowy_slopes, MONSTER, mobz:frost_creeper, 40, 1, 1
5060, extreme_hills, minecraft:snowy_slopes, MONSTER, mobz:ice_golem, 10, 1, 1
5061, extreme_hills, minecraft:snowy_slopes, MONSTER, specialmobs:endercreeper, 10, 1, 4
5062, extreme_hills, minecraft:snowy_slopes, MONSTER, ddenizens:spectator, 25, 1, 1
5063, extreme_hills, minecraft:snowy_slopes, MONSTER, creatures_expanded:tremorgue, 25, 1, 2
5064, extreme_hills, minecraft:snowy_slopes, MONSTER, creatures_expanded:undead_necromancer, 35, 1, 1
5065, extreme_hills, minecraft:snowy_slopes, MONSTER, ddenizens:winged_skeleton, 70, 1, 1
5066, extreme_hills, minecraft:snowy_slopes, MONSTER, mocreatures:frostmanticore, 40, 1, 1
5067, extreme_hills, minecraft:snowy_slopes, MONSTER, mocreatures:frostscorpion, 40, 1, 1
5068, extreme_hills, minecraft:snowy_slopes, MONSTER, specialmobs:giantskeleton, 70, 1, 1
5069, extreme_hills, minecraft:snowy_slopes, MONSTER, mobz:small_zombie, 70, 1, 1
5070, extreme_hills, minecraft:snowy_slopes, MONSTER, mocreatures:undeadscorpion, 50, 1, 1
5071, extreme_hills, minecraft:snowy_slopes, MONSTER, mobz:zombie_mage, 70, 1, 1
5072, extreme_hills, minecraft:snowy_slopes, MONSTER, mobz:bigboss, 50, 1, 1
5073, extreme_hills, minecraft:snowy_slopes, MONSTER, specialmobs:bruteskeleton, 70, 1, 1
5074, extreme_hills, minecraft:snowy_slopes, MONSTER, specialmobs:gatlingskeleton, 70, 1, 1
5075, extreme_hills, minecraft:snowy_slopes, MONSTER, specialmobs:knightskeleton, 70, 1, 1
5076, extreme_hills, minecraft:snowy_slopes, MONSTER, specialmobs:ninjaskeleton, 70, 1, 1
5077, extreme_hills, minecraft:snowy_slopes, MONSTER, specialmobs:sniperskeleton, 70, 1, 1
5078, extreme_hills, minecraft:snowy_slopes, MONSTER, specialmobs:brutezombie, 70, 1, 1
5079, extreme_hills, minecraft:snowy_slopes, MONSTER, specialmobs:plaguezombie, 70, 1, 1
5080, extreme_hills, minecraft:snowy_slopes, MONSTER, specialmobs:fishingzombie, 70, 1, 1
5081, extreme_hills, minecraft:snowy_slopes, MONSTER, specialmobs:hungryzombie, 70, 1, 1
5082, extreme_hills, minecraft:snowy_slopes, MONSTER, specialmobs:minicreeper, 40, 1, 1
5083, extreme_hills, minecraft:snowy_slopes, MONSTER, specialmobs:snowcreeper, 40, 1, 1
5084, extreme_hills, minecraft:snowy_slopes, CREATURE, iceandfire:hippogryph, 60, 1, 1
5085, extreme_hills, minecraft:snowy_slopes, CREATURE, mocreatures:bunny, 12, 2, 3
5086, extreme_hills, minecraft:snowy_slopes, CREATURE, mocreatures:leopard, 10, 1, 2
5087, extreme_hills, minecraft:snowy_slopes, CREATURE, mocreatures:elephant, 10, 1, 2
5088, extreme_hills, minecraft:snowy_slopes, CREATURE, mocreatures:fox, 10, 1, 1
5089, extreme_hills, minecraft:snowy_slopes, CREATURE, mocreatures:wildpolarbear, 10, 1, 2
5090, extreme_hills, minecraft:snowy_slopes, CREATURE, mobz:black_bear, 40, 1, 2
5091, extreme_hills, minecraft:snowy_slopes, CREATURE, mobz:boar, 10, 2, 3
5092, extreme_hills, minecraft:snowy_slopes, AMBIENT, ddenizens:boulder, 35, 1, 1
5093, extreme_hills, minecraft:snowy_slopes, AMBIENT, mocreatures:ant, 12, 1, 4
5094, taiga, minecraft:snowy_taiga, MONSTER, creatures_expanded:abomination, 20, 1, 1
5095, taiga, minecraft:snowy_taiga, MONSTER, creatures_expanded:anguished, 70, 1, 4
5096, taiga, minecraft:snowy_taiga, MONSTER, knights:archer, 40, 2, 3
5097, taiga, minecraft:snowy_taiga, MONSTER, ddenizens:beholder, 10, 1, 1
5098, taiga, minecraft:snowy_taiga, MONSTER, creatures_expanded:brood_spider, 35, 1, 1
5099, taiga, minecraft:snowy_taiga, MONSTER, threateningly_mobs:cave_hunter, 12, 1, 1
5100, taiga, minecraft:snowy_taiga, MONSTER, creatures_expanded:crumbling_skeleton, 50, 1, 1
5101, taiga, minecraft:snowy_taiga, MONSTER, creatures_expanded:cryofang_spider, 40, 1, 2
5102, taiga, minecraft:snowy_taiga, MONSTER, creatures_expanded:crystalline_golem, 20, 1, 1
5103, taiga, minecraft:snowy_taiga, MONSTER, creatures_expanded:crystalline_spider, 45, 1, 3
5104, taiga, minecraft:snowy_taiga, MONSTER, ddenizens:daemon, 10, 1, 1
5105, taiga, minecraft:snowy_taiga, MONSTER, ddenizens:death_tyrant, 10, 1, 1
5106, taiga, minecraft:snowy_taiga, MONSTER, threateningly_mobs:elite_zombie_warrior, 10, 1, 2
5107, taiga, minecraft:snowy_taiga, MONSTER, creatures_expanded:embersmog, 40, 1, 3
5108, taiga, minecraft:snowy_taiga, MONSTER, ddenizens:fossilized_skeleton, 25, 1, 2
5109, taiga, minecraft:snowy_taiga, MONSTER, threateningly_mobs:frostbite, 15, 1, 1
5110, taiga, minecraft:snowy_taiga, MONSTER, creatures_expanded:fungal_ghoul, 60, 1, 2
5111, taiga, minecraft:snowy_taiga, MONSTER, creatures_expanded:gargoyle, 50, 1, 3
5112, taiga, minecraft:snowy_taiga, MONSTER, ddenizens:gazer, 25, 1, 1
5113, taiga, minecraft:snowy_taiga, MONSTER, ddenizens:ghoul, 25, 1, 1
5114, taiga, minecraft:snowy_taiga, MONSTER, creatures_expanded:gloomknight, 5, 1, 1
5115, taiga, minecraft:snowy_taiga, MONSTER, creatures_expanded:gloomweaver, 30, 1, 2
5116, taiga, minecraft:snowy_taiga, MONSTER, creatures_expanded:gnasheart, 60, 1, 4
5117, taiga, minecraft:snowy_taiga, MONSTER, creatures_expanded:graven, 36, 3, 5
5118, taiga, minecraft:snowy_taiga, MONSTER, ddenizens:headless, 40, 1, 1
5119, taiga, minecraft:snowy_taiga, MONSTER, knights:heavyknight, 40, 1, 1
5120, taiga, minecraft:snowy_taiga, MONSTER, iceandfire:dread_lich, 10, 1, 1
5121, taiga, minecraft:snowy_taiga, MONSTER, iceandfire:troll, 40, 1, 3
5122, taiga, minecraft:snowy_taiga, MONSTER, ddenizens:iron_skeleton, 15, 1, 1
5123, taiga, minecraft:snowy_taiga, MONSTER, knights:knight, 50, 3, 5
5124, taiga, minecraft:snowy_taiga, MONSTER, threateningly_mobs:lich_re, 10, 1, 1
5125, taiga, minecraft:snowy_taiga, MONSTER, ddenizens:magma_skeleton, 40, 1, 1
5126, taiga, minecraft:snowy_taiga, MONSTER, creatures_expanded:miststalker, 40, 1, 1
5127, taiga, minecraft:snowy_taiga, MONSTER, mocreatures:werewolf, 10, 1, 4
5128, taiga, minecraft:snowy_taiga, MONSTER, mocreatures:wwolf, 10, 1, 3
5129, taiga, minecraft:snowy_taiga, MONSTER, mocreatures:frostmanticore, 40, 1, 3
5130, taiga, minecraft:snowy_taiga, MONSTER, mocreatures:frostscorpion, 40, 1, 3
5131, taiga, minecraft:snowy_taiga, MONSTER, mocreatures:silverskeleton, 70, 1, 1
5132, taiga, minecraft:snowy_taiga, MONSTER, mocreatures:darkmanticore, 50, 1, 3
5133, taiga, minecraft:snowy_taiga, MONSTER, mocreatures:cavescorpion, 50, 1, 3
5134, taiga, minecraft:snowy_taiga, MONSTER, mocreatures:wraith, 50, 1, 1
5135, taiga, minecraft:snowy_taiga, MONSTER, threateningly_mobs:moon_priest, 10, 1, 1
5136, taiga, minecraft:snowy_taiga, MONSTER, fantasyfauna:mushcap_glowing, 50, 2, 4
5137, taiga, minecraft:snowy_taiga, MONSTER, knights:noble, 50, 1, 1
5138, taiga, minecraft:snowy_taiga, MONSTER, ddenizens:orc, 35, 1, 1
5139, taiga, minecraft:snowy_taiga, MONSTER, threateningly_mobs:ore_drill, 32, 1, 1
5140, taiga, minecraft:snowy_taiga, MONSTER, mobz:tank_zombie, 10, 1, 1
5141, taiga, minecraft:snowy_taiga, MONSTER, knights:peasant, 60, 2, 3
5142, taiga, minecraft:snowy_taiga, MONSTER, fantasyfauna:possessed_armor, 20, 1, 1
5143, taiga, minecraft:snowy_taiga, MONSTER, creatures_expanded:prosperisher_zombie, 50, 1, 2
5144, taiga, minecraft:snowy_taiga, MONSTER, ddenizens:shadow, 30, 1, 1
5145, taiga, minecraft:snowy_taiga, MONSTER, creatures_expanded:shadowfiend, 35, 1, 2
5146, taiga, minecraft:snowy_taiga, MONSTER, ddenizens:shadowlord, 15, 1, 1
5147, taiga, minecraft:snowy_taiga, MONSTER, ddenizens:skeleton_warrior, 50, 1, 2
5148, taiga, minecraft:snowy_taiga, MONSTER, mobz:frost_blaze, 40, 1, 1
5149, taiga, minecraft:snowy_taiga, MONSTER, mobz:frost_creeper, 40, 1, 1
5150, taiga, minecraft:snowy_taiga, MONSTER, mobz:ice_golem, 10, 1, 1
5151, taiga, minecraft:snowy_taiga, MONSTER, specialmobs:endercreeper, 10, 1, 4
5152, taiga, minecraft:snowy_taiga, MONSTER, ddenizens:spectator, 25, 1, 1
5153, taiga, minecraft:snowy_taiga, MONSTER, threateningly_mobs:the_regalhart, 10, 1, 1
5154, taiga, minecraft:snowy_taiga, MONSTER, creatures_expanded:tremorgue, 25, 1, 2
5155, taiga, minecraft:snowy_taiga, MONSTER, creatures_expanded:undead_necromancer, 35, 1, 1
5156, taiga, minecraft:snowy_taiga, MONSTER, ddenizens:winged_skeleton, 70, 1, 1
5157, taiga, minecraft:snowy_taiga, MONSTER, mocreatures:frostmanticore, 40, 1, 1
5158, taiga, minecraft:snowy_taiga, MONSTER, mocreatures:frostscorpion, 40, 1, 1
5159, taiga, minecraft:snowy_taiga, MONSTER, specialmobs:giantskeleton, 70, 1, 1
5160, taiga, minecraft:snowy_taiga, MONSTER, mocreatures:biggolem, 20, 1, 1
5161, taiga, minecraft:snowy_taiga, MONSTER, mobz:small_zombie, 70, 1, 1
5162, taiga, minecraft:snowy_taiga, MONSTER, mocreatures:minigolem, 40, 1, 1
5163, taiga, minecraft:snowy_taiga, MONSTER, mocreatures:undeadscorpion, 50, 1, 1
5164, taiga, minecraft:snowy_taiga, MONSTER, mobz:zombie_mage, 70, 1, 1
5165, taiga, minecraft:snowy_taiga, MONSTER, mobz:bigboss, 50, 1, 1
5166, taiga, minecraft:snowy_taiga, MONSTER, specialmobs:bruteskeleton, 70, 1, 1
5167, taiga, minecraft:snowy_taiga, MONSTER, specialmobs:gatlingskeleton, 70, 1, 1
5168, taiga, minecraft:snowy_taiga, MONSTER, specialmobs:knightskeleton, 70, 1, 1
5169, taiga, minecraft:snowy_taiga, MONSTER, specialmobs:ninjaskeleton, 70, 1, 1
5170, taiga, minecraft:snowy_taiga, MONSTER, specialmobs:sniperskeleton, 70, 1, 1
5171, taiga, minecraft:snowy_taiga, MONSTER, specialmobs:brutezombie, 70, 1, 1
5172, taiga, minecraft:snowy_taiga, MONSTER, specialmobs:plaguezombie, 70, 1, 1
5173, taiga, minecraft:snowy_taiga, MONSTER, specialmobs:fishingzombie, 70, 1, 1
5174, taiga, minecraft:snowy_taiga, MONSTER, specialmobs:hungryzombie, 70, 1, 1
5175, taiga, minecraft:snowy_taiga, MONSTER, specialmobs:minicreeper, 40, 1, 1
5176, taiga, minecraft:snowy_taiga, MONSTER, specialmobs:snowcreeper, 40, 1, 1
5177, taiga, minecraft:snowy_taiga, CREATURE, mocreatures:bunny, 12, 2, 3
5178, taiga, minecraft:snowy_taiga, CREATURE, mocreatures:leopard, 10, 1, 2
5179, taiga, minecraft:snowy_taiga, CREATURE, mocreatures:elephant, 10, 1, 2
5180, taiga, minecraft:snowy_taiga, CREATURE, mocreatures:deer, 10, 1, 2
5181, taiga, minecraft:snowy_taiga, CREATURE, mocreatures:fox, 10, 1, 1
5182, taiga, minecraft:snowy_taiga, CREATURE, mocreatures:wildpolarbear, 10, 1, 2
5183, taiga, minecraft:snowy_taiga, CREATURE, mobz:black_bear, 40, 1, 2
5184, taiga, minecraft:snowy_taiga, CREATURE, mobz:boar, 10, 2, 3
5185, taiga, minecraft:snowy_taiga, AMBIENT, ddenizens:boulder, 35, 1, 1
5186, taiga, minecraft:snowy_taiga, AMBIENT, threateningly_mobs:nature_fairy, 10, 1, 1
5187, nether, minecraft:soul_sand_valley, MONSTER, creatures_expanded:abomination, 20, 1, 1
5188, nether, minecraft:soul_sand_valley, MONSTER, creatures_expanded:brood_spider, 35, 1, 1
5189, nether, minecraft:soul_sand_valley, MONSTER, creatures_expanded:crumbling_skeleton, 50, 1, 1
5190, nether, minecraft:soul_sand_valley, MONSTER, creatures_expanded:crystalline_golem, 20, 1, 1
5191, nether, minecraft:soul_sand_valley, MONSTER, creatures_expanded:crystalline_spider, 45, 1, 3
5192, nether, minecraft:soul_sand_valley, MONSTER, creatures_expanded:embersmog, 40, 1, 3
5193, nether, minecraft:soul_sand_valley, MONSTER, creatures_expanded:fungal_ghoul, 60, 1, 2
5194, nether, minecraft:soul_sand_valley, MONSTER, creatures_expanded:gargoyle, 50, 1, 3
5195, nether, minecraft:soul_sand_valley, MONSTER, creatures_expanded:gloomknight, 5, 1, 1
5196, nether, minecraft:soul_sand_valley, MONSTER, creatures_expanded:gloomweaver, 30, 1, 2
5197, nether, minecraft:soul_sand_valley, MONSTER, creatures_expanded:gnasheart, 60, 1, 4
5198, nether, minecraft:soul_sand_valley, MONSTER, creatures_expanded:graven, 36, 3, 5
5199, nether, minecraft:soul_sand_valley, MONSTER, ddenizens:magma_skeleton, 15, 1, 4
5200, nether, minecraft:soul_sand_valley, MONSTER, creatures_expanded:miststalker, 40, 1, 1
5201, nether, minecraft:soul_sand_valley, MONSTER, mocreatures:flamewraith, 10, 1, 2
5202, nether, minecraft:soul_sand_valley, MONSTER, mocreatures:fireogre, 10, 1, 2
5203, nether, minecraft:soul_sand_valley, MONSTER, mocreatures:hellrat, 10, 1, 4
5204, nether, minecraft:soul_sand_valley, MONSTER, mocreatures:firemanticore, 10, 1, 3
5205, nether, minecraft:soul_sand_valley, MONSTER, mocreatures:firescorpion, 10, 1, 3
5206, nether, minecraft:soul_sand_valley, MONSTER, mocreatures:horsemob, 10, 1, 3
5207, nether, minecraft:soul_sand_valley, MONSTER, fantasyfauna:possessed_armor, 20, 1, 1
5208, nether, minecraft:soul_sand_valley, MONSTER, creatures_expanded:prosperisher_zombie, 50, 1, 2
5209, nether, minecraft:soul_sand_valley, MONSTER, ddenizens:shadow, 15, 1, 1
5210, nether, minecraft:soul_sand_valley, MONSTER, creatures_expanded:shadowfiend, 35, 1, 2
5211, nether, minecraft:soul_sand_valley, MONSTER, mobz:lava_golem, 10, 1, 1
5212, nether, minecraft:soul_sand_valley, MONSTER, mobz:nether_skeleton, 10, 1, 2
5213, nether, minecraft:soul_sand_valley, MONSTER, mobz:nether_wolf, 10, 1, 3
5214, nether, minecraft:soul_sand_valley, MONSTER, mobz:pigman, 10, 2, 3
5215, nether, minecraft:soul_sand_valley, MONSTER, mobz:soul_creeper, 10, 1, 2
5216, nether, minecraft:soul_sand_valley, MONSTER, mobz:wither_blaze, 10, 1, 3
5217, nether, minecraft:soul_sand_valley, MONSTER, specialmobs:endercreeper, 10, 4, 4
5218, nether, minecraft:soul_sand_valley, MONSTER, specialmobs:firecreeper, 10, 4, 4
5219, nether, minecraft:soul_sand_valley, MONSTER, specialmobs:firezombie, 10, 4, 4
5220, nether, minecraft:soul_sand_valley, MONSTER, specialmobs:firespider, 10, 4, 4
5221, nether, minecraft:soul_sand_valley, MONSTER, creatures_expanded:tremorgue, 25, 1, 2
5222, nether, minecraft:soul_sand_valley, MONSTER, creatures_expanded:undead_necromancer, 35, 1, 1
5223, nether, minecraft:soul_sand_valley, MONSTER, specialmobs:bruteskeleton, 70, 1, 1
5224, nether, minecraft:soul_sand_valley, MONSTER, specialmobs:gatlingskeleton, 70, 1, 1
5225, nether, minecraft:soul_sand_valley, MONSTER, specialmobs:knightskeleton, 70, 1, 1
5226, nether, minecraft:soul_sand_valley, MONSTER, specialmobs:ninjaskeleton, 70, 1, 1
5227, nether, minecraft:soul_sand_valley, MONSTER, specialmobs:sniperskeleton, 70, 1, 1
5228, nether, minecraft:soul_sand_valley, MONSTER, specialmobs:brutezombie, 70, 1, 1
5229, nether, minecraft:soul_sand_valley, MONSTER, specialmobs:plaguezombie, 70, 1, 1
5230, nether, minecraft:soul_sand_valley, MONSTER, specialmobs:fishingzombie, 70, 1, 1
5231, nether, minecraft:soul_sand_valley, MONSTER, specialmobs:hungryzombie, 70, 1, 1
5232, nether, minecraft:soul_sand_valley, MONSTER, specialmobs:minicreeper, 40, 1, 1
5233, nether, minecraft:soul_sand_valley, AMBIENT, pumpeddesertremake:goodskeleton, 10, 4, 4
5234, nether, minecraft:soul_sand_valley, AMBIENT, pumpeddesertremake:soul_sand_storm, 10, 4, 4
5235, nether, minecraft:soul_sand_valley, AMBIENT, pumpeddesertremake:wither_good_skeleton, 10, 1, 1
5236, jungle, minecraft:sparse_jungle, MONSTER, creatures_expanded:abomination, 20, 1, 1
5237, jungle, minecraft:sparse_jungle, MONSTER, knights:archer, 40, 2, 3
5238, jungle, minecraft:sparse_jungle, MONSTER, ddenizens:beholder, 10, 1, 1
5239, jungle, minecraft:sparse_jungle, MONSTER, creatures_expanded:brood_spider, 35, 1, 1
5240, jungle, minecraft:sparse_jungle, MONSTER, threateningly_mobs:cave_hunter, 12, 1, 1
5241, jungle, minecraft:sparse_jungle, MONSTER, creatures_expanded:crumbling_skeleton, 50, 1, 1
5242, jungle, minecraft:sparse_jungle, MONSTER, creatures_expanded:crystalline_golem, 20, 1, 1
5243, jungle, minecraft:sparse_jungle, MONSTER, creatures_expanded:crystalline_spider, 45, 1, 3
5244, jungle, minecraft:sparse_jungle, MONSTER, ddenizens:daemon, 10, 1, 1
5245, jungle, minecraft:sparse_jungle, MONSTER, ddenizens:death_tyrant, 10, 1, 1
5246, jungle, minecraft:sparse_jungle, MONSTER, threateningly_mobs:elite_zombie_warrior, 10, 1, 2
5247, jungle, minecraft:sparse_jungle, MONSTER, creatures_expanded:embersmog, 40, 1, 3
5248, jungle, minecraft:sparse_jungle, MONSTER, ddenizens:fossilized_skeleton, 25, 1, 2
5249, jungle, minecraft:sparse_jungle, MONSTER, creatures_expanded:fungal_ghoul, 60, 1, 2
5250, jungle, minecraft:sparse_jungle, MONSTER, creatures_expanded:gargoyle, 50, 1, 3
5251, jungle, minecraft:sparse_jungle, MONSTER, ddenizens:gazer, 25, 1, 1
5252, jungle, minecraft:sparse_jungle, MONSTER, ddenizens:ghoul, 25, 1, 1
5253, jungle, minecraft:sparse_jungle, MONSTER, creatures_expanded:gloomknight, 5, 1, 1
5254, jungle, minecraft:sparse_jungle, MONSTER, creatures_expanded:gloomweaver, 30, 1, 2
5255, jungle, minecraft:sparse_jungle, MONSTER, creatures_expanded:gnasheart, 60, 1, 4
5256, jungle, minecraft:sparse_jungle, MONSTER, creatures_expanded:graven, 36, 3, 5
5257, jungle, minecraft:sparse_jungle, MONSTER, ddenizens:headless, 40, 1, 1
5258, jungle, minecraft:sparse_jungle, MONSTER, knights:heavyknight, 40, 1, 1
5259, jungle, minecraft:sparse_jungle, MONSTER, ddenizens:iron_skeleton, 15, 1, 1
5260, jungle, minecraft:sparse_jungle, MONSTER, knights:knight, 50, 3, 5
5261, jungle, minecraft:sparse_jungle, MONSTER, threateningly_mobs:lich_re, 10, 1, 1
5262, jungle, minecraft:sparse_jungle, MONSTER, ddenizens:magma_skeleton, 40, 1, 1
5263, jungle, minecraft:sparse_jungle, MONSTER, creatures_expanded:miststalker, 40, 1, 1
5264, jungle, minecraft:sparse_jungle, MONSTER, mocreatures:dirtscorpion, 10, 1, 3
5265, jungle, minecraft:sparse_jungle, MONSTER, mocreatures:cavescorpion, 50, 1, 3
5266, jungle, minecraft:sparse_jungle, MONSTER, threateningly_mobs:moon_priest, 10, 1, 1
5267, jungle, minecraft:sparse_jungle, MONSTER, fantasyfauna:mushcap_glowing, 50, 2, 4
5268, jungle, minecraft:sparse_jungle, MONSTER, knights:noble, 50, 1, 1
5269, jungle, minecraft:sparse_jungle, MONSTER, ddenizens:orc, 35, 1, 1
5270, jungle, minecraft:sparse_jungle, MONSTER, threateningly_mobs:ore_drill, 32, 1, 1
5271, jungle, minecraft:sparse_jungle, MONSTER, mobz:tank_zombie, 10, 1, 1
5272, jungle, minecraft:sparse_jungle, MONSTER, knights:peasant, 60, 2, 3
5273, jungle, minecraft:sparse_jungle, MONSTER, fantasyfauna:possessed_armor, 20, 1, 1
5274, jungle, minecraft:sparse_jungle, MONSTER, creatures_expanded:prosperisher_zombie, 50, 1, 2
5275, jungle, minecraft:sparse_jungle, MONSTER, ddenizens:shadow, 30, 1, 1
5276, jungle, minecraft:sparse_jungle, MONSTER, creatures_expanded:shadowfiend, 35, 1, 2
5277, jungle, minecraft:sparse_jungle, MONSTER, ddenizens:shadowlord, 15, 1, 1
5278, jungle, minecraft:sparse_jungle, MONSTER, creatures_expanded:shroomarauder, 40, 1, 4
5279, jungle, minecraft:sparse_jungle, MONSTER, ddenizens:skeleton_warrior, 50, 1, 2
5280, jungle, minecraft:sparse_jungle, MONSTER, mobz:armored_zombie, 70, 1, 1
5281, jungle, minecraft:sparse_jungle, MONSTER, mobz:blue_spider, 20, 2, 3
5282, jungle, minecraft:sparse_jungle, MONSTER, mobz:bowman, 50, 1, 2
5283, jungle, minecraft:sparse_jungle, MONSTER, mobz:cookie_creeper, 10, 1, 2
5284, jungle, minecraft:sparse_jungle, MONSTER, mobz:dwarf, 10, 1, 1
5285, jungle, minecraft:sparse_jungle, MONSTER, mobz:fast_zombie, 70, 1, 1
5286, jungle, minecraft:sparse_jungle, MONSTER, mobz:honey_slime, 10, 1, 1
5287, jungle, minecraft:sparse_jungle, MONSTER, mobz:iron_steve, 30, 1, 1
5288, jungle, minecraft:sparse_jungle, MONSTER, mobz:lost_skeleton, 70, 1, 1
5289, jungle, minecraft:sparse_jungle, MONSTER, mobz:overgrown_skeleton, 15, 2, 4
5290, jungle, minecraft:sparse_jungle, MONSTER, mobz:purple_spider, 15, 1, 4
5291, jungle, minecraft:sparse_jungle, MONSTER, mobz:tank_zombie, 30, 1, 2
5292, jungle, minecraft:sparse_jungle, MONSTER, mobz:templar, 40, 1, 1
5293, jungle, minecraft:sparse_jungle, MONSTER, mobz:warrior, 10, 1, 2
5294, jungle, minecraft:sparse_jungle, MONSTER, mobz:zombie_mage, 70, 1, 1
5295, jungle, minecraft:sparse_jungle, MONSTER, specialmobs:endercreeper, 10, 1, 4
5296, jungle, minecraft:sparse_jungle, MONSTER, ddenizens:spectator, 25, 1, 1
5297, jungle, minecraft:sparse_jungle, MONSTER, creatures_expanded:tremorgue, 25, 1, 2
5298, jungle, minecraft:sparse_jungle, MONSTER, creatures_expanded:undead_necromancer, 35, 1, 1
5299, jungle, minecraft:sparse_jungle, MONSTER, ddenizens:winged_skeleton, 70, 1, 1
5300, jungle, minecraft:sparse_jungle, MONSTER, specialmobs:giantskeleton, 70, 1, 1
5301, jungle, minecraft:sparse_jungle, MONSTER, mocreatures:biggolem, 20, 1, 1
5302, jungle, minecraft:sparse_jungle, MONSTER, mobz:small_zombie, 70, 1, 1
5303, jungle, minecraft:sparse_jungle, MONSTER, mocreatures:minigolem, 40, 1, 1
5304, jungle, minecraft:sparse_jungle, MONSTER, mocreatures:darkmanticore, 50, 1, 1
5305, jungle, minecraft:sparse_jungle, MONSTER, mocreatures:undeadscorpion, 50, 1, 1
5306, jungle, minecraft:sparse_jungle, MONSTER, mocreatures:silverskeleton, 70, 1, 1
5307, jungle, minecraft:sparse_jungle, MONSTER, mobz:bigboss, 50, 1, 1
5308, jungle, minecraft:sparse_jungle, MONSTER, specialmobs:bruteskeleton, 70, 1, 1
5309, jungle, minecraft:sparse_jungle, MONSTER, specialmobs:gatlingskeleton, 70, 1, 1
5310, jungle, minecraft:sparse_jungle, MONSTER, specialmobs:knightskeleton, 70, 1, 1
5311, jungle, minecraft:sparse_jungle, MONSTER, specialmobs:ninjaskeleton, 70, 1, 1
5312, jungle, minecraft:sparse_jungle, MONSTER, specialmobs:sniperskeleton, 70, 1, 1
5313, jungle, minecraft:sparse_jungle, MONSTER, specialmobs:brutezombie, 70, 1, 1
5314, jungle, minecraft:sparse_jungle, MONSTER, specialmobs:plaguezombie, 70, 1, 1
5315, jungle, minecraft:sparse_jungle, MONSTER, specialmobs:fishingzombie, 70, 1, 1
5316, jungle, minecraft:sparse_jungle, MONSTER, specialmobs:hungryzombie, 70, 1, 1
5317, jungle, minecraft:sparse_jungle, MONSTER, specialmobs:minicreeper, 40, 1, 1
5318, jungle, minecraft:sparse_jungle, CREATURE, cold_sweat:chameleon, 35, 1, 1
5319, jungle, minecraft:sparse_jungle, CREATURE, iceandfire:amphithere, 50, 1, 3
5320, jungle, minecraft:sparse_jungle, CREATURE, mocreatures:bird, 16, 2, 3
5321, jungle, minecraft:sparse_jungle, CREATURE, mocreatures:tiger, 10, 1, 2
5322, jungle, minecraft:sparse_jungle, CREATURE, mocreatures:leopard, 10, 1, 2
5323, jungle, minecraft:sparse_jungle, CREATURE, mocreatures:panther, 10, 1, 2
5324, jungle, minecraft:sparse_jungle, CREATURE, mocreatures:elephant, 10, 1, 2
5325, jungle, minecraft:sparse_jungle, CREATURE, mocreatures:snake, 14, 1, 2
5326, jungle, minecraft:sparse_jungle, CREATURE, mocreatures:pandabear, 10, 1, 3
5327, jungle, minecraft:sparse_jungle, CREATURE, mobz:brown_bear, 30, 2, 3
5328, jungle, minecraft:sparse_jungle, CREATURE, mobz:dirty_boar, 10, 1, 3
5329, jungle, minecraft:sparse_jungle, CREATURE, mobz:fiora, 10, 1, 1
5330, jungle, minecraft:sparse_jungle, CREATURE, mobz:golden_chicken, 10, 1, 2
5331, jungle, minecraft:sparse_jungle, CREATURE, mobz:katherine, 10, 1, 1
5332, jungle, minecraft:sparse_jungle, CREATURE, mobz:wild_boar, 10, 2, 4
5333, jungle, minecraft:sparse_jungle, AMBIENT, ddenizens:boulder, 35, 1, 1
5334, jungle, minecraft:sparse_jungle, AMBIENT, mocreatures:snail, 10, 1, 2
5335, jungle, minecraft:sparse_jungle, AMBIENT, mocreatures:bee, 10, 1, 2
5336, jungle, minecraft:sparse_jungle, AMBIENT, mocreatures:firefly, 10, 1, 2
5337, jungle, minecraft:sparse_jungle, AMBIENT, mocreatures:dragonfly, 10, 1, 2
5338, jungle, minecraft:sparse_jungle, AMBIENT, mocreatures:roach, 10, 1, 2
5339, jungle, minecraft:sparse_jungle, AMBIENT, mocreatures:butterfly, 12, 1, 4
5340, jungle, minecraft:sparse_jungle, AMBIENT, mocreatures:ant, 12, 1, 4
5341, jungle, minecraft:sparse_jungle, AMBIENT, mocreatures:grasshopper, 10, 1, 2
5342, jungle, minecraft:sparse_jungle, AMBIENT, mocreatures:cricket, 10, 1, 2
5343, jungle, minecraft:sparse_jungle, AMBIENT, mobz:tiny_spider, 10, 1, 1
5344, jungle, minecraft:sparse_jungle, AMBIENT, fantasyfauna:wisp, 60, 1, 2
5345, jungle, minecraft:sparse_jungle, WATER_CREATURE, mocreatures:angelfish, 12, 1, 6
5346, jungle, minecraft:sparse_jungle, WATER_CREATURE, mocreatures:piranha, 50, 1, 3
5347, none, threateningly_mobs:star_desert, MONSTER, creatures_expanded:abomination, 20, 1, 1
5348, none, threateningly_mobs:star_desert, MONSTER, alexsmobs:farseer, 30, 1, 1
5349, none, threateningly_mobs:star_desert, MONSTER, born_in_chaos_v1:baby_skeleton, 25, 1, 2
5350, none, threateningly_mobs:star_desert, MONSTER, born_in_chaos_v1:baby_spider, 16, 3, 5
5351, none, threateningly_mobs:star_desert, MONSTER, born_in_chaos_v1:barrel_zombie, 25, 1, 1
5352, none, threateningly_mobs:star_desert, MONSTER, quark:stoneling, 80, 1, 1
5353, none, threateningly_mobs:star_desert, MONSTER, quark:toretoise, 80, 2, 4
5354, none, threateningly_mobs:star_desert, MONSTER, born_in_chaos_v1:bloody_gadfly, 15, 1, 1
5355, none, threateningly_mobs:star_desert, MONSTER, ophidiophobia:bone_snake, 25, 2, 4
5356, none, threateningly_mobs:star_desert, MONSTER, born_in_chaos_v1:bonescaller, 11, 1, 1
5357, none, threateningly_mobs:star_desert, MONSTER, creatures_expanded:brood_spider, 35, 1, 1
5358, none, threateningly_mobs:star_desert, MONSTER, lummobs:cacus, 10, 1, 4
5359, none, threateningly_mobs:star_desert, MONSTER, lummobs:cannon_head, 3, 1, 1
5360, none, threateningly_mobs:star_desert, MONSTER, born_in_chaos_v1:corpse_fly, 12, 1, 3
5361, none, threateningly_mobs:star_desert, MONSTER, creatures_expanded:crumbling_skeleton, 55, 1, 3
5362, none, threateningly_mobs:star_desert, MONSTER, creatures_expanded:crystalline_golem, 20, 1, 1
5363, none, threateningly_mobs:star_desert, MONSTER, creatures_expanded:crystalline_spider, 45, 1, 3
5364, none, threateningly_mobs:star_desert, MONSTER, born_in_chaos_v1:dark_vortex, 14, 1, 1
5365, none, threateningly_mobs:star_desert, MONSTER, born_in_chaos_v1:decaying_zombie, 30, 1, 1
5366, none, threateningly_mobs:star_desert, MONSTER, born_in_chaos_v1:decrepit_skeleton, 20, 1, 1
5367, none, threateningly_mobs:star_desert, MONSTER, vvariants_of_titans:diabloni, 35, 1, 3
5368, none, threateningly_mobs:star_desert, MONSTER, born_in_chaos_v1:dire_hound_leader, 4, 1, 1
5369, none, threateningly_mobs:star_desert, MONSTER, born_in_chaos_v1:door_knight, 13, 1, 1
5370, none, threateningly_mobs:star_desert, MONSTER, born_in_chaos_v1:dread_hound, 15, 3, 5
5371, none, threateningly_mobs:star_desert, MONSTER, creatures_expanded:embersmog, 40, 1, 3
5372, none, threateningly_mobs:star_desert, MONSTER, born_in_chaos_v1:fallen_chaos_knight, 5, 1, 1
5373, none, threateningly_mobs:star_desert, MONSTER, creatures_expanded:fungal_ghoul, 60, 1, 2
5374, none, threateningly_mobs:star_desert, MONSTER, creatures_expanded:gargoyle, 50, 1, 3
5375, none, threateningly_mobs:star_desert, MONSTER, creatures_expanded:gloomknight, 15, 1, 1
5376, none, threateningly_mobs:star_desert, MONSTER, creatures_expanded:gloomweaver, 30, 1, 2
5377, none, threateningly_mobs:star_desert, MONSTER, creatures_expanded:gnasheart, 60, 1, 4
5378, none, threateningly_mobs:star_desert, MONSTER, creatures_expanded:graven, 36, 3, 5
5379, none, threateningly_mobs:star_desert, MONSTER, born_in_chaos_v1:krampus, 2, 1, 1
5380, none, threateningly_mobs:star_desert, MONSTER, born_in_chaos_v1:krampus_henchman, 9, 2, 3
5381, none, threateningly_mobs:star_desert, MONSTER, born_in_chaos_v1:lifestealer, 3, 1, 1
5382, none, threateningly_mobs:star_desert, MONSTER, aam:metalplate_wanderer, 20, 1, 1
5383, none, threateningly_mobs:star_desert, MONSTER, born_in_chaos_v1:missioner, 4, 1, 1
5384, none, threateningly_mobs:star_desert, MONSTER, creatures_expanded:miststalker, 40, 1, 1
5385, none, threateningly_mobs:star_desert, MONSTER, from_hell_rewritten:molotov_creeper, 45, 1, 1
5386, none, threateningly_mobs:star_desert, MONSTER, born_in_chaos_v1:mother_spider, 15, 1, 1
5387, none, threateningly_mobs:star_desert, MONSTER, mowziesmobs:grottol, 2, 1, 1
5388, none, threateningly_mobs:star_desert, MONSTER, born_in_chaos_v1:mr_pumpkin, 15, 1, 3
5389, none, threateningly_mobs:star_desert, MONSTER, born_in_chaos_v1:mrs_pumpkin, 13, 1, 1
5390, none, threateningly_mobs:star_desert, MONSTER, born_in_chaos_v1:nightmare_stalker, 4, 1, 1
5391, none, threateningly_mobs:star_desert, MONSTER, vvariants_of_titans:parah, 55, 1, 4
5392, none, threateningly_mobs:star_desert, MONSTER, born_in_chaos_v1:phantom_creeper, 8, 1, 1
5393, none, threateningly_mobs:star_desert, MONSTER, aam:possessed_sword, 50, 1, 2
5394, none, threateningly_mobs:star_desert, MONSTER, creatures_expanded:prosperisher_zombie, 50, 1, 2
5395, none, threateningly_mobs:star_desert, MONSTER, born_in_chaos_v1:pumpkin_bruiser, 10, 1, 1
5396, none, threateningly_mobs:star_desert, MONSTER, lummobs:purpleguy, 5, 1, 1
5397, none, threateningly_mobs:star_desert, MONSTER, born_in_chaos_v1:restless_spirit, 20, 1, 1
5398, none, threateningly_mobs:star_desert, MONSTER, vvariants_of_titans:rzombs, 15, 1, 1
5399, none, threateningly_mobs:star_desert, MONSTER, born_in_chaos_v1:senor_pumpkin, 10, 1, 2
5400, none, threateningly_mobs:star_desert, MONSTER, creatures_expanded:shadowfiend, 35, 1, 2
5401, none, threateningly_mobs:star_desert, MONSTER, born_in_chaos_v1:siamese_skeletons, 16, 1, 1
5402, none, threateningly_mobs:star_desert, MONSTER, born_in_chaos_v1:sir_pumpkinhead, 4, 1, 1
5403, none, threateningly_mobs:star_desert, MONSTER, born_in_chaos_v1:skeleton_demoman, 12, 1, 1
5404, none, threateningly_mobs:star_desert, MONSTER, born_in_chaos_v1:skeleton_thrasher, 8, 1, 1
5405, none, threateningly_mobs:star_desert, MONSTER, lummobs:slabturtle_2, 15, 1, 3
5406, none, threateningly_mobs:star_desert, MONSTER, born_in_chaos_v1:spirit_guide_assistant, 9, 2, 2
5407, none, threateningly_mobs:star_desert, MONSTER, born_in_chaos_v1:spirit_guide, 16, 1, 1
5408, none, threateningly_mobs:star_desert, MONSTER, born_in_chaos_v1:spiritof_chaos, 8, 1, 1
5409, none, threateningly_mobs:star_desert, MONSTER, born_in_chaos_v1:supreme_bonescaller, 1, 1, 1
5410, none, threateningly_mobs:star_desert, MONSTER, born_in_chaos_v1:swarmer, 11, 1, 1
5411, none, threateningly_mobs:star_desert, MONSTER, creatures_expanded:tremorgue, 25, 1, 2
5412, none, threateningly_mobs:star_desert, MONSTER, creatures_expanded:undead_necromancer, 35, 1, 1
5413, none, threateningly_mobs:star_desert, MONSTER, born_in_chaos_v1:zombie_bruiser, 16, 1, 1
5414, none, threateningly_mobs:star_desert, MONSTER, born_in_chaos_v1:zombie_clown, 8, 1, 1
5415, none, threateningly_mobs:star_desert, MONSTER, born_in_chaos_v1:zombie_fisherman, 30, 1, 1
5416, none, threateningly_mobs:star_desert, MONSTER, born_in_chaos_v1:zombie_lumberjack, 25, 1, 1
5417, none, threateningly_mobs:star_desert, MONSTER, zombie_mobs:zombiechicken, 20, 4, 6
5418, none, threateningly_mobs:star_desert, MONSTER, zombie_mobs:zombiecow, 20, 4, 4
5419, none, threateningly_mobs:star_desert, MONSTER, zombie_mobs:zombiepig, 20, 3, 3
5420, none, threateningly_mobs:star_desert, CREATURE, born_in_chaos_v1:thornshell_crab, 8, 1, 1
5421, none, threateningly_mobs:star_desert, WATER_CREATURE, born_in_chaos_v1:corpse_fish, 7, 3, 5
5422, none, threateningly_mobs:star_desert, WATER_CREATURE, born_in_chaos_v1:glutton_fish, 2, 1, 1
5423, extreme_hills, minecraft:stony_peaks, MONSTER, creatures_expanded:abomination, 20, 1, 1
5424, extreme_hills, minecraft:stony_peaks, MONSTER, knights:archer, 40, 2, 3
5425, extreme_hills, minecraft:stony_peaks, MONSTER, ddenizens:beholder, 10, 1, 1
5426, extreme_hills, minecraft:stony_peaks, MONSTER, creatures_expanded:brood_spider, 35, 1, 1
5427, extreme_hills, minecraft:stony_peaks, MONSTER, threateningly_mobs:cave_hunter, 12, 1, 1
5428, extreme_hills, minecraft:stony_peaks, MONSTER, creatures_expanded:crumbling_skeleton, 50, 1, 1
5429, extreme_hills, minecraft:stony_peaks, MONSTER, creatures_expanded:crystalline_golem, 20, 1, 1
5430, extreme_hills, minecraft:stony_peaks, MONSTER, creatures_expanded:crystalline_spider, 45, 1, 3
5431, extreme_hills, minecraft:stony_peaks, MONSTER, ddenizens:daemon, 10, 1, 1
5432, extreme_hills, minecraft:stony_peaks, MONSTER, ddenizens:death_tyrant, 10, 1, 1
5433, extreme_hills, minecraft:stony_peaks, MONSTER, threateningly_mobs:elite_zombie_warrior, 10, 1, 2
5434, extreme_hills, minecraft:stony_peaks, MONSTER, creatures_expanded:embersmog, 40, 1, 3
5435, extreme_hills, minecraft:stony_peaks, MONSTER, ddenizens:fossilized_skeleton, 25, 1, 2
5436, extreme_hills, minecraft:stony_peaks, MONSTER, creatures_expanded:fungal_ghoul, 60, 1, 2
5437, extreme_hills, minecraft:stony_peaks, MONSTER, creatures_expanded:gargoyle, 50, 1, 3
5438, extreme_hills, minecraft:stony_peaks, MONSTER, ddenizens:gazer, 25, 1, 1
5439, extreme_hills, minecraft:stony_peaks, MONSTER, ddenizens:ghoul, 25, 1, 1
5440, extreme_hills, minecraft:stony_peaks, MONSTER, creatures_expanded:gloomknight, 5, 1, 1
5441, extreme_hills, minecraft:stony_peaks, MONSTER, creatures_expanded:gloomweaver, 30, 1, 2
5442, extreme_hills, minecraft:stony_peaks, MONSTER, creatures_expanded:gnasheart, 60, 1, 4
5443, extreme_hills, minecraft:stony_peaks, MONSTER, creatures_expanded:graven, 36, 3, 5
5444, extreme_hills, minecraft:stony_peaks, MONSTER, ddenizens:headless, 40, 1, 1
5445, extreme_hills, minecraft:stony_peaks, MONSTER, knights:heavyknight, 40, 1, 1
5446, extreme_hills, minecraft:stony_peaks, MONSTER, iceandfire:troll, 40, 1, 3
5447, extreme_hills, minecraft:stony_peaks, MONSTER, ddenizens:iron_skeleton, 15, 1, 1
5448, extreme_hills, minecraft:stony_peaks, MONSTER, knights:knight, 50, 3, 5
5449, extreme_hills, minecraft:stony_peaks, MONSTER, threateningly_mobs:lich_re, 10, 1, 1
5450, extreme_hills, minecraft:stony_peaks, MONSTER, ddenizens:magma_skeleton, 40, 1, 1
5451, extreme_hills, minecraft:stony_peaks, MONSTER, creatures_expanded:miststalker, 40, 1, 1
5452, extreme_hills, minecraft:stony_peaks, MONSTER, mocreatures:biggolem, 10, 1, 1
5453, extreme_hills, minecraft:stony_peaks, MONSTER, mocreatures:dirtscorpion, 10, 1, 3
5454, extreme_hills, minecraft:stony_peaks, MONSTER, mocreatures:minigolem, 40, 1, 1
5455, extreme_hills, minecraft:stony_peaks, MONSTER, mocreatures:caveogre, 50, 1, 2
5456, extreme_hills, minecraft:stony_peaks, MONSTER, mocreatures:plainmanticore, 50, 1, 1
5457, extreme_hills, minecraft:stony_peaks, MONSTER, mocreatures:darkmanticore, 50, 1, 3
5458, extreme_hills, minecraft:stony_peaks, MONSTER, mocreatures:cavescorpion, 50, 1, 3
5459, extreme_hills, minecraft:stony_peaks, MONSTER, threateningly_mobs:moon_priest, 10, 1, 1
5460, extreme_hills, minecraft:stony_peaks, MONSTER, fantasyfauna:mushcap_glowing, 50, 2, 4
5461, extreme_hills, minecraft:stony_peaks, MONSTER, knights:noble, 50, 1, 1
5462, extreme_hills, minecraft:stony_peaks, MONSTER, ddenizens:orc, 35, 1, 1
5463, extreme_hills, minecraft:stony_peaks, MONSTER, threateningly_mobs:ore_drill, 32, 1, 1
5464, extreme_hills, minecraft:stony_peaks, MONSTER, mobz:tank_zombie, 10, 1, 1
5465, extreme_hills, minecraft:stony_peaks, MONSTER, knights:peasant, 60, 2, 3
5466, extreme_hills, minecraft:stony_peaks, MONSTER, fantasyfauna:possessed_armor, 20, 1, 1
5467, extreme_hills, minecraft:stony_peaks, MONSTER, creatures_expanded:prosperisher_zombie, 50, 1, 2
5468, extreme_hills, minecraft:stony_peaks, MONSTER, threateningly_mobs:sandworm, 15, 1, 1
5469, extreme_hills, minecraft:stony_peaks, MONSTER, ddenizens:shadow, 30, 1, 1
5470, extreme_hills, minecraft:stony_peaks, MONSTER, creatures_expanded:shadowfiend, 35, 1, 2
5471, extreme_hills, minecraft:stony_peaks, MONSTER, ddenizens:shadowlord, 15, 1, 1
5472, extreme_hills, minecraft:stony_peaks, MONSTER, ddenizens:skeleton_warrior, 50, 1, 2
5473, extreme_hills, minecraft:stony_peaks, MONSTER, specialmobs:endercreeper, 10, 1, 4
5474, extreme_hills, minecraft:stony_peaks, MONSTER, ddenizens:spectator, 25, 1, 1
5475, extreme_hills, minecraft:stony_peaks, MONSTER, creatures_expanded:tremorgue, 25, 1, 2
5476, extreme_hills, minecraft:stony_peaks, MONSTER, creatures_expanded:undead_necromancer, 35, 1, 1
5477, extreme_hills, minecraft:stony_peaks, MONSTER, ddenizens:winged_skeleton, 70, 1, 1
5478, extreme_hills, minecraft:stony_peaks, MONSTER, specialmobs:giantskeleton, 70, 1, 1
5479, extreme_hills, minecraft:stony_peaks, MONSTER, mobz:small_zombie, 70, 1, 1
5480, extreme_hills, minecraft:stony_peaks, MONSTER, mocreatures:undeadscorpion, 50, 1, 1
5481, extreme_hills, minecraft:stony_peaks, MONSTER, mobz:zombie_mage, 70, 1, 1
5482, extreme_hills, minecraft:stony_peaks, MONSTER, mocreatures:silverskeleton, 70, 1, 1
5483, extreme_hills, minecraft:stony_peaks, MONSTER, mobz:bigboss, 50, 1, 1
5484, extreme_hills, minecraft:stony_peaks, MONSTER, specialmobs:bruteskeleton, 70, 1, 1
5485, extreme_hills, minecraft:stony_peaks, MONSTER, specialmobs:gatlingskeleton, 70, 1, 1
5486, extreme_hills, minecraft:stony_peaks, MONSTER, specialmobs:knightskeleton, 70, 1, 1
5487, extreme_hills, minecraft:stony_peaks, MONSTER, specialmobs:ninjaskeleton, 70, 1, 1
5488, extreme_hills, minecraft:stony_peaks, MONSTER, specialmobs:sniperskeleton, 70, 1, 1
5489, extreme_hills, minecraft:stony_peaks, MONSTER, specialmobs:brutezombie, 70, 1, 1
5490, extreme_hills, minecraft:stony_peaks, MONSTER, specialmobs:plaguezombie, 70, 1, 1
5491, extreme_hills, minecraft:stony_peaks, MONSTER, specialmobs:fishingzombie, 70, 1, 1
5492, extreme_hills, minecraft:stony_peaks, MONSTER, specialmobs:hungryzombie, 70, 1, 1
5493, extreme_hills, minecraft:stony_peaks, MONSTER, specialmobs:minicreeper, 40, 1, 1
5494, extreme_hills, minecraft:stony_peaks, CREATURE, iceandfire:hippogryph, 60, 1, 1
5495, extreme_hills, minecraft:stony_peaks, AMBIENT, ddenizens:boulder, 35, 1, 1
5496, extreme_hills, minecraft:stony_peaks, AMBIENT, mocreatures:roach, 10, 1, 2
5497, extreme_hills, minecraft:stony_peaks, AMBIENT, mocreatures:ant, 12, 1, 4
5498, none, minecraft:stony_shore, MONSTER, creatures_expanded:abomination, 20, 1, 1
5499, none, minecraft:stony_shore, MONSTER, knights:archer, 40, 2, 3
5500, none, minecraft:stony_shore, MONSTER, ddenizens:beholder, 10, 1, 1
5501, none, minecraft:stony_shore, MONSTER, creatures_expanded:brood_spider, 35, 1, 1
5502, none, minecraft:stony_shore, MONSTER, threateningly_mobs:cave_hunter, 12, 1, 1
5503, none, minecraft:stony_shore, MONSTER, creatures_expanded:crumbling_skeleton, 50, 1, 1
5504, none, minecraft:stony_shore, MONSTER, creatures_expanded:crystalline_golem, 20, 1, 1
5505, none, minecraft:stony_shore, MONSTER, creatures_expanded:crystalline_spider, 45, 1, 3
5506, none, minecraft:stony_shore, MONSTER, ddenizens:daemon, 10, 1, 1
5507, none, minecraft:stony_shore, MONSTER, ddenizens:death_tyrant, 10, 1, 1
5508, none, minecraft:stony_shore, MONSTER, threateningly_mobs:dracoscorpius, 40, 1, 2
5509, none, minecraft:stony_shore, MONSTER, threateningly_mobs:elite_zombie_warrior, 10, 1, 2
5510, none, minecraft:stony_shore, MONSTER, creatures_expanded:embersmog, 40, 1, 3
5511, none, minecraft:stony_shore, MONSTER, ddenizens:fossilized_skeleton, 25, 1, 2
5512, none, minecraft:stony_shore, MONSTER, creatures_expanded:fungal_ghoul, 60, 1, 2
5513, none, minecraft:stony_shore, MONSTER, creatures_expanded:gargoyle, 50, 1, 3
5514, none, minecraft:stony_shore, MONSTER, ddenizens:gazer, 25, 1, 1
5515, none, minecraft:stony_shore, MONSTER, ddenizens:ghoul, 25, 1, 1
5516, none, minecraft:stony_shore, MONSTER, creatures_expanded:gloomknight, 5, 1, 1
5517, none, minecraft:stony_shore, MONSTER, creatures_expanded:gloomweaver, 30, 1, 2
5518, none, minecraft:stony_shore, MONSTER, creatures_expanded:gnasheart, 60, 1, 4
5519, none, minecraft:stony_shore, MONSTER, creatures_expanded:graven, 36, 3, 5
5520, none, minecraft:stony_shore, MONSTER, ddenizens:headless, 40, 1, 1
5521, none, minecraft:stony_shore, MONSTER, knights:heavyknight, 40, 1, 1
5522, none, minecraft:stony_shore, MONSTER, ddenizens:iron_skeleton, 15, 1, 1
5523, none, minecraft:stony_shore, MONSTER, knights:knight, 50, 3, 5
5524, none, minecraft:stony_shore, MONSTER, threateningly_mobs:lich_re, 10, 1, 1
5525, none, minecraft:stony_shore, MONSTER, ddenizens:magma_skeleton, 40, 1, 1
5526, none, minecraft:stony_shore, MONSTER, creatures_expanded:miststalker, 40, 1, 1
5527, none, minecraft:stony_shore, MONSTER, threateningly_mobs:moon_priest, 10, 1, 1
5528, none, minecraft:stony_shore, MONSTER, fantasyfauna:mushcap_glowing, 50, 2, 4
5529, none, minecraft:stony_shore, MONSTER, knights:noble, 50, 1, 1
5530, none, minecraft:stony_shore, MONSTER, ddenizens:orc, 35, 1, 1
5531, none, minecraft:stony_shore, MONSTER, threateningly_mobs:ore_drill, 32, 1, 1
5532, none, minecraft:stony_shore, MONSTER, mobz:tank_zombie, 10, 1, 1
5533, none, minecraft:stony_shore, MONSTER, knights:peasant, 60, 2, 3
5534, none, minecraft:stony_shore, MONSTER, fantasyfauna:possessed_armor, 20, 1, 1
5535, none, minecraft:stony_shore, MONSTER, creatures_expanded:prosperisher_zombie, 50, 1, 2
5536, none, minecraft:stony_shore, MONSTER, threateningly_mobs:sandworm, 15, 1, 1
5537, none, minecraft:stony_shore, MONSTER, ddenizens:shadow, 30, 1, 1
5538, none, minecraft:stony_shore, MONSTER, creatures_expanded:shadowfiend, 35, 1, 2
5539, none, minecraft:stony_shore, MONSTER, ddenizens:shadowlord, 15, 1, 1
5540, none, minecraft:stony_shore, MONSTER, ddenizens:skeleton_warrior, 50, 1, 2
5541, none, minecraft:stony_shore, MONSTER, mobz:armored_zombie, 70, 1, 1
5542, none, minecraft:stony_shore, MONSTER, mobz:blue_spider, 20, 2, 3
5543, none, minecraft:stony_shore, MONSTER, mobz:bowman, 50, 1, 2
5544, none, minecraft:stony_shore, MONSTER, mobz:dwarf, 10, 1, 1
5545, none, minecraft:stony_shore, MONSTER, mobz:fast_zombie, 70, 1, 1
5546, none, minecraft:stony_shore, MONSTER, mobz:honey_slime, 10, 1, 1
5547, none, minecraft:stony_shore, MONSTER, mobz:iron_steve, 30, 1, 1
5548, none, minecraft:stony_shore, MONSTER, mobz:lost_skeleton, 70, 1, 1
5549, none, minecraft:stony_shore, MONSTER, mobz:overgrown_skeleton, 15, 2, 4
5550, none, minecraft:stony_shore, MONSTER, mobz:purple_spider, 15, 1, 4
5551, none, minecraft:stony_shore, MONSTER, mobz:tank_zombie, 30, 1, 2
5552, none, minecraft:stony_shore, MONSTER, mobz:templar, 40, 1, 1
5553, none, minecraft:stony_shore, MONSTER, mobz:warrior, 10, 1, 2
5554, none, minecraft:stony_shore, MONSTER, mobz:zombie_mage, 70, 1, 1
5555, none, minecraft:stony_shore, MONSTER, specialmobs:endercreeper, 10, 1, 4
5556, none, minecraft:stony_shore, MONSTER, ddenizens:spectator, 25, 1, 1
5557, none, minecraft:stony_shore, MONSTER, creatures_expanded:tremorgue, 25, 1, 2
5558, none, minecraft:stony_shore, MONSTER, creatures_expanded:undead_necromancer, 35, 1, 1
5559, none, minecraft:stony_shore, MONSTER, ddenizens:winged_skeleton, 70, 1, 1
5560, none, minecraft:stony_shore, MONSTER, specialmobs:bruteskeleton, 70, 1, 1
5561, none, minecraft:stony_shore, MONSTER, specialmobs:gatlingskeleton, 70, 1, 1
5562, none, minecraft:stony_shore, MONSTER, specialmobs:knightskeleton, 70, 1, 1
5563, none, minecraft:stony_shore, MONSTER, specialmobs:ninjaskeleton, 70, 1, 1
5564, none, minecraft:stony_shore, MONSTER, specialmobs:sniperskeleton, 70, 1, 1
5565, none, minecraft:stony_shore, MONSTER, specialmobs:brutezombie, 70, 1, 1
5566, none, minecraft:stony_shore, MONSTER, specialmobs:plaguezombie, 70, 1, 1
5567, none, minecraft:stony_shore, MONSTER, specialmobs:fishingzombie, 70, 1, 1
5568, none, minecraft:stony_shore, MONSTER, specialmobs:hungryzombie, 70, 1, 1
5569, none, minecraft:stony_shore, MONSTER, specialmobs:minicreeper, 40, 1, 1
5570, none, minecraft:stony_shore, CREATURE, mobz:brown_bear, 30, 2, 3
5571, none, minecraft:stony_shore, CREATURE, mobz:dirty_boar, 10, 1, 3
5572, none, minecraft:stony_shore, CREATURE, mobz:fiora, 10, 1, 1
5573, none, minecraft:stony_shore, CREATURE, mobz:golden_chicken, 10, 1, 2
5574, none, minecraft:stony_shore, CREATURE, mobz:katherine, 10, 1, 1
5575, none, minecraft:stony_shore, CREATURE, mobz:wild_boar, 10, 2, 4
5576, none, minecraft:stony_shore, AMBIENT, ddenizens:boulder, 35, 1, 1
5577, none, minecraft:stony_shore, AMBIENT, mobz:tiny_spider, 10, 1, 1
5578, none, minecraft:sunflower_plains, MONSTER, creatures_expanded:abomination, 20, 1, 1
5579, none, minecraft:sunflower_plains, MONSTER, knights:archer, 40, 2, 3
5580, none, minecraft:sunflower_plains, MONSTER, ddenizens:beholder, 10, 1, 1
5581, none, minecraft:sunflower_plains, MONSTER, creatures_expanded:brood_spider, 35, 1, 1
5582, none, minecraft:sunflower_plains, MONSTER, threateningly_mobs:cave_hunter, 12, 1, 1
5583, none, minecraft:sunflower_plains, MONSTER, creatures_expanded:crumbling_skeleton, 50, 1, 1
5584, none, minecraft:sunflower_plains, MONSTER, creatures_expanded:crystalline_golem, 20, 1, 1
5585, none, minecraft:sunflower_plains, MONSTER, creatures_expanded:crystalline_spider, 45, 1, 3
5586, none, minecraft:sunflower_plains, MONSTER, ddenizens:daemon, 10, 1, 1
5587, none, minecraft:sunflower_plains, MONSTER, ddenizens:death_tyrant, 10, 1, 1
5588, none, minecraft:sunflower_plains, MONSTER, threateningly_mobs:elite_zombie_warrior, 10, 1, 2
5589, none, minecraft:sunflower_plains, MONSTER, creatures_expanded:embersmog, 40, 1, 3
5590, none, minecraft:sunflower_plains, MONSTER, ddenizens:fossilized_skeleton, 25, 1, 2
5591, none, minecraft:sunflower_plains, MONSTER, creatures_expanded:fungal_ghoul, 60, 1, 2
5592, none, minecraft:sunflower_plains, MONSTER, creatures_expanded:gargoyle, 50, 1, 3
5593, none, minecraft:sunflower_plains, MONSTER, ddenizens:gazer, 25, 1, 1
5594, none, minecraft:sunflower_plains, MONSTER, ddenizens:ghoul, 25, 1, 1
5595, none, minecraft:sunflower_plains, MONSTER, creatures_expanded:gloomknight, 5, 1, 1
5596, none, minecraft:sunflower_plains, MONSTER, creatures_expanded:gloomweaver, 30, 1, 2
5597, none, minecraft:sunflower_plains, MONSTER, creatures_expanded:gnasheart, 60, 1, 4
5598, none, minecraft:sunflower_plains, MONSTER, creatures_expanded:graven, 36, 3, 5
5599, none, minecraft:sunflower_plains, MONSTER, ddenizens:headless, 40, 1, 1
5600, none, minecraft:sunflower_plains, MONSTER, knights:heavyknight, 40, 1, 1
5601, none, minecraft:sunflower_plains, MONSTER, ddenizens:iron_skeleton, 15, 1, 1
5602, none, minecraft:sunflower_plains, MONSTER, knights:knight, 50, 3, 5
5603, none, minecraft:sunflower_plains, MONSTER, threateningly_mobs:lich_re, 10, 1, 1
5604, none, minecraft:sunflower_plains, MONSTER, ddenizens:magma_skeleton, 40, 1, 1
5605, none, minecraft:sunflower_plains, MONSTER, creatures_expanded:miststalker, 40, 1, 1
5606, none, minecraft:sunflower_plains, MONSTER, mocreatures:biggolem, 10, 1, 1
5607, none, minecraft:sunflower_plains, MONSTER, mocreatures:greenogre, 10, 1, 2
5608, none, minecraft:sunflower_plains, MONSTER, mocreatures:rat, 10, 1, 2
5609, none, minecraft:sunflower_plains, MONSTER, mocreatures:minigolem, 40, 1, 1
5610, none, minecraft:sunflower_plains, MONSTER, mocreatures:plainmanticore, 50, 1, 1
5611, none, minecraft:sunflower_plains, MONSTER, mocreatures:silverskeleton, 70, 1, 1
5612, none, minecraft:sunflower_plains, MONSTER, mocreatures:darkmanticore, 50, 1, 3
5613, none, minecraft:sunflower_plains, MONSTER, mocreatures:horsemob, 10, 1, 3
5614, none, minecraft:sunflower_plains, MONSTER, threateningly_mobs:moon_priest, 10, 1, 1
5615, none, minecraft:sunflower_plains, MONSTER, fantasyfauna:mushcap_glowing, 50, 2, 4
5616, none, minecraft:sunflower_plains, MONSTER, knights:noble, 50, 1, 1
5617, none, minecraft:sunflower_plains, MONSTER, ddenizens:orc, 35, 1, 1
5618, none, minecraft:sunflower_plains, MONSTER, threateningly_mobs:ore_drill, 32, 1, 1
5619, none, minecraft:sunflower_plains, MONSTER, mobz:tank_zombie, 10, 1, 1
5620, none, minecraft:sunflower_plains, MONSTER, knights:peasant, 60, 2, 3
5621, none, minecraft:sunflower_plains, MONSTER, fantasyfauna:possessed_armor, 20, 1, 1
5622, none, minecraft:sunflower_plains, MONSTER, creatures_expanded:prosperisher_zombie, 50, 1, 2
5623, none, minecraft:sunflower_plains, MONSTER, ddenizens:shadow, 30, 1, 1
5624, none, minecraft:sunflower_plains, MONSTER, creatures_expanded:shadowfiend, 35, 1, 2
5625, none, minecraft:sunflower_plains, MONSTER, ddenizens:shadowlord, 15, 1, 1
5626, none, minecraft:sunflower_plains, MONSTER, ddenizens:skeleton_warrior, 50, 1, 2
5627, none, minecraft:sunflower_plains, MONSTER, mobz:armored_zombie, 70, 1, 1
5628, none, minecraft:sunflower_plains, MONSTER, mobz:blue_spider, 20, 2, 3
5629, none, minecraft:sunflower_plains, MONSTER, mobz:bowman, 50, 1, 2
5630, none, minecraft:sunflower_plains, MONSTER, mobz:dwarf, 10, 1, 1
5631, none, minecraft:sunflower_plains, MONSTER, mobz:fast_zombie, 70, 1, 1
5632, none, minecraft:sunflower_plains, MONSTER, mobz:honey_slime, 10, 1, 1
5633, none, minecraft:sunflower_plains, MONSTER, mobz:iron_steve, 30, 1, 1
5634, none, minecraft:sunflower_plains, MONSTER, mobz:lost_skeleton, 70, 1, 1
5635, none, minecraft:sunflower_plains, MONSTER, mobz:overgrown_skeleton, 15, 2, 4
5636, none, minecraft:sunflower_plains, MONSTER, mobz:purple_spider, 15, 1, 4
5637, none, minecraft:sunflower_plains, MONSTER, mobz:tank_zombie, 30, 1, 2
5638, none, minecraft:sunflower_plains, MONSTER, mobz:templar, 40, 1, 1
5639, none, minecraft:sunflower_plains, MONSTER, mobz:warrior, 10, 1, 2
5640, none, minecraft:sunflower_plains, MONSTER, mobz:zombie_mage, 70, 1, 1
5641, none, minecraft:sunflower_plains, MONSTER, specialmobs:endercreeper, 10, 1, 4
5642, none, minecraft:sunflower_plains, MONSTER, ddenizens:spectator, 25, 1, 1
5643, none, minecraft:sunflower_plains, MONSTER, threateningly_mobs:tall_mouse, 14, 1, 1
5644, none, minecraft:sunflower_plains, MONSTER, creatures_expanded:tremorgue, 25, 1, 2
5645, none, minecraft:sunflower_plains, MONSTER, creatures_expanded:undead_necromancer, 35, 1, 1
5646, none, minecraft:sunflower_plains, MONSTER, ddenizens:winged_skeleton, 70, 1, 1
5647, none, minecraft:sunflower_plains, MONSTER, specialmobs:bruteskeleton, 70, 1, 1
5648, none, minecraft:sunflower_plains, MONSTER, specialmobs:gatlingskeleton, 70, 1, 1
5649, none, minecraft:sunflower_plains, MONSTER, specialmobs:knightskeleton, 70, 1, 1
5650, none, minecraft:sunflower_plains, MONSTER, specialmobs:ninjaskeleton, 70, 1, 1
5651, none, minecraft:sunflower_plains, MONSTER, specialmobs:sniperskeleton, 70, 1, 1
5652, none, minecraft:sunflower_plains, MONSTER, specialmobs:brutezombie, 70, 1, 1
5653, none, minecraft:sunflower_plains, MONSTER, specialmobs:plaguezombie, 70, 1, 1
5654, none, minecraft:sunflower_plains, MONSTER, specialmobs:fishingzombie, 70, 1, 1
5655, none, minecraft:sunflower_plains, MONSTER, specialmobs:hungryzombie, 70, 1, 1
5656, none, minecraft:sunflower_plains, MONSTER, specialmobs:minicreeper, 40, 1, 1
5657, none, minecraft:sunflower_plains, CREATURE, mocreatures:wildhorse, 12, 1, 4
5658, none, minecraft:sunflower_plains, CREATURE, mocreatures:boar, 12, 2, 2
5659, none, minecraft:sunflower_plains, CREATURE, mocreatures:mouse, 10, 1, 2
5660, none, minecraft:sunflower_plains, CREATURE, mocreatures:bird, 16, 2, 3
5661, none, minecraft:sunflower_plains, CREATURE, mocreatures:bunny, 12, 2, 3
5662, none, minecraft:sunflower_plains, CREATURE, mocreatures:mole, 10, 1, 2
5663, none, minecraft:sunflower_plains, CREATURE, mocreatures:goat, 12, 1, 3
5664, none, minecraft:sunflower_plains, CREATURE, mocreatures:turkey, 12, 1, 2
5665, none, minecraft:sunflower_plains, CREATURE, mocreatures:deer, 10, 1, 2
5666, none, minecraft:sunflower_plains, CREATURE, mocreatures:snake, 14, 1, 2
5667, none, minecraft:sunflower_plains, CREATURE, mocreatures:kitty, 10, 1, 2
5668, none, minecraft:sunflower_plains, CREATURE, mobz:brown_bear, 30, 2, 3
5669, none, minecraft:sunflower_plains, CREATURE, mobz:dirty_boar, 10, 1, 3
5670, none, minecraft:sunflower_plains, CREATURE, mobz:fiora, 10, 1, 1
5671, none, minecraft:sunflower_plains, CREATURE, mobz:golden_chicken, 10, 1, 2
5672, none, minecraft:sunflower_plains, CREATURE, mobz:katherine, 10, 1, 1
5673, none, minecraft:sunflower_plains, CREATURE, mobz:wild_boar, 10, 2, 4
5674, none, minecraft:sunflower_plains, AMBIENT, ddenizens:boulder, 35, 1, 1
5675, none, minecraft:sunflower_plains, AMBIENT, fantasyfauna:eye_bat, 50, 3, 4
5676, none, minecraft:sunflower_plains, AMBIENT, mocreatures:bee, 10, 1, 2
5677, none, minecraft:sunflower_plains, AMBIENT, mocreatures:butterfly, 12, 1, 4
5678, none, minecraft:sunflower_plains, AMBIENT, mocreatures:ant, 12, 1, 4
5679, none, minecraft:sunflower_plains, AMBIENT, mocreatures:grasshopper, 10, 1, 2
5680, none, minecraft:sunflower_plains, AMBIENT, mocreatures:fly, 12, 1, 2
5681, none, minecraft:sunflower_plains, AMBIENT, mocreatures:cricket, 10, 1, 2
5682, none, minecraft:sunflower_plains, AMBIENT, threateningly_mobs:nature_fairy, 10, 1, 1
5683, none, minecraft:sunflower_plains, AMBIENT, threateningly_mobs:shadowmoon_butterfly, 10, 1, 1
5684, none, minecraft:sunflower_plains, AMBIENT, mobz:tiny_spider, 10, 1, 1
5685, none, minecraft:sunflower_plains, AMBIENT, fantasyfauna:wisp, 60, 1, 2
5686, none, minecraft:sunflower_plains, WATER_CREATURE, mocreatures:salmon, 10, 1, 4
5687, none, minecraft:sunflower_plains, WATER_CREATURE, mocreatures:fishy, 12, 1, 6
5688, none, minecraft:sunflower_plains, WATER_CREATURE, mocreatures:bass, 10, 1, 4
5689, swamp, minecraft:swamp, MONSTER, creatures_expanded:abomination, 20, 1, 1
5690, swamp, minecraft:swamp, MONSTER, knights:archer, 40, 2, 3
5691, swamp, minecraft:swamp, MONSTER, ddenizens:beholder, 10, 1, 1
5692, swamp, minecraft:swamp, MONSTER, creatures_expanded:brood_spider, 35, 1, 1
5693, swamp, minecraft:swamp, MONSTER, threateningly_mobs:cave_hunter, 12, 1, 1
5694, swamp, minecraft:swamp, MONSTER, creatures_expanded:crumbling_skeleton, 50, 1, 1
5695, swamp, minecraft:swamp, MONSTER, creatures_expanded:crystalline_golem, 20, 1, 1
5696, swamp, minecraft:swamp, MONSTER, creatures_expanded:crystalline_spider, 45, 1, 3
5697, swamp, minecraft:swamp, MONSTER, ddenizens:daemon, 10, 1, 1
5698, swamp, minecraft:swamp, MONSTER, ddenizens:death_tyrant, 10, 1, 1
5699, swamp, minecraft:swamp, MONSTER, threateningly_mobs:elite_zombie_warrior, 10, 1, 2
5700, swamp, minecraft:swamp, MONSTER, creatures_expanded:embersmog, 40, 1, 3
5701, swamp, minecraft:swamp, MONSTER, ddenizens:fossilized_skeleton, 25, 1, 2
5702, swamp, minecraft:swamp, MONSTER, creatures_expanded:fungal_ghoul, 60, 1, 2
5703, swamp, minecraft:swamp, MONSTER, creatures_expanded:gargoyle, 50, 1, 3
5704, swamp, minecraft:swamp, MONSTER, ddenizens:gazer, 25, 1, 1
5705, swamp, minecraft:swamp, MONSTER, ddenizens:ghoul, 25, 1, 1
5706, swamp, minecraft:swamp, MONSTER, creatures_expanded:gloomknight, 5, 1, 1
5707, swamp, minecraft:swamp, MONSTER, creatures_expanded:gloomweaver, 30, 1, 2
5708, swamp, minecraft:swamp, MONSTER, creatures_expanded:gnasheart, 60, 1, 4
5709, swamp, minecraft:swamp, MONSTER, creatures_expanded:graven, 36, 3, 5
5710, swamp, minecraft:swamp, MONSTER, ddenizens:headless, 40, 1, 1
5711, swamp, minecraft:swamp, MONSTER, knights:heavyknight, 40, 1, 1
5712, swamp, minecraft:swamp, MONSTER, threateningly_mobs:hydra, 10, 1, 1
5713, swamp, minecraft:swamp, MONSTER, ddenizens:iron_skeleton, 15, 1, 1
5714, swamp, minecraft:swamp, MONSTER, knights:knight, 50, 3, 5
5715, swamp, minecraft:swamp, MONSTER, threateningly_mobs:lich_re, 10, 1, 1
5716, swamp, minecraft:swamp, MONSTER, ddenizens:magma_skeleton, 40, 1, 1
5717, swamp, minecraft:swamp, MONSTER, creatures_expanded:miststalker, 40, 1, 1
5718, swamp, minecraft:swamp, MONSTER, mocreatures:greenogre, 10, 1, 2
5719, swamp, minecraft:swamp, MONSTER, threateningly_mobs:moon_priest, 10, 1, 1
5720, swamp, minecraft:swamp, MONSTER, fantasyfauna:mushcap_glowing, 50, 2, 4
5721, swamp, minecraft:swamp, MONSTER, knights:noble, 50, 1, 1
5722, swamp, minecraft:swamp, MONSTER, ddenizens:orc, 35, 1, 1
5723, swamp, minecraft:swamp, MONSTER, threateningly_mobs:ore_drill, 32, 1, 1
5724, swamp, minecraft:swamp, MONSTER, mobz:tank_zombie, 10, 1, 1
5725, swamp, minecraft:swamp, MONSTER, knights:peasant, 60, 2, 3
5726, swamp, minecraft:swamp, MONSTER, fantasyfauna:possessed_armor, 20, 1, 1
5727, swamp, minecraft:swamp, MONSTER, creatures_expanded:prosperisher_zombie, 50, 1, 2
5728, swamp, minecraft:swamp, MONSTER, ddenizens:shadow, 30, 1, 1
5729, swamp, minecraft:swamp, MONSTER, creatures_expanded:shadowfiend, 35, 1, 2
5730, swamp, minecraft:swamp, MONSTER, ddenizens:shadowlord, 15, 1, 1
5731, swamp, minecraft:swamp, MONSTER, ddenizens:skeleton_warrior, 50, 1, 2
5732, swamp, minecraft:swamp, MONSTER, mobz:armored_zombie, 70, 1, 1
5733, swamp, minecraft:swamp, MONSTER, mobz:blue_spider, 20, 2, 3
5734, swamp, minecraft:swamp, MONSTER, mobz:bowman, 50, 1, 2
5735, swamp, minecraft:swamp, MONSTER, mobz:dwarf, 10, 1, 1
5736, swamp, minecraft:swamp, MONSTER, mobz:fast_zombie, 70, 1, 1
5737, swamp, minecraft:swamp, MONSTER, mobz:honey_slime, 10, 1, 1
5738, swamp, minecraft:swamp, MONSTER, mobz:iron_steve, 30, 1, 1
5739, swamp, minecraft:swamp, MONSTER, mobz:lost_skeleton, 70, 1, 1
5740, swamp, minecraft:swamp, MONSTER, mobz:overgrown_skeleton, 15, 2, 4
5741, swamp, minecraft:swamp, MONSTER, mobz:purple_spider, 15, 1, 4
5742, swamp, minecraft:swamp, MONSTER, mobz:tank_zombie, 30, 1, 2
5743, swamp, minecraft:swamp, MONSTER, mobz:templar, 40, 1, 1
5744, swamp, minecraft:swamp, MONSTER, mobz:warrior, 10, 1, 2
5745, swamp, minecraft:swamp, MONSTER, mobz:zombie_mage, 70, 1, 1
5746, swamp, minecraft:swamp, MONSTER, specialmobs:endercreeper, 10, 1, 4
5747, swamp, minecraft:swamp, MONSTER, ddenizens:spectator, 25, 1, 1
5748, swamp, minecraft:swamp, MONSTER, creatures_expanded:swamp_lurker, 35, 1, 1
5749, swamp, minecraft:swamp, MONSTER, creatures_expanded:tremorgue, 25, 1, 2
5750, swamp, minecraft:swamp, MONSTER, creatures_expanded:undead_necromancer, 35, 1, 1
5751, swamp, minecraft:swamp, MONSTER, ddenizens:winged_skeleton, 70, 1, 1
5752, swamp, minecraft:swamp, MONSTER, specialmobs:giantskeleton, 70, 1, 1
5753, swamp, minecraft:swamp, MONSTER, mocreatures:biggolem, 20, 1, 1
5754, swamp, minecraft:swamp, MONSTER, mobz:small_zombie, 70, 1, 1
5755, swamp, minecraft:swamp, MONSTER, mocreatures:minigolem, 40, 1, 1
5756, swamp, minecraft:swamp, MONSTER, mocreatures:darkmanticore, 50, 1, 1
5757, swamp, minecraft:swamp, MONSTER, mocreatures:undeadscorpion, 50, 1, 1
5758, swamp, minecraft:swamp, MONSTER, mocreatures:silverskeleton, 70, 1, 1
5759, swamp, minecraft:swamp, MONSTER, mobz:bigboss, 50, 1, 1
5760, swamp, minecraft:swamp, MONSTER, specialmobs:bruteskeleton, 70, 1, 1
5761, swamp, minecraft:swamp, MONSTER, specialmobs:gatlingskeleton, 70, 1, 1
5762, swamp, minecraft:swamp, MONSTER, specialmobs:knightskeleton, 70, 1, 1
5763, swamp, minecraft:swamp, MONSTER, specialmobs:ninjaskeleton, 70, 1, 1
5764, swamp, minecraft:swamp, MONSTER, specialmobs:sniperskeleton, 70, 1, 1
5765, swamp, minecraft:swamp, MONSTER, specialmobs:brutezombie, 70, 1, 1
5766, swamp, minecraft:swamp, MONSTER, specialmobs:plaguezombie, 70, 1, 1
5767, swamp, minecraft:swamp, MONSTER, specialmobs:fishingzombie, 70, 1, 1
5768, swamp, minecraft:swamp, MONSTER, specialmobs:hungryzombie, 70, 1, 1
5769, swamp, minecraft:swamp, MONSTER, specialmobs:minicreeper, 40, 1, 1
5770, swamp, minecraft:swamp, CREATURE, threateningly_mobs:diplocaulus, 10, 1, 1
5771, swamp, minecraft:swamp, CREATURE, mocreatures:turtle, 12, 1, 3
5772, swamp, minecraft:swamp, CREATURE, mocreatures:crocodile, 10, 1, 2
5773, swamp, minecraft:swamp, CREATURE, mocreatures:snake, 14, 1, 2
5774, swamp, minecraft:swamp, CREATURE, mocreatures:komododragon, 12, 1, 2
5775, swamp, minecraft:swamp, CREATURE, mobz:brown_bear, 30, 2, 3
5776, swamp, minecraft:swamp, CREATURE, mobz:dirty_boar, 10, 1, 3
5777, swamp, minecraft:swamp, CREATURE, mobz:fiora, 10, 1, 1
5778, swamp, minecraft:swamp, CREATURE, mobz:golden_chicken, 10, 1, 2
5779, swamp, minecraft:swamp, CREATURE, mobz:katherine, 10, 1, 1
5780, swamp, minecraft:swamp, CREATURE, mobz:toad, 10, 1, 1
5781, swamp, minecraft:swamp, CREATURE, mobz:wild_boar, 10, 2, 4
5782, swamp, minecraft:swamp, AMBIENT, ddenizens:boulder, 35, 1, 1
5783, swamp, minecraft:swamp, AMBIENT, mocreatures:snail, 10, 1, 2
5784, swamp, minecraft:swamp, AMBIENT, mocreatures:firefly, 10, 1, 2
5785, swamp, minecraft:swamp, AMBIENT, mocreatures:dragonfly, 10, 1, 2
5786, swamp, minecraft:swamp, AMBIENT, mocreatures:maggot, 10, 1, 2
5787, swamp, minecraft:swamp, AMBIENT, mocreatures:ant, 12, 1, 4
5788, swamp, minecraft:swamp, AMBIENT, mocreatures:fly, 12, 1, 2
5789, swamp, minecraft:swamp, AMBIENT, mocreatures:cricket, 10, 1, 2
5790, swamp, minecraft:swamp, AMBIENT, fantasyfauna:mushcap_brown, 20, 2, 4
5791, swamp, minecraft:swamp, AMBIENT, fantasyfauna:mushcap_red, 20, 2, 4
5792, swamp, minecraft:swamp, AMBIENT, fantasyfauna:mushcap_vishroom, 10, 2, 4
5793, swamp, minecraft:swamp, AMBIENT, threateningly_mobs:shadowmoon_butterfly, 10, 1, 1
5794, swamp, minecraft:swamp, AMBIENT, mobz:tiny_spider, 10, 1, 1
5795, swamp, minecraft:swamp, WATER_CREATURE, mocreatures:stingray, 10, 1, 2
5796, swamp, minecraft:swamp, WATER_CREATURE, mocreatures:angelfish, 12, 1, 6
5797, swamp, minecraft:swamp, WATER_CREATURE, mocreatures:piranha, 50, 1, 3
5798, swamp, minecraft:swamp, WATER_CREATURE, mocreatures:bass, 10, 1, 4
5799, taiga, minecraft:taiga, MONSTER, creatures_expanded:abomination, 20, 1, 1
5800, taiga, minecraft:taiga, MONSTER, knights:archer, 40, 2, 3
5801, taiga, minecraft:taiga, MONSTER, ddenizens:beholder, 10, 1, 1
5802, taiga, minecraft:taiga, MONSTER, creatures_expanded:brood_spider, 35, 1, 1
5803, taiga, minecraft:taiga, MONSTER, threateningly_mobs:cave_hunter, 12, 1, 1
5804, taiga, minecraft:taiga, MONSTER, creatures_expanded:crumbling_skeleton, 50, 1, 1
5805, taiga, minecraft:taiga, MONSTER, creatures_expanded:crystalline_golem, 20, 1, 1
5806, taiga, minecraft:taiga, MONSTER, creatures_expanded:crystalline_spider, 45, 1, 3
5807, taiga, minecraft:taiga, MONSTER, ddenizens:daemon, 10, 1, 1
5808, taiga, minecraft:taiga, MONSTER, ddenizens:death_tyrant, 10, 1, 1
5809, taiga, minecraft:taiga, MONSTER, threateningly_mobs:elite_zombie_warrior, 10, 1, 2
5810, taiga, minecraft:taiga, MONSTER, creatures_expanded:embersmog, 40, 1, 3
5811, taiga, minecraft:taiga, MONSTER, threateningly_mobs:forest_drake, 16, 1, 2
5812, taiga, minecraft:taiga, MONSTER, ddenizens:fossilized_skeleton, 25, 1, 2
5813, taiga, minecraft:taiga, MONSTER, threateningly_mobs:frostbite, 15, 1, 1
5814, taiga, minecraft:taiga, MONSTER, creatures_expanded:fungal_ghoul, 60, 1, 2
5815, taiga, minecraft:taiga, MONSTER, creatures_expanded:gargoyle, 50, 1, 3
5816, taiga, minecraft:taiga, MONSTER, ddenizens:gazer, 25, 1, 1
5817, taiga, minecraft:taiga, MONSTER, ddenizens:ghoul, 25, 1, 1
5818, taiga, minecraft:taiga, MONSTER, creatures_expanded:gloomknight, 5, 1, 1
5819, taiga, minecraft:taiga, MONSTER, creatures_expanded:gloomweaver, 30, 1, 2
5820, taiga, minecraft:taiga, MONSTER, creatures_expanded:gnasheart, 60, 1, 4
5821, taiga, minecraft:taiga, MONSTER, creatures_expanded:graven, 36, 3, 5
5822, taiga, minecraft:taiga, MONSTER, ddenizens:headless, 40, 1, 1
5823, taiga, minecraft:taiga, MONSTER, knights:heavyknight, 40, 1, 1
5824, taiga, minecraft:taiga, MONSTER, ddenizens:iron_skeleton, 15, 1, 1
5825, taiga, minecraft:taiga, MONSTER, knights:knight, 50, 3, 5
5826, taiga, minecraft:taiga, MONSTER, threateningly_mobs:lich_re, 10, 1, 1
5827, taiga, minecraft:taiga, MONSTER, ddenizens:magma_skeleton, 40, 1, 1
5828, taiga, minecraft:taiga, MONSTER, creatures_expanded:miststalker, 40, 1, 1
5829, taiga, minecraft:taiga, MONSTER, mocreatures:werewolf, 10, 1, 4
5830, taiga, minecraft:taiga, MONSTER, mocreatures:wraith, 50, 1, 1
5831, taiga, minecraft:taiga, MONSTER, threateningly_mobs:moon_priest, 10, 1, 1
5832, taiga, minecraft:taiga, MONSTER, fantasyfauna:mushcap_glowing, 50, 2, 4
5833, taiga, minecraft:taiga, MONSTER, knights:noble, 50, 1, 1
5834, taiga, minecraft:taiga, MONSTER, ddenizens:orc, 35, 1, 1
5835, taiga, minecraft:taiga, MONSTER, threateningly_mobs:ore_drill, 32, 1, 1
5836, taiga, minecraft:taiga, MONSTER, mobz:tank_zombie, 10, 1, 1
5837, taiga, minecraft:taiga, MONSTER, knights:peasant, 60, 2, 3
5838, taiga, minecraft:taiga, MONSTER, fantasyfauna:possessed_armor, 20, 1, 1
5839, taiga, minecraft:taiga, MONSTER, creatures_expanded:prosperisher_zombie, 50, 1, 2
5840, taiga, minecraft:taiga, MONSTER, ddenizens:shadow, 30, 1, 1
5841, taiga, minecraft:taiga, MONSTER, creatures_expanded:shadowfiend, 35, 1, 2
5842, taiga, minecraft:taiga, MONSTER, ddenizens:shadowlord, 15, 1, 1
5843, taiga, minecraft:taiga, MONSTER, creatures_expanded:shroomarauder, 40, 1, 4
5844, taiga, minecraft:taiga, MONSTER, ddenizens:skeleton_warrior, 50, 1, 2
5845, taiga, minecraft:taiga, MONSTER, mobz:armored_zombie, 70, 1, 1
5846, taiga, minecraft:taiga, MONSTER, mobz:blue_spider, 20, 2, 3
5847, taiga, minecraft:taiga, MONSTER, mobz:bowman, 50, 1, 2
5848, taiga, minecraft:taiga, MONSTER, mobz:dwarf, 10, 1, 1
5849, taiga, minecraft:taiga, MONSTER, mobz:fast_zombie, 70, 1, 1
5850, taiga, minecraft:taiga, MONSTER, mobz:honey_slime, 10, 1, 1
5851, taiga, minecraft:taiga, MONSTER, mobz:iron_steve, 30, 1, 1
5852, taiga, minecraft:taiga, MONSTER, mobz:lost_skeleton, 70, 1, 1
5853, taiga, minecraft:taiga, MONSTER, mobz:overgrown_skeleton, 15, 2, 4
5854, taiga, minecraft:taiga, MONSTER, mobz:purple_spider, 15, 1, 4
5855, taiga, minecraft:taiga, MONSTER, mobz:tank_zombie, 30, 1, 2
5856, taiga, minecraft:taiga, MONSTER, mobz:templar, 40, 1, 1
5857, taiga, minecraft:taiga, MONSTER, mobz:warrior, 10, 1, 2
5858, taiga, minecraft:taiga, MONSTER, mobz:zombie_mage, 70, 1, 1
5859, taiga, minecraft:taiga, MONSTER, specialmobs:endercreeper, 10, 1, 4
5860, taiga, minecraft:taiga, MONSTER, ddenizens:spectator, 25, 1, 1
5861, taiga, minecraft:taiga, MONSTER, threateningly_mobs:the_regalhart, 10, 1, 1
5862, taiga, minecraft:taiga, MONSTER, creatures_expanded:tremorgue, 25, 1, 2
5863, taiga, minecraft:taiga, MONSTER, creatures_expanded:undead_necromancer, 35, 1, 1
5864, taiga, minecraft:taiga, MONSTER, ddenizens:winged_skeleton, 70, 1, 1
5865, taiga, minecraft:taiga, MONSTER, specialmobs:giantskeleton, 70, 1, 1
5866, taiga, minecraft:taiga, MONSTER, mocreatures:biggolem, 20, 1, 1
5867, taiga, minecraft:taiga, MONSTER, mobz:small_zombie, 70, 1, 1
5868, taiga, minecraft:taiga, MONSTER, mocreatures:minigolem, 40, 1, 1
5869, taiga, minecraft:taiga, MONSTER, mocreatures:darkmanticore, 50, 1, 1
5870, taiga, minecraft:taiga, MONSTER, mocreatures:undeadscorpion, 50, 1, 1
5871, taiga, minecraft:taiga, MONSTER, mocreatures:silverskeleton, 70, 1, 1
5872, taiga, minecraft:taiga, MONSTER, mobz:bigboss, 50, 1, 1
5873, taiga, minecraft:taiga, MONSTER, specialmobs:bruteskeleton, 70, 1, 1
5874, taiga, minecraft:taiga, MONSTER, specialmobs:gatlingskeleton, 70, 1, 1
5875, taiga, minecraft:taiga, MONSTER, specialmobs:knightskeleton, 70, 1, 1
5876, taiga, minecraft:taiga, MONSTER, specialmobs:ninjaskeleton, 70, 1, 1
5877, taiga, minecraft:taiga, MONSTER, specialmobs:sniperskeleton, 70, 1, 1
5878, taiga, minecraft:taiga, MONSTER, specialmobs:brutezombie, 70, 1, 1
5879, taiga, minecraft:taiga, MONSTER, specialmobs:plaguezombie, 70, 1, 1
5880, taiga, minecraft:taiga, MONSTER, specialmobs:fishingzombie, 70, 1, 1
5881, taiga, minecraft:taiga, MONSTER, specialmobs:hungryzombie, 70, 1, 1
5882, taiga, minecraft:taiga, MONSTER, specialmobs:minicreeper, 40, 1, 1
5883, taiga, minecraft:taiga, CREATURE, mocreatures:bunny, 12, 2, 3
5884, taiga, minecraft:taiga, CREATURE, mocreatures:deer, 10, 1, 2
5885, taiga, minecraft:taiga, CREATURE, mocreatures:fox, 10, 1, 1
5886, taiga, minecraft:taiga, CREATURE, mobz:brown_bear, 30, 2, 3
5887, taiga, minecraft:taiga, CREATURE, mobz:dirty_boar, 10, 1, 3
5888, taiga, minecraft:taiga, CREATURE, mobz:fiora, 10, 1, 1
5889, taiga, minecraft:taiga, CREATURE, mobz:golden_chicken, 10, 1, 2
5890, taiga, minecraft:taiga, CREATURE, mobz:katherine, 10, 1, 1
5891, taiga, minecraft:taiga, CREATURE, mobz:wild_boar, 10, 2, 4
5892, taiga, minecraft:taiga, AMBIENT, ddenizens:boulder, 35, 1, 1
5893, taiga, minecraft:taiga, AMBIENT, threateningly_mobs:nature_fairy, 10, 1, 1
5894, taiga, minecraft:taiga, AMBIENT, threateningly_mobs:shadowmoon_butterfly, 10, 1, 1
5895, taiga, minecraft:taiga, AMBIENT, mobz:tiny_spider, 10, 1, 1
5896, the_end, minecraft:the_end, MONSTER, creatures_expanded:abomination, 20, 1, 1
5897, the_end, minecraft:the_end, MONSTER, creatures_expanded:brood_spider, 35, 1, 1
5898, the_end, minecraft:the_end, MONSTER, creatures_expanded:crumbling_skeleton, 50, 1, 1
5899, the_end, minecraft:the_end, MONSTER, creatures_expanded:crystalline_golem, 20, 1, 1
5900, the_end, minecraft:the_end, MONSTER, creatures_expanded:crystalline_spider, 45, 1, 3
5901, the_end, minecraft:the_end, MONSTER, creatures_expanded:embersmog, 40, 1, 3
5902, the_end, minecraft:the_end, MONSTER, creatures_expanded:fungal_ghoul, 60, 1, 2
5903, the_end, minecraft:the_end, MONSTER, creatures_expanded:gargoyle, 50, 1, 3
5904, the_end, minecraft:the_end, MONSTER, creatures_expanded:gloomknight, 5, 1, 1
5905, the_end, minecraft:the_end, MONSTER, creatures_expanded:gloomweaver, 30, 1, 2
5906, the_end, minecraft:the_end, MONSTER, creatures_expanded:gnasheart, 60, 1, 4
5907, the_end, minecraft:the_end, MONSTER, creatures_expanded:graven, 36, 3, 5
5908, the_end, minecraft:the_end, MONSTER, creatures_expanded:miststalker, 40, 1, 1
5909, the_end, minecraft:the_end, MONSTER, fantasyfauna:possessed_armor, 20, 1, 1
5910, the_end, minecraft:the_end, MONSTER, creatures_expanded:prosperisher_zombie, 50, 1, 2
5911, the_end, minecraft:the_end, MONSTER, creatures_expanded:shadowfiend, 35, 1, 2
5912, the_end, minecraft:the_end, MONSTER, mobz:ender, 10, 1, 3
5913, the_end, minecraft:the_end, MONSTER, mobz:ender_knight, 10, 1, 1
5914, the_end, minecraft:the_end, MONSTER, mobz:ender_zombie, 10, 1, 3
5915, the_end, minecraft:the_end, MONSTER, specialmobs:endercreeper, 10, 4, 4
5916, the_end, minecraft:the_end, MONSTER, creatures_expanded:tremorgue, 25, 1, 2
5917, the_end, minecraft:the_end, MONSTER, creatures_expanded:undead_necromancer, 35, 1, 1
5918, the_end, minecraft:the_end, MONSTER, specialmobs:bruteskeleton, 70, 1, 1
5919, the_end, minecraft:the_end, MONSTER, specialmobs:gatlingskeleton, 70, 1, 1
5920, the_end, minecraft:the_end, MONSTER, specialmobs:knightskeleton, 70, 1, 1
5921, the_end, minecraft:the_end, MONSTER, specialmobs:ninjaskeleton, 70, 1, 1
5922, the_end, minecraft:the_end, MONSTER, specialmobs:sniperskeleton, 70, 1, 1
5923, the_end, minecraft:the_end, MONSTER, specialmobs:brutezombie, 70, 1, 1
5924, the_end, minecraft:the_end, MONSTER, specialmobs:plaguezombie, 70, 1, 1
5925, the_end, minecraft:the_end, MONSTER, specialmobs:fishingzombie, 70, 1, 1
5926, the_end, minecraft:the_end, MONSTER, specialmobs:hungryzombie, 70, 1, 1
5927, the_end, minecraft:the_end, MONSTER, specialmobs:minicreeper, 40, 1, 1
5928, none, minecraft:the_void, MONSTER, creatures_expanded:abomination, 20, 1, 1
5929, none, minecraft:the_void, MONSTER, creatures_expanded:brood_spider, 35, 1, 1
5930, none, minecraft:the_void, MONSTER, creatures_expanded:crumbling_skeleton, 50, 1, 1
5931, none, minecraft:the_void, MONSTER, creatures_expanded:crystalline_golem, 20, 1, 1
5932, none, minecraft:the_void, MONSTER, creatures_expanded:crystalline_spider, 45, 1, 3
5933, none, minecraft:the_void, MONSTER, creatures_expanded:embersmog, 40, 1, 3
5934, none, minecraft:the_void, MONSTER, creatures_expanded:fungal_ghoul, 60, 1, 2
5935, none, minecraft:the_void, MONSTER, creatures_expanded:gargoyle, 50, 1, 3
5936, none, minecraft:the_void, MONSTER, creatures_expanded:gloomknight, 5, 1, 1
5937, none, minecraft:the_void, MONSTER, creatures_expanded:gloomweaver, 30, 1, 2
5938, none, minecraft:the_void, MONSTER, creatures_expanded:gnasheart, 60, 1, 4
5939, none, minecraft:the_void, MONSTER, creatures_expanded:graven, 36, 3, 5
5940, none, minecraft:the_void, MONSTER, creatures_expanded:miststalker, 40, 1, 1
5941, none, minecraft:the_void, MONSTER, fantasyfauna:possessed_armor, 20, 1, 1
5942, none, minecraft:the_void, MONSTER, creatures_expanded:prosperisher_zombie, 50, 1, 2
5943, none, minecraft:the_void, MONSTER, creatures_expanded:shadowfiend, 35, 1, 2
5944, none, minecraft:the_void, MONSTER, creatures_expanded:tremorgue, 25, 1, 2
5945, none, minecraft:the_void, MONSTER, creatures_expanded:undead_necromancer, 35, 1, 1
5946, none, minecraft:the_void, MONSTER, specialmobs:bruteskeleton, 70, 1, 1
5947, none, minecraft:the_void, MONSTER, specialmobs:gatlingskeleton, 70, 1, 1
5948, none, minecraft:the_void, MONSTER, specialmobs:knightskeleton, 70, 1, 1
5949, none, minecraft:the_void, MONSTER, specialmobs:ninjaskeleton, 70, 1, 1
5950, none, minecraft:the_void, MONSTER, specialmobs:sniperskeleton, 70, 1, 1
5951, none, minecraft:the_void, MONSTER, specialmobs:brutezombie, 70, 1, 1
5952, none, minecraft:the_void, MONSTER, specialmobs:plaguezombie, 70, 1, 1
5953, none, minecraft:the_void, MONSTER, specialmobs:fishingzombie, 70, 1, 1
5954, none, minecraft:the_void, MONSTER, specialmobs:hungryzombie, 70, 1, 1
5955, none, minecraft:the_void, MONSTER, specialmobs:minicreeper, 40, 1, 1
5956, ocean, minecraft:warm_ocean, MONSTER, creatures_expanded:abomination, 20, 1, 1
5957, ocean, minecraft:warm_ocean, MONSTER, knights:archer, 40, 2, 3
5958, ocean, minecraft:warm_ocean, MONSTER, ddenizens:beholder, 10, 1, 1
5959, ocean, minecraft:warm_ocean, MONSTER, creatures_expanded:brood_spider, 35, 1, 1
5960, ocean, minecraft:warm_ocean, MONSTER, threateningly_mobs:cannon_crab, 20, 1, 1
5961, ocean, minecraft:warm_ocean, MONSTER, threateningly_mobs:cave_hunter, 12, 1, 1
5962, ocean, minecraft:warm_ocean, MONSTER, creatures_expanded:crumbling_skeleton, 50, 1, 1
5963, ocean, minecraft:warm_ocean, MONSTER, creatures_expanded:crystalline_golem, 20, 1, 1
5964, ocean, minecraft:warm_ocean, MONSTER, creatures_expanded:crystalline_spider, 45, 1, 3
5965, ocean, minecraft:warm_ocean, MONSTER, ddenizens:daemon, 10, 1, 1
5966, ocean, minecraft:warm_ocean, MONSTER, ddenizens:death_tyrant, 10, 1, 1
5967, ocean, minecraft:warm_ocean, MONSTER, threateningly_mobs:elite_zombie_warrior, 10, 1, 2
5968, ocean, minecraft:warm_ocean, MONSTER, creatures_expanded:embersmog, 40, 1, 3
5969, ocean, minecraft:warm_ocean, MONSTER, ddenizens:fossilized_skeleton, 25, 1, 2
5970, ocean, minecraft:warm_ocean, MONSTER, creatures_expanded:fungal_ghoul, 60, 1, 2
5971, ocean, minecraft:warm_ocean, MONSTER, creatures_expanded:gargoyle, 50, 1, 3
5972, ocean, minecraft:warm_ocean, MONSTER, ddenizens:gazer, 25, 1, 1
5973, ocean, minecraft:warm_ocean, MONSTER, ddenizens:ghoul, 25, 1, 1
5974, ocean, minecraft:warm_ocean, MONSTER, creatures_expanded:gloomknight, 5, 1, 1
5975, ocean, minecraft:warm_ocean, MONSTER, creatures_expanded:gloomweaver, 30, 1, 2
5976, ocean, minecraft:warm_ocean, MONSTER, creatures_expanded:gnasheart, 60, 1, 4
5977, ocean, minecraft:warm_ocean, MONSTER, creatures_expanded:graven, 36, 3, 5
5978, ocean, minecraft:warm_ocean, MONSTER, ddenizens:headless, 40, 1, 1
5979, ocean, minecraft:warm_ocean, MONSTER, knights:heavyknight, 40, 1, 1
5980, ocean, minecraft:warm_ocean, MONSTER, threateningly_mobs:hydra, 10, 1, 1
5981, ocean, minecraft:warm_ocean, MONSTER, ddenizens:iron_skeleton, 15, 1, 1
5982, ocean, minecraft:warm_ocean, MONSTER, knights:knight, 50, 3, 5
5983, ocean, minecraft:warm_ocean, MONSTER, threateningly_mobs:lich_re, 10, 1, 1
5984, ocean, minecraft:warm_ocean, MONSTER, ddenizens:magma_skeleton, 40, 1, 1
5985, ocean, minecraft:warm_ocean, MONSTER, creatures_expanded:miststalker, 40, 1, 1
5986, ocean, minecraft:warm_ocean, MONSTER, mocreatures:dirtscorpion, 10, 1, 3
5987, ocean, minecraft:warm_ocean, MONSTER, mocreatures:cavescorpion, 50, 1, 3
5988, ocean, minecraft:warm_ocean, MONSTER, threateningly_mobs:moon_priest, 10, 1, 1
5989, ocean, minecraft:warm_ocean, MONSTER, fantasyfauna:mushcap_glowing, 50, 2, 4
5990, ocean, minecraft:warm_ocean, MONSTER, knights:noble, 50, 1, 1
5991, ocean, minecraft:warm_ocean, MONSTER, ddenizens:orc, 35, 1, 1
5992, ocean, minecraft:warm_ocean, MONSTER, threateningly_mobs:ore_drill, 32, 1, 1
5993, ocean, minecraft:warm_ocean, MONSTER, mobz:tank_zombie, 10, 1, 1
5994, ocean, minecraft:warm_ocean, MONSTER, knights:peasant, 60, 2, 3
5995, ocean, minecraft:warm_ocean, MONSTER, fantasyfauna:possessed_armor, 20, 1, 1
5996, ocean, minecraft:warm_ocean, MONSTER, creatures_expanded:prosperisher_zombie, 50, 1, 2
5997, ocean, minecraft:warm_ocean, MONSTER, ddenizens:shadow, 30, 1, 1
5998, ocean, minecraft:warm_ocean, MONSTER, creatures_expanded:shadowfiend, 35, 1, 2
5999, ocean, minecraft:warm_ocean, MONSTER, ddenizens:shadowlord, 15, 1, 1
6000, ocean, minecraft:warm_ocean, MONSTER, ddenizens:skeleton_warrior, 50, 1, 2
6001, ocean, minecraft:warm_ocean, MONSTER, specialmobs:endercreeper, 10, 1, 4
6002, ocean, minecraft:warm_ocean, MONSTER, specialmobs:drowningcreeper, 10, 1, 1
6003, ocean, minecraft:warm_ocean, MONSTER, specialmobs:blueberryslime, 10, 1, 1
6004, ocean, minecraft:warm_ocean, MONSTER, specialmobs:pirateskeleton, 10, 1, 1
6005, ocean, minecraft:warm_ocean, MONSTER, ddenizens:spectator, 25, 1, 1
6006, ocean, minecraft:warm_ocean, MONSTER, creatures_expanded:tremorgue, 25, 1, 2
6007, ocean, minecraft:warm_ocean, MONSTER, creatures_expanded:undead_necromancer, 35, 1, 1
6008, ocean, minecraft:warm_ocean, MONSTER, specialmobs:giantskeleton, 70, 1, 1
6009, ocean, minecraft:warm_ocean, MONSTER, mocreatures:biggolem, 20, 1, 1
6010, ocean, minecraft:warm_ocean, MONSTER, mobz:small_zombie, 70, 1, 1
6011, ocean, minecraft:warm_ocean, MONSTER, mocreatures:minigolem, 40, 1, 1
6012, ocean, minecraft:warm_ocean, MONSTER, mocreatures:darkmanticore, 50, 1, 1
6013, ocean, minecraft:warm_ocean, MONSTER, mocreatures:undeadscorpion, 50, 1, 1
6014, ocean, minecraft:warm_ocean, MONSTER, mobz:zombie_mage, 70, 1, 1
6015, ocean, minecraft:warm_ocean, MONSTER, mocreatures:silverskeleton, 70, 1, 1
6016, ocean, minecraft:warm_ocean, MONSTER, mobz:bigboss, 50, 1, 1
6017, ocean, minecraft:warm_ocean, AMBIENT, ddenizens:boulder, 35, 1, 1
6018, ocean, minecraft:warm_ocean, AMBIENT, threateningly_mobs:giant_seacucumber, 10, 2, 4
6019, ocean, minecraft:warm_ocean, AMBIENT, mocreatures:roach, 10, 1, 2
6020, ocean, minecraft:warm_ocean, AMBIENT, mocreatures:ant, 12, 1, 4
6021, ocean, minecraft:warm_ocean, WATER_CREATURE, mocreatures:dolphin, 10, 2, 4
6022, ocean, minecraft:warm_ocean, WATER_CREATURE, mocreatures:salmon, 10, 1, 4
6023, ocean, minecraft:warm_ocean, WATER_CREATURE, mocreatures:angler, 12, 1, 6
6024, ocean, minecraft:warm_ocean, WATER_CREATURE, mocreatures:jellyfish, 10, 1, 4
6025, ocean, minecraft:warm_ocean, WATER_CREATURE, mocreatures:clownfish, 12, 1, 6
6026, ocean, minecraft:warm_ocean, WATER_CREATURE, mocreatures:manderin, 12, 1, 6
6027, ocean, minecraft:warm_ocean, WATER_CREATURE, mocreatures:shark, 10, 1, 2
6028, ocean, minecraft:warm_ocean, WATER_CREATURE, mocreatures:hippotang, 12, 1, 6
6029, ocean, minecraft:warm_ocean, WATER_CREATURE, mocreatures:mantaray, 10, 1, 2
6030, ocean, minecraft:warm_ocean, WATER_CREATURE, mocreatures:fishy, 12, 1, 6
6031, ocean, minecraft:warm_ocean, WATER_CREATURE, mocreatures:anchovy, 12, 1, 6
6032, ocean, minecraft:warm_ocean, WATER_CREATURE, mocreatures:cod, 10, 1, 4
6033, ocean, minecraft:warm_ocean, WATER_AMBIENT, threateningly_mobs:riptooth, 10, 1, 1
6034, ocean, minecraft:warm_ocean, WATER_AMBIENT, threateningly_mobs:tide_specter, 10, 1, 1
6035, nether, minecraft:warped_forest, MONSTER, creatures_expanded:abomination, 20, 1, 1
6036, nether, minecraft:warped_forest, MONSTER, creatures_expanded:brood_spider, 35, 1, 1
6037, nether, minecraft:warped_forest, MONSTER, creatures_expanded:crumbling_skeleton, 50, 1, 1
6038, nether, minecraft:warped_forest, MONSTER, creatures_expanded:crystalline_golem, 20, 1, 1
6039, nether, minecraft:warped_forest, MONSTER, creatures_expanded:crystalline_spider, 45, 1, 3
6040, nether, minecraft:warped_forest, MONSTER, creatures_expanded:embersmog, 40, 1, 3
6041, nether, minecraft:warped_forest, MONSTER, creatures_expanded:fungal_ghoul, 60, 1, 2
6042, nether, minecraft:warped_forest, MONSTER, creatures_expanded:gargoyle, 50, 1, 3
6043, nether, minecraft:warped_forest, MONSTER, creatures_expanded:gloomknight, 5, 1, 1
6044, nether, minecraft:warped_forest, MONSTER, creatures_expanded:gloomweaver, 30, 1, 2
6045, nether, minecraft:warped_forest, MONSTER, creatures_expanded:gnasheart, 60, 1, 4
6046, nether, minecraft:warped_forest, MONSTER, creatures_expanded:graven, 36, 3, 5
6047, nether, minecraft:warped_forest, MONSTER, ddenizens:magma_skeleton, 15, 1, 4
6048, nether, minecraft:warped_forest, MONSTER, creatures_expanded:miststalker, 40, 1, 1
6049, nether, minecraft:warped_forest, MONSTER, mocreatures:flamewraith, 10, 1, 2
6050, nether, minecraft:warped_forest, MONSTER, mocreatures:fireogre, 10, 1, 2
6051, nether, minecraft:warped_forest, MONSTER, mocreatures:hellrat, 10, 1, 4
6052, nether, minecraft:warped_forest, MONSTER, mocreatures:firemanticore, 10, 1, 3
6053, nether, minecraft:warped_forest, MONSTER, mocreatures:firescorpion, 10, 1, 3
6054, nether, minecraft:warped_forest, MONSTER, mocreatures:horsemob, 10, 1, 3
6055, nether, minecraft:warped_forest, MONSTER, fantasyfauna:possessed_armor, 20, 1, 1
6056, nether, minecraft:warped_forest, MONSTER, creatures_expanded:prosperisher_zombie, 50, 1, 2
6057, nether, minecraft:warped_forest, MONSTER, ddenizens:shadow, 15, 1, 1
6058, nether, minecraft:warped_forest, MONSTER, creatures_expanded:shadowfiend, 35, 1, 2
6059, nether, minecraft:warped_forest, MONSTER, mobz:lava_golem, 10, 1, 1
6060, nether, minecraft:warped_forest, MONSTER, mobz:nether_skeleton, 10, 1, 2
6061, nether, minecraft:warped_forest, MONSTER, mobz:nether_wolf, 10, 1, 3
6062, nether, minecraft:warped_forest, MONSTER, mobz:pigman, 10, 2, 3
6063, nether, minecraft:warped_forest, MONSTER, mobz:soul_creeper, 10, 1, 2
6064, nether, minecraft:warped_forest, MONSTER, mobz:wither_blaze, 10, 1, 3
6065, nether, minecraft:warped_forest, MONSTER, specialmobs:endercreeper, 10, 4, 4
6066, nether, minecraft:warped_forest, MONSTER, specialmobs:firecreeper, 10, 4, 4
6067, nether, minecraft:warped_forest, MONSTER, specialmobs:firezombie, 10, 4, 4
6068, nether, minecraft:warped_forest, MONSTER, specialmobs:firespider, 10, 4, 4
6069, nether, minecraft:warped_forest, MONSTER, creatures_expanded:tremorgue, 25, 1, 2
6070, nether, minecraft:warped_forest, MONSTER, creatures_expanded:undead_necromancer, 35, 1, 1
6071, nether, minecraft:warped_forest, MONSTER, specialmobs:bruteskeleton, 70, 1, 1
6072, nether, minecraft:warped_forest, MONSTER, specialmobs:gatlingskeleton, 70, 1, 1
6073, nether, minecraft:warped_forest, MONSTER, specialmobs:knightskeleton, 70, 1, 1
6074, nether, minecraft:warped_forest, MONSTER, specialmobs:ninjaskeleton, 70, 1, 1
6075, nether, minecraft:warped_forest, MONSTER, specialmobs:sniperskeleton, 70, 1, 1
6076, nether, minecraft:warped_forest, MONSTER, specialmobs:brutezombie, 70, 1, 1
6077, nether, minecraft:warped_forest, MONSTER, specialmobs:plaguezombie, 70, 1, 1
6078, nether, minecraft:warped_forest, MONSTER, specialmobs:fishingzombie, 70, 1, 1
6079, nether, minecraft:warped_forest, MONSTER, specialmobs:hungryzombie, 70, 1, 1
6080, nether, minecraft:warped_forest, MONSTER, specialmobs:minicreeper, 40, 1, 1
6081, nether, minecraft:warped_forest, AMBIENT, fantasyfauna:mushcap_warped, 20, 2, 4
6082, none, minecraft:windswept_forest, MONSTER, creatures_expanded:abomination, 20, 1, 1
6083, none, minecraft:windswept_forest, MONSTER, knights:archer, 40, 2, 3
6084, none, minecraft:windswept_forest, MONSTER, ddenizens:beholder, 10, 1, 1
6085, none, minecraft:windswept_forest, MONSTER, creatures_expanded:brood_spider, 35, 1, 1
6086, none, minecraft:windswept_forest, MONSTER, threateningly_mobs:cave_hunter, 12, 1, 1
6087, none, minecraft:windswept_forest, MONSTER, creatures_expanded:crumbling_skeleton, 50, 1, 1
6088, none, minecraft:windswept_forest, MONSTER, creatures_expanded:crystalline_golem, 20, 1, 1
6089, none, minecraft:windswept_forest, MONSTER, creatures_expanded:crystalline_spider, 45, 1, 3
6090, none, minecraft:windswept_forest, MONSTER, ddenizens:daemon, 10, 1, 1
6091, none, minecraft:windswept_forest, MONSTER, ddenizens:death_tyrant, 10, 1, 1
6092, none, minecraft:windswept_forest, MONSTER, threateningly_mobs:elite_zombie_warrior, 10, 1, 2
6093, none, minecraft:windswept_forest, MONSTER, creatures_expanded:embersmog, 40, 1, 3
6094, none, minecraft:windswept_forest, MONSTER, threateningly_mobs:forest_drake, 16, 1, 2
6095, none, minecraft:windswept_forest, MONSTER, ddenizens:fossilized_skeleton, 25, 1, 2
6096, none, minecraft:windswept_forest, MONSTER, creatures_expanded:fungal_ghoul, 60, 1, 2
6097, none, minecraft:windswept_forest, MONSTER, creatures_expanded:gargoyle, 50, 1, 3
6098, none, minecraft:windswept_forest, MONSTER, ddenizens:gazer, 25, 1, 1
6099, none, minecraft:windswept_forest, MONSTER, ddenizens:ghoul, 25, 1, 1
6100, none, minecraft:windswept_forest, MONSTER, creatures_expanded:gloomknight, 5, 1, 1
6101, none, minecraft:windswept_forest, MONSTER, creatures_expanded:gloomweaver, 30, 1, 2
6102, none, minecraft:windswept_forest, MONSTER, creatures_expanded:gnasheart, 60, 1, 4
6103, none, minecraft:windswept_forest, MONSTER, creatures_expanded:graven, 36, 3, 5
6104, none, minecraft:windswept_forest, MONSTER, ddenizens:headless, 40, 1, 1
6105, none, minecraft:windswept_forest, MONSTER, knights:heavyknight, 40, 1, 1
6106, none, minecraft:windswept_forest, MONSTER, iceandfire:troll, 40, 1, 3
6107, none, minecraft:windswept_forest, MONSTER, ddenizens:iron_skeleton, 15, 1, 1
6108, none, minecraft:windswept_forest, MONSTER, knights:knight, 50, 3, 5
6109, none, minecraft:windswept_forest, MONSTER, threateningly_mobs:lich_re, 10, 1, 1
6110, none, minecraft:windswept_forest, MONSTER, ddenizens:magma_skeleton, 40, 1, 1
6111, none, minecraft:windswept_forest, MONSTER, creatures_expanded:miststalker, 40, 1, 1
6112, none, minecraft:windswept_forest, MONSTER, threateningly_mobs:moon_priest, 10, 1, 1
6113, none, minecraft:windswept_forest, MONSTER, fantasyfauna:mushcap_glowing, 50, 2, 4
6114, none, minecraft:windswept_forest, MONSTER, knights:noble, 50, 1, 1
6115, none, minecraft:windswept_forest, MONSTER, ddenizens:orc, 35, 1, 1
6116, none, minecraft:windswept_forest, MONSTER, threateningly_mobs:ore_drill, 32, 1, 1
6117, none, minecraft:windswept_forest, MONSTER, mobz:tank_zombie, 10, 1, 1
6118, none, minecraft:windswept_forest, MONSTER, knights:peasant, 60, 2, 3
6119, none, minecraft:windswept_forest, MONSTER, fantasyfauna:possessed_armor, 20, 1, 1
6120, none, minecraft:windswept_forest, MONSTER, creatures_expanded:prosperisher_zombie, 50, 1, 2
6121, none, minecraft:windswept_forest, MONSTER, ddenizens:shadow, 30, 1, 1
6122, none, minecraft:windswept_forest, MONSTER, creatures_expanded:shadowfiend, 35, 1, 2
6123, none, minecraft:windswept_forest, MONSTER, ddenizens:shadowlord, 15, 1, 1
6124, none, minecraft:windswept_forest, MONSTER, creatures_expanded:shroomarauder, 40, 1, 4
6125, none, minecraft:windswept_forest, MONSTER, ddenizens:skeleton_warrior, 50, 1, 2
6126, none, minecraft:windswept_forest, MONSTER, mobz:armored_zombie, 70, 1, 1
6127, none, minecraft:windswept_forest, MONSTER, mobz:blue_spider, 20, 2, 3
6128, none, minecraft:windswept_forest, MONSTER, mobz:bowman, 50, 1, 2
6129, none, minecraft:windswept_forest, MONSTER, mobz:dwarf, 10, 1, 1
6130, none, minecraft:windswept_forest, MONSTER, mobz:fast_zombie, 70, 1, 1
6131, none, minecraft:windswept_forest, MONSTER, mobz:honey_slime, 10, 1, 1
6132, none, minecraft:windswept_forest, MONSTER, mobz:iron_steve, 30, 1, 1
6133, none, minecraft:windswept_forest, MONSTER, mobz:lost_skeleton, 70, 1, 1
6134, none, minecraft:windswept_forest, MONSTER, mobz:overgrown_skeleton, 15, 2, 4
6135, none, minecraft:windswept_forest, MONSTER, mobz:purple_spider, 15, 1, 4
6136, none, minecraft:windswept_forest, MONSTER, mobz:stone_golem, 10, 1, 1
6137, none, minecraft:windswept_forest, MONSTER, mobz:tank_zombie, 30, 1, 2
6138, none, minecraft:windswept_forest, MONSTER, mobz:templar, 40, 1, 1
6139, none, minecraft:windswept_forest, MONSTER, mobz:warrior, 10, 1, 2
6140, none, minecraft:windswept_forest, MONSTER, mobz:zombie_mage, 70, 1, 1
6141, none, minecraft:windswept_forest, MONSTER, specialmobs:endercreeper, 10, 1, 4
6142, none, minecraft:windswept_forest, MONSTER, ddenizens:spectator, 25, 1, 1
6143, none, minecraft:windswept_forest, MONSTER, threateningly_mobs:the_regalhart, 10, 1, 1
6144, none, minecraft:windswept_forest, MONSTER, creatures_expanded:tremorgue, 25, 1, 2
6145, none, minecraft:windswept_forest, MONSTER, creatures_expanded:undead_necromancer, 35, 1, 1
6146, none, minecraft:windswept_forest, MONSTER, ddenizens:winged_skeleton, 70, 1, 1
6147, none, minecraft:windswept_forest, MONSTER, specialmobs:bruteskeleton, 70, 1, 1
6148, none, minecraft:windswept_forest, MONSTER, specialmobs:gatlingskeleton, 70, 1, 1
6149, none, minecraft:windswept_forest, MONSTER, specialmobs:knightskeleton, 70, 1, 1
6150, none, minecraft:windswept_forest, MONSTER, specialmobs:ninjaskeleton, 70, 1, 1
6151, none, minecraft:windswept_forest, MONSTER, specialmobs:sniperskeleton, 70, 1, 1
6152, none, minecraft:windswept_forest, MONSTER, specialmobs:brutezombie, 70, 1, 1
6153, none, minecraft:windswept_forest, MONSTER, specialmobs:plaguezombie, 70, 1, 1
6154, none, minecraft:windswept_forest, MONSTER, specialmobs:fishingzombie, 70, 1, 1
6155, none, minecraft:windswept_forest, MONSTER, specialmobs:hungryzombie, 70, 1, 1
6156, none, minecraft:windswept_forest, MONSTER, specialmobs:minicreeper, 40, 1, 1
6157, none, minecraft:windswept_forest, CREATURE, iceandfire:hippogryph, 60, 1, 1
6158, none, minecraft:windswept_forest, CREATURE, mobz:brown_bear, 30, 2, 3
6159, none, minecraft:windswept_forest, CREATURE, mobz:dirty_boar, 10, 1, 3
6160, none, minecraft:windswept_forest, CREATURE, mobz:fiora, 10, 1, 1
6161, none, minecraft:windswept_forest, CREATURE, mobz:golden_chicken, 10, 1, 2
6162, none, minecraft:windswept_forest, CREATURE, mobz:katherine, 10, 1, 1
6163, none, minecraft:windswept_forest, CREATURE, mobz:wild_boar, 10, 2, 4
6164, none, minecraft:windswept_forest, AMBIENT, ddenizens:boulder, 35, 1, 1
6165, none, minecraft:windswept_forest, AMBIENT, mocreatures:ant, 12, 1, 4
6166, none, minecraft:windswept_forest, AMBIENT, fantasyfauna:mushcap_brown, 20, 2, 4
6167, none, minecraft:windswept_forest, AMBIENT, fantasyfauna:mushcap_red, 20, 2, 4
6168, none, minecraft:windswept_forest, AMBIENT, fantasyfauna:mushcap_vishroom, 10, 2, 4
6169, none, minecraft:windswept_forest, AMBIENT, threateningly_mobs:nature_fairy, 10, 1, 1
6170, none, minecraft:windswept_forest, AMBIENT, mobz:tiny_spider, 10, 1, 1
6171, none, minecraft:windswept_forest, AMBIENT, fantasyfauna:wisp, 60, 1, 2
6172, none, minecraft:windswept_gravelly_hills, MONSTER, creatures_expanded:abomination, 20, 1, 1
6173, none, minecraft:windswept_gravelly_hills, MONSTER, knights:archer, 40, 2, 3
6174, none, minecraft:windswept_gravelly_hills, MONSTER, ddenizens:beholder, 10, 1, 1
6175, none, minecraft:windswept_gravelly_hills, MONSTER, creatures_expanded:brood_spider, 35, 1, 1
6176, none, minecraft:windswept_gravelly_hills, MONSTER, threateningly_mobs:cave_hunter, 12, 1, 1
6177, none, minecraft:windswept_gravelly_hills, MONSTER, creatures_expanded:crumbling_skeleton, 50, 1, 1
6178, none, minecraft:windswept_gravelly_hills, MONSTER, creatures_expanded:crystalline_golem, 20, 1, 1
6179, none, minecraft:windswept_gravelly_hills, MONSTER, creatures_expanded:crystalline_spider, 45, 1, 3
6180, none, minecraft:windswept_gravelly_hills, MONSTER, ddenizens:daemon, 10, 1, 1
6181, none, minecraft:windswept_gravelly_hills, MONSTER, ddenizens:death_tyrant, 10, 1, 1
6182, none, minecraft:windswept_gravelly_hills, MONSTER, threateningly_mobs:dracoscorpius, 40, 1, 2
6183, none, minecraft:windswept_gravelly_hills, MONSTER, threateningly_mobs:elite_zombie_warrior, 10, 1, 2
6184, none, minecraft:windswept_gravelly_hills, MONSTER, creatures_expanded:embersmog, 40, 1, 3
6185, none, minecraft:windswept_gravelly_hills, MONSTER, ddenizens:fossilized_skeleton, 25, 1, 2
6186, none, minecraft:windswept_gravelly_hills, MONSTER, creatures_expanded:fungal_ghoul, 60, 1, 2
6187, none, minecraft:windswept_gravelly_hills, MONSTER, creatures_expanded:gargoyle, 50, 1, 3
6188, none, minecraft:windswept_gravelly_hills, MONSTER, ddenizens:gazer, 25, 1, 1
6189, none, minecraft:windswept_gravelly_hills, MONSTER, ddenizens:ghoul, 25, 1, 1
6190, none, minecraft:windswept_gravelly_hills, MONSTER, creatures_expanded:gloomknight, 5, 1, 1
6191, none, minecraft:windswept_gravelly_hills, MONSTER, creatures_expanded:gloomweaver, 30, 1, 2
6192, none, minecraft:windswept_gravelly_hills, MONSTER, creatures_expanded:gnasheart, 60, 1, 4
6193, none, minecraft:windswept_gravelly_hills, MONSTER, creatures_expanded:graven, 36, 3, 5
6194, none, minecraft:windswept_gravelly_hills, MONSTER, ddenizens:headless, 40, 1, 1
6195, none, minecraft:windswept_gravelly_hills, MONSTER, knights:heavyknight, 40, 1, 1
6196, none, minecraft:windswept_gravelly_hills, MONSTER, iceandfire:troll, 40, 1, 3
6197, none, minecraft:windswept_gravelly_hills, MONSTER, ddenizens:iron_skeleton, 15, 1, 1
6198, none, minecraft:windswept_gravelly_hills, MONSTER, knights:knight, 50, 3, 5
6199, none, minecraft:windswept_gravelly_hills, MONSTER, threateningly_mobs:lich_re, 10, 1, 1
6200, none, minecraft:windswept_gravelly_hills, MONSTER, ddenizens:magma_skeleton, 40, 1, 1
6201, none, minecraft:windswept_gravelly_hills, MONSTER, creatures_expanded:miststalker, 40, 1, 1
6202, none, minecraft:windswept_gravelly_hills, MONSTER, threateningly_mobs:moon_priest, 10, 1, 1
6203, none, minecraft:windswept_gravelly_hills, MONSTER, fantasyfauna:mushcap_glowing, 50, 2, 4
6204, none, minecraft:windswept_gravelly_hills, MONSTER, knights:noble, 50, 1, 1
6205, none, minecraft:windswept_gravelly_hills, MONSTER, ddenizens:orc, 35, 1, 1
6206, none, minecraft:windswept_gravelly_hills, MONSTER, threateningly_mobs:ore_drill, 32, 1, 1
6207, none, minecraft:windswept_gravelly_hills, MONSTER, mobz:tank_zombie, 10, 1, 1
6208, none, minecraft:windswept_gravelly_hills, MONSTER, knights:peasant, 60, 2, 3
6209, none, minecraft:windswept_gravelly_hills, MONSTER, fantasyfauna:possessed_armor, 20, 1, 1
6210, none, minecraft:windswept_gravelly_hills, MONSTER, creatures_expanded:prosperisher_zombie, 50, 1, 2
6211, none, minecraft:windswept_gravelly_hills, MONSTER, ddenizens:shadow, 30, 1, 1
6212, none, minecraft:windswept_gravelly_hills, MONSTER, creatures_expanded:shadowfiend, 35, 1, 2
6213, none, minecraft:windswept_gravelly_hills, MONSTER, ddenizens:shadowlord, 15, 1, 1
6214, none, minecraft:windswept_gravelly_hills, MONSTER, ddenizens:skeleton_warrior, 50, 1, 2
6215, none, minecraft:windswept_gravelly_hills, MONSTER, mobz:armored_zombie, 70, 1, 1
6216, none, minecraft:windswept_gravelly_hills, MONSTER, mobz:blue_spider, 20, 2, 3
6217, none, minecraft:windswept_gravelly_hills, MONSTER, mobz:bowman, 50, 1, 2
6218, none, minecraft:windswept_gravelly_hills, MONSTER, mobz:dwarf, 10, 1, 1
6219, none, minecraft:windswept_gravelly_hills, MONSTER, mobz:fast_zombie, 70, 1, 1
6220, none, minecraft:windswept_gravelly_hills, MONSTER, mobz:honey_slime, 10, 1, 1
6221, none, minecraft:windswept_gravelly_hills, MONSTER, mobz:iron_steve, 30, 1, 1
6222, none, minecraft:windswept_gravelly_hills, MONSTER, mobz:lost_skeleton, 70, 1, 1
6223, none, minecraft:windswept_gravelly_hills, MONSTER, mobz:overgrown_skeleton, 15, 2, 4
6224, none, minecraft:windswept_gravelly_hills, MONSTER, mobz:purple_spider, 15, 1, 4
6225, none, minecraft:windswept_gravelly_hills, MONSTER, mobz:stone_golem, 10, 1, 1
6226, none, minecraft:windswept_gravelly_hills, MONSTER, mobz:tank_zombie, 30, 1, 2
6227, none, minecraft:windswept_gravelly_hills, MONSTER, mobz:templar, 40, 1, 1
6228, none, minecraft:windswept_gravelly_hills, MONSTER, mobz:warrior, 10, 1, 2
6229, none, minecraft:windswept_gravelly_hills, MONSTER, mobz:zombie_mage, 70, 1, 1
6230, none, minecraft:windswept_gravelly_hills, MONSTER, specialmobs:endercreeper, 10, 1, 4
6231, none, minecraft:windswept_gravelly_hills, MONSTER, ddenizens:spectator, 25, 1, 1
6232, none, minecraft:windswept_gravelly_hills, MONSTER, creatures_expanded:tremorgue, 25, 1, 2
6233, none, minecraft:windswept_gravelly_hills, MONSTER, creatures_expanded:undead_necromancer, 35, 1, 1
6234, none, minecraft:windswept_gravelly_hills, MONSTER, ddenizens:winged_skeleton, 70, 1, 1
6235, none, minecraft:windswept_gravelly_hills, MONSTER, specialmobs:bruteskeleton, 70, 1, 1
6236, none, minecraft:windswept_gravelly_hills, MONSTER, specialmobs:gatlingskeleton, 70, 1, 1
6237, none, minecraft:windswept_gravelly_hills, MONSTER, specialmobs:knightskeleton, 70, 1, 1
6238, none, minecraft:windswept_gravelly_hills, MONSTER, specialmobs:ninjaskeleton, 70, 1, 1
6239, none, minecraft:windswept_gravelly_hills, MONSTER, specialmobs:sniperskeleton, 70, 1, 1
6240, none, minecraft:windswept_gravelly_hills, MONSTER, specialmobs:brutezombie, 70, 1, 1
6241, none, minecraft:windswept_gravelly_hills, MONSTER, specialmobs:plaguezombie, 70, 1, 1
6242, none, minecraft:windswept_gravelly_hills, MONSTER, specialmobs:fishingzombie, 70, 1, 1
6243, none, minecraft:windswept_gravelly_hills, MONSTER, specialmobs:hungryzombie, 70, 1, 1
6244, none, minecraft:windswept_gravelly_hills, MONSTER, specialmobs:minicreeper, 40, 1, 1
6245, none, minecraft:windswept_gravelly_hills, CREATURE, iceandfire:hippogryph, 60, 1, 1
6246, none, minecraft:windswept_gravelly_hills, CREATURE, mobz:brown_bear, 30, 2, 3
6247, none, minecraft:windswept_gravelly_hills, CREATURE, mobz:dirty_boar, 10, 1, 3
6248, none, minecraft:windswept_gravelly_hills, CREATURE, mobz:fiora, 10, 1, 1
6249, none, minecraft:windswept_gravelly_hills, CREATURE, mobz:golden_chicken, 10, 1, 2
6250, none, minecraft:windswept_gravelly_hills, CREATURE, mobz:katherine, 10, 1, 1
6251, none, minecraft:windswept_gravelly_hills, CREATURE, mobz:wild_boar, 10, 2, 4
6252, none, minecraft:windswept_gravelly_hills, AMBIENT, ddenizens:boulder, 35, 1, 1
6253, none, minecraft:windswept_gravelly_hills, AMBIENT, mocreatures:ant, 12, 1, 4
6254, none, minecraft:windswept_gravelly_hills, AMBIENT, mobz:tiny_spider, 10, 1, 1
6255, none, minecraft:windswept_gravelly_hills, AMBIENT, fantasyfauna:wisp, 60, 1, 2
6256, none, minecraft:windswept_hills, MONSTER, creatures_expanded:abomination, 20, 1, 1
6257, none, minecraft:windswept_hills, MONSTER, knights:archer, 40, 2, 3
6258, none, minecraft:windswept_hills, MONSTER, ddenizens:beholder, 10, 1, 1
6259, none, minecraft:windswept_hills, MONSTER, creatures_expanded:brood_spider, 35, 1, 1
6260, none, minecraft:windswept_hills, MONSTER, threateningly_mobs:cave_hunter, 12, 1, 1
6261, none, minecraft:windswept_hills, MONSTER, creatures_expanded:crumbling_skeleton, 50, 1, 1
6262, none, minecraft:windswept_hills, MONSTER, creatures_expanded:crystalline_golem, 20, 1, 1
6263, none, minecraft:windswept_hills, MONSTER, creatures_expanded:crystalline_spider, 45, 1, 3
6264, none, minecraft:windswept_hills, MONSTER, ddenizens:daemon, 10, 1, 1
6265, none, minecraft:windswept_hills, MONSTER, ddenizens:death_tyrant, 10, 1, 1
6266, none, minecraft:windswept_hills, MONSTER, threateningly_mobs:dracoscorpius, 40, 1, 2
6267, none, minecraft:windswept_hills, MONSTER, threateningly_mobs:elite_zombie_warrior, 10, 1, 2
6268, none, minecraft:windswept_hills, MONSTER, creatures_expanded:embersmog, 40, 1, 3
6269, none, minecraft:windswept_hills, MONSTER, ddenizens:fossilized_skeleton, 25, 1, 2
6270, none, minecraft:windswept_hills, MONSTER, creatures_expanded:fungal_ghoul, 60, 1, 2
6271, none, minecraft:windswept_hills, MONSTER, creatures_expanded:gargoyle, 50, 1, 3
6272, none, minecraft:windswept_hills, MONSTER, ddenizens:gazer, 25, 1, 1
6273, none, minecraft:windswept_hills, MONSTER, ddenizens:ghoul, 25, 1, 1
6274, none, minecraft:windswept_hills, MONSTER, creatures_expanded:gloomknight, 5, 1, 1
6275, none, minecraft:windswept_hills, MONSTER, creatures_expanded:gloomweaver, 30, 1, 2
6276, none, minecraft:windswept_hills, MONSTER, creatures_expanded:gnasheart, 60, 1, 4
6277, none, minecraft:windswept_hills, MONSTER, creatures_expanded:graven, 36, 3, 5
6278, none, minecraft:windswept_hills, MONSTER, ddenizens:headless, 40, 1, 1
6279, none, minecraft:windswept_hills, MONSTER, knights:heavyknight, 40, 1, 1
6280, none, minecraft:windswept_hills, MONSTER, iceandfire:troll, 40, 1, 3
6281, none, minecraft:windswept_hills, MONSTER, ddenizens:iron_skeleton, 15, 1, 1
6282, none, minecraft:windswept_hills, MONSTER, knights:knight, 50, 3, 5
6283, none, minecraft:windswept_hills, MONSTER, threateningly_mobs:lich_re, 10, 1, 1
6284, none, minecraft:windswept_hills, MONSTER, ddenizens:magma_skeleton, 40, 1, 1
6285, none, minecraft:windswept_hills, MONSTER, creatures_expanded:miststalker, 40, 1, 1
6286, none, minecraft:windswept_hills, MONSTER, threateningly_mobs:moon_priest, 10, 1, 1
6287, none, minecraft:windswept_hills, MONSTER, fantasyfauna:mushcap_glowing, 50, 2, 4
6288, none, minecraft:windswept_hills, MONSTER, knights:noble, 50, 1, 1
6289, none, minecraft:windswept_hills, MONSTER, ddenizens:orc, 35, 1, 1
6290, none, minecraft:windswept_hills, MONSTER, threateningly_mobs:ore_drill, 32, 1, 1
6291, none, minecraft:windswept_hills, MONSTER, mobz:tank_zombie, 10, 1, 1
6292, none, minecraft:windswept_hills, MONSTER, knights:peasant, 60, 2, 3
6293, none, minecraft:windswept_hills, MONSTER, fantasyfauna:possessed_armor, 20, 1, 1
6294, none, minecraft:windswept_hills, MONSTER, creatures_expanded:prosperisher_zombie, 50, 1, 2
6295, none, minecraft:windswept_hills, MONSTER, ddenizens:shadow, 30, 1, 1
6296, none, minecraft:windswept_hills, MONSTER, creatures_expanded:shadowfiend, 35, 1, 2
6297, none, minecraft:windswept_hills, MONSTER, ddenizens:shadowlord, 15, 1, 1
6298, none, minecraft:windswept_hills, MONSTER, ddenizens:skeleton_warrior, 50, 1, 2
6299, none, minecraft:windswept_hills, MONSTER, mobz:armored_zombie, 70, 1, 1
6300, none, minecraft:windswept_hills, MONSTER, mobz:blue_spider, 20, 2, 3
6301, none, minecraft:windswept_hills, MONSTER, mobz:bowman, 50, 1, 2
6302, none, minecraft:windswept_hills, MONSTER, mobz:dwarf, 10, 1, 1
6303, none, minecraft:windswept_hills, MONSTER, mobz:fast_zombie, 70, 1, 1
6304, none, minecraft:windswept_hills, MONSTER, mobz:honey_slime, 10, 1, 1
6305, none, minecraft:windswept_hills, MONSTER, mobz:iron_steve, 30, 1, 1
6306, none, minecraft:windswept_hills, MONSTER, mobz:lost_skeleton, 70, 1, 1
6307, none, minecraft:windswept_hills, MONSTER, mobz:overgrown_skeleton, 15, 2, 4
6308, none, minecraft:windswept_hills, MONSTER, mobz:purple_spider, 15, 1, 4
6309, none, minecraft:windswept_hills, MONSTER, mobz:stone_golem, 10, 1, 1
6310, none, minecraft:windswept_hills, MONSTER, mobz:tank_zombie, 30, 1, 2
6311, none, minecraft:windswept_hills, MONSTER, mobz:templar, 40, 1, 1
6312, none, minecraft:windswept_hills, MONSTER, mobz:warrior, 10, 1, 2
6313, none, minecraft:windswept_hills, MONSTER, mobz:zombie_mage, 70, 1, 1
6314, none, minecraft:windswept_hills, MONSTER, specialmobs:endercreeper, 10, 1, 4
6315, none, minecraft:windswept_hills, MONSTER, ddenizens:spectator, 25, 1, 1
6316, none, minecraft:windswept_hills, MONSTER, creatures_expanded:tremorgue, 25, 1, 2
6317, none, minecraft:windswept_hills, MONSTER, creatures_expanded:undead_necromancer, 35, 1, 1
6318, none, minecraft:windswept_hills, MONSTER, ddenizens:winged_skeleton, 70, 1, 1
6319, none, minecraft:windswept_hills, MONSTER, specialmobs:bruteskeleton, 70, 1, 1
6320, none, minecraft:windswept_hills, MONSTER, specialmobs:gatlingskeleton, 70, 1, 1
6321, none, minecraft:windswept_hills, MONSTER, specialmobs:knightskeleton, 70, 1, 1
6322, none, minecraft:windswept_hills, MONSTER, specialmobs:ninjaskeleton, 70, 1, 1
6323, none, minecraft:windswept_hills, MONSTER, specialmobs:sniperskeleton, 70, 1, 1
6324, none, minecraft:windswept_hills, MONSTER, specialmobs:brutezombie, 70, 1, 1
6325, none, minecraft:windswept_hills, MONSTER, specialmobs:plaguezombie, 70, 1, 1
6326, none, minecraft:windswept_hills, MONSTER, specialmobs:fishingzombie, 70, 1, 1
6327, none, minecraft:windswept_hills, MONSTER, specialmobs:hungryzombie, 70, 1, 1
6328, none, minecraft:windswept_hills, MONSTER, specialmobs:minicreeper, 40, 1, 1
6329, none, minecraft:windswept_hills, CREATURE, iceandfire:hippogryph, 60, 1, 1
6330, none, minecraft:windswept_hills, CREATURE, mobz:brown_bear, 30, 2, 3
6331, none, minecraft:windswept_hills, CREATURE, mobz:dirty_boar, 10, 1, 3
6332, none, minecraft:windswept_hills, CREATURE, mobz:fiora, 10, 1, 1
6333, none, minecraft:windswept_hills, CREATURE, mobz:golden_chicken, 10, 1, 2
6334, none, minecraft:windswept_hills, CREATURE, mobz:katherine, 10, 1, 1
6335, none, minecraft:windswept_hills, CREATURE, mobz:wild_boar, 10, 2, 4
6336, none, minecraft:windswept_hills, AMBIENT, ddenizens:boulder, 35, 1, 1
6337, none, minecraft:windswept_hills, AMBIENT, mobz:tiny_spider, 10, 1, 1
6338, none, minecraft:windswept_hills, AMBIENT, fantasyfauna:wisp, 60, 1, 2
6339, savanna, minecraft:windswept_savanna, MONSTER, creatures_expanded:abomination, 20, 1, 1
6340, savanna, minecraft:windswept_savanna, MONSTER, knights:archer, 40, 2, 3
6341, savanna, minecraft:windswept_savanna, MONSTER, ddenizens:beholder, 10, 1, 1
6342, savanna, minecraft:windswept_savanna, MONSTER, creatures_expanded:brood_spider, 35, 1, 1
6343, savanna, minecraft:windswept_savanna, MONSTER, threateningly_mobs:cave_hunter, 12, 1, 1
6344, savanna, minecraft:windswept_savanna, MONSTER, creatures_expanded:crumbling_skeleton, 50, 1, 1
6345, savanna, minecraft:windswept_savanna, MONSTER, creatures_expanded:crystalline_golem, 20, 1, 1
6346, savanna, minecraft:windswept_savanna, MONSTER, creatures_expanded:crystalline_spider, 45, 1, 3
6347, savanna, minecraft:windswept_savanna, MONSTER, ddenizens:daemon, 10, 1, 1
6348, savanna, minecraft:windswept_savanna, MONSTER, ddenizens:death_tyrant, 10, 1, 1
6349, savanna, minecraft:windswept_savanna, MONSTER, threateningly_mobs:elite_zombie_warrior, 10, 1, 2
6350, savanna, minecraft:windswept_savanna, MONSTER, creatures_expanded:embersmog, 40, 1, 3
6351, savanna, minecraft:windswept_savanna, MONSTER, ddenizens:fossilized_skeleton, 25, 1, 2
6352, savanna, minecraft:windswept_savanna, MONSTER, creatures_expanded:fungal_ghoul, 60, 1, 2
6353, savanna, minecraft:windswept_savanna, MONSTER, creatures_expanded:gargoyle, 50, 1, 3
6354, savanna, minecraft:windswept_savanna, MONSTER, ddenizens:gazer, 25, 1, 1
6355, savanna, minecraft:windswept_savanna, MONSTER, ddenizens:ghoul, 25, 1, 1
6356, savanna, minecraft:windswept_savanna, MONSTER, creatures_expanded:gloomknight, 5, 1, 1
6357, savanna, minecraft:windswept_savanna, MONSTER, creatures_expanded:gloomweaver, 30, 1, 2
6358, savanna, minecraft:windswept_savanna, MONSTER, creatures_expanded:gnasheart, 60, 1, 4
6359, savanna, minecraft:windswept_savanna, MONSTER, creatures_expanded:graven, 36, 3, 5
6360, savanna, minecraft:windswept_savanna, MONSTER, ddenizens:headless, 40, 1, 1
6361, savanna, minecraft:windswept_savanna, MONSTER, knights:heavyknight, 40, 1, 1
6362, savanna, minecraft:windswept_savanna, MONSTER, ddenizens:iron_skeleton, 15, 1, 1
6363, savanna, minecraft:windswept_savanna, MONSTER, knights:knight, 50, 3, 5
6364, savanna, minecraft:windswept_savanna, MONSTER, threateningly_mobs:lich_re, 10, 1, 1
6365, savanna, minecraft:windswept_savanna, MONSTER, ddenizens:magma_skeleton, 40, 1, 1
6366, savanna, minecraft:windswept_savanna, MONSTER, creatures_expanded:miststalker, 40, 1, 1
6367, savanna, minecraft:windswept_savanna, MONSTER, mocreatures:dirtscorpion, 10, 1, 3
6368, savanna, minecraft:windswept_savanna, MONSTER, mocreatures:cavescorpion, 50, 1, 3
6369, savanna, minecraft:windswept_savanna, MONSTER, mocreatures:horsemob, 10, 1, 3
6370, savanna, minecraft:windswept_savanna, MONSTER, threateningly_mobs:moon_priest, 10, 1, 1
6371, savanna, minecraft:windswept_savanna, MONSTER, fantasyfauna:mushcap_glowing, 50, 2, 4
6372, savanna, minecraft:windswept_savanna, MONSTER, knights:noble, 50, 1, 1
6373, savanna, minecraft:windswept_savanna, MONSTER, ddenizens:orc, 35, 1, 1
6374, savanna, minecraft:windswept_savanna, MONSTER, threateningly_mobs:ore_drill, 32, 1, 1
6375, savanna, minecraft:windswept_savanna, MONSTER, mobz:tank_zombie, 10, 1, 1
6376, savanna, minecraft:windswept_savanna, MONSTER, knights:peasant, 60, 2, 3
6377, savanna, minecraft:windswept_savanna, MONSTER, fantasyfauna:possessed_armor, 20, 1, 1
6378, savanna, minecraft:windswept_savanna, MONSTER, creatures_expanded:prosperisher_zombie, 50, 1, 2
6379, savanna, minecraft:windswept_savanna, MONSTER, ddenizens:shadow, 30, 1, 1
6380, savanna, minecraft:windswept_savanna, MONSTER, creatures_expanded:shadowfiend, 35, 1, 2
6381, savanna, minecraft:windswept_savanna, MONSTER, ddenizens:shadowlord, 15, 1, 1
6382, savanna, minecraft:windswept_savanna, MONSTER, ddenizens:skeleton_warrior, 50, 1, 2
6383, savanna, minecraft:windswept_savanna, MONSTER, threateningly_mobs:solscarab_maximus, 10, 1, 1
6384, savanna, minecraft:windswept_savanna, MONSTER, mobz:armored_zombie, 70, 1, 1
6385, savanna, minecraft:windswept_savanna, MONSTER, mobz:blue_spider, 20, 2, 3
6386, savanna, minecraft:windswept_savanna, MONSTER, mobz:bowman, 50, 1, 2
6387, savanna, minecraft:windswept_savanna, MONSTER, mobz:dwarf, 10, 1, 1
6388, savanna, minecraft:windswept_savanna, MONSTER, mobz:fast_zombie, 70, 1, 1
6389, savanna, minecraft:windswept_savanna, MONSTER, mobz:honey_slime, 10, 1, 1
6390, savanna, minecraft:windswept_savanna, MONSTER, mobz:iron_steve, 30, 1, 1
6391, savanna, minecraft:windswept_savanna, MONSTER, mobz:lost_skeleton, 70, 1, 1
6392, savanna, minecraft:windswept_savanna, MONSTER, mobz:overgrown_skeleton, 15, 2, 4
6393, savanna, minecraft:windswept_savanna, MONSTER, mobz:purple_spider, 15, 1, 4
6394, savanna, minecraft:windswept_savanna, MONSTER, mobz:tank_zombie, 30, 1, 2
6395, savanna, minecraft:windswept_savanna, MONSTER, mobz:templar, 40, 1, 1
6396, savanna, minecraft:windswept_savanna, MONSTER, mobz:warrior, 10, 1, 2
6397, savanna, minecraft:windswept_savanna, MONSTER, mobz:zombie_mage, 70, 1, 1
6398, savanna, minecraft:windswept_savanna, MONSTER, specialmobs:endercreeper, 10, 1, 4
6399, savanna, minecraft:windswept_savanna, MONSTER, ddenizens:spectator, 25, 1, 1
6400, savanna, minecraft:windswept_savanna, MONSTER, threateningly_mobs:steelboar, 10, 1, 1
6401, savanna, minecraft:windswept_savanna, MONSTER, threateningly_mobs:tall_mouse, 14, 1, 1
6402, savanna, minecraft:windswept_savanna, MONSTER, creatures_expanded:tremorgue, 25, 1, 2
6403, savanna, minecraft:windswept_savanna, MONSTER, creatures_expanded:undead_necromancer, 35, 1, 1
6404, savanna, minecraft:windswept_savanna, MONSTER, ddenizens:winged_skeleton, 70, 1, 1
6405, savanna, minecraft:windswept_savanna, MONSTER, specialmobs:giantskeleton, 70, 1, 1
6406, savanna, minecraft:windswept_savanna, MONSTER, mocreatures:biggolem, 20, 1, 1
6407, savanna, minecraft:windswept_savanna, MONSTER, mobz:small_zombie, 70, 1, 1
6408, savanna, minecraft:windswept_savanna, MONSTER, mocreatures:minigolem, 40, 1, 1
6409, savanna, minecraft:windswept_savanna, MONSTER, mocreatures:darkmanticore, 50, 1, 1
6410, savanna, minecraft:windswept_savanna, MONSTER, mocreatures:undeadscorpion, 50, 1, 1
6411, savanna, minecraft:windswept_savanna, MONSTER, mocreatures:silverskeleton, 70, 1, 1
6412, savanna, minecraft:windswept_savanna, MONSTER, mobz:bigboss, 50, 1, 1
6413, savanna, minecraft:windswept_savanna, MONSTER, specialmobs:bruteskeleton, 70, 1, 1
6414, savanna, minecraft:windswept_savanna, MONSTER, specialmobs:gatlingskeleton, 70, 1, 1
6415, savanna, minecraft:windswept_savanna, MONSTER, specialmobs:knightskeleton, 70, 1, 1
6416, savanna, minecraft:windswept_savanna, MONSTER, specialmobs:ninjaskeleton, 70, 1, 1
6417, savanna, minecraft:windswept_savanna, MONSTER, specialmobs:sniperskeleton, 70, 1, 1
6418, savanna, minecraft:windswept_savanna, MONSTER, specialmobs:brutezombie, 70, 1, 1
6419, savanna, minecraft:windswept_savanna, MONSTER, specialmobs:plaguezombie, 70, 1, 1
6420, savanna, minecraft:windswept_savanna, MONSTER, specialmobs:fishingzombie, 70, 1, 1
6421, savanna, minecraft:windswept_savanna, MONSTER, specialmobs:hungryzombie, 70, 1, 1
6422, savanna, minecraft:windswept_savanna, MONSTER, specialmobs:minicreeper, 40, 1, 1
6423, savanna, minecraft:windswept_savanna, CREATURE, threateningly_mobs:flame_horn_re, 10, 1, 2
6424, savanna, minecraft:windswept_savanna, CREATURE, iceandfire:cockatrice, 40, 1, 2
6425, savanna, minecraft:windswept_savanna, CREATURE, mocreatures:wildhorse, 12, 1, 4
6426, savanna, minecraft:windswept_savanna, CREATURE, mocreatures:lion, 10, 1, 3
6427, savanna, minecraft:windswept_savanna, CREATURE, mocreatures:leopard, 10, 1, 2
6428, savanna, minecraft:windswept_savanna, CREATURE, mocreatures:elephant, 10, 1, 2
6429, savanna, minecraft:windswept_savanna, CREATURE, mocreatures:ostrich, 10, 1, 1
6430, savanna, minecraft:windswept_savanna, CREATURE, mocreatures:komododragon, 12, 1, 2
6431, savanna, minecraft:windswept_savanna, CREATURE, mocreatures:filchlizard, 10, 1, 2
6432, savanna, minecraft:windswept_savanna, CREATURE, mobz:brown_bear, 30, 2, 3
6433, savanna, minecraft:windswept_savanna, CREATURE, mobz:dirty_boar, 10, 1, 3
6434, savanna, minecraft:windswept_savanna, CREATURE, mobz:fiora, 10, 1, 1
6435, savanna, minecraft:windswept_savanna, CREATURE, mobz:golden_chicken, 10, 1, 2
6436, savanna, minecraft:windswept_savanna, CREATURE, mobz:katherine, 10, 1, 1
6437, savanna, minecraft:windswept_savanna, CREATURE, mobz:wild_boar, 10, 2, 4
6438, savanna, minecraft:windswept_savanna, AMBIENT, ddenizens:boulder, 35, 1, 1
6439, savanna, minecraft:windswept_savanna, AMBIENT, mocreatures:bee, 10, 1, 2
6440, savanna, minecraft:windswept_savanna, AMBIENT, mocreatures:roach, 10, 1, 2
6441, savanna, minecraft:windswept_savanna, AMBIENT, mocreatures:butterfly, 12, 1, 4
6442, savanna, minecraft:windswept_savanna, AMBIENT, mocreatures:ant, 12, 1, 4
6443, savanna, minecraft:windswept_savanna, AMBIENT, mocreatures:grasshopper, 10, 1, 2
6444, savanna, minecraft:windswept_savanna, AMBIENT, mobz:tiny_spider, 10, 1, 1
6445, badlands, minecraft:wooded_badlands, MONSTER, creatures_expanded:abomination, 20, 1, 1
6446, badlands, minecraft:wooded_badlands, MONSTER, knights:archer, 40, 2, 3
6447, badlands, minecraft:wooded_badlands, MONSTER, threateningly_mobs:armor_desert, 60, 1, 1
6448, badlands, minecraft:wooded_badlands, MONSTER, threateningly_mobs:basalt_wyvern, 10, 1, 1
6449, badlands, minecraft:wooded_badlands, MONSTER, ddenizens:beholder, 10, 1, 1
6450, badlands, minecraft:wooded_badlands, MONSTER, creatures_expanded:brood_spider, 35, 1, 1
6451, badlands, minecraft:wooded_badlands, MONSTER, threateningly_mobs:cave_hunter, 12, 1, 1
6452, badlands, minecraft:wooded_badlands, MONSTER, creatures_expanded:crumbling_skeleton, 50, 1, 1
6453, badlands, minecraft:wooded_badlands, MONSTER, creatures_expanded:crystalline_golem, 20, 1, 1
6454, badlands, minecraft:wooded_badlands, MONSTER, creatures_expanded:crystalline_spider, 45, 1, 3
6455, badlands, minecraft:wooded_badlands, MONSTER, ddenizens:daemon, 10, 1, 1
6456, badlands, minecraft:wooded_badlands, MONSTER, ddenizens:death_tyrant, 10, 1, 1
6457, badlands, minecraft:wooded_badlands, MONSTER, threateningly_mobs:dracoscorpius, 40, 1, 2
6458, badlands, minecraft:wooded_badlands, MONSTER, threateningly_mobs:elite_zombie_warrior, 10, 1, 2
6459, badlands, minecraft:wooded_badlands, MONSTER, creatures_expanded:embersmog, 40, 1, 3
6460, badlands, minecraft:wooded_badlands, MONSTER, ddenizens:fossilized_skeleton, 25, 1, 2
6461, badlands, minecraft:wooded_badlands, MONSTER, creatures_expanded:fungal_ghoul, 60, 1, 2
6462, badlands, minecraft:wooded_badlands, MONSTER, creatures_expanded:gargoyle, 50, 1, 3
6463, badlands, minecraft:wooded_badlands, MONSTER, ddenizens:gazer, 25, 1, 1
6464, badlands, minecraft:wooded_badlands, MONSTER, ddenizens:ghoul, 25, 1, 1
6465, badlands, minecraft:wooded_badlands, MONSTER, creatures_expanded:gilded_zombie, 55, 1, 3
6466, badlands, minecraft:wooded_badlands, MONSTER, creatures_expanded:gloomknight, 5, 1, 1
6467, badlands, minecraft:wooded_badlands, MONSTER, creatures_expanded:gloomweaver, 30, 1, 2
6468, badlands, minecraft:wooded_badlands, MONSTER, creatures_expanded:gnasheart, 60, 1, 4
6469, badlands, minecraft:wooded_badlands, MONSTER, creatures_expanded:graven, 36, 3, 5
6470, badlands, minecraft:wooded_badlands, MONSTER, ddenizens:headless, 40, 1, 1
6471, badlands, minecraft:wooded_badlands, MONSTER, knights:heavyknight, 40, 1, 1
6472, badlands, minecraft:wooded_badlands, MONSTER, iceandfire:troll, 40, 1, 3
6473, badlands, minecraft:wooded_badlands, MONSTER, ddenizens:iron_skeleton, 15, 1, 1
6474, badlands, minecraft:wooded_badlands, MONSTER, creatures_expanded:kamikaze_creeper, 45, 1, 2
6475, badlands, minecraft:wooded_badlands, MONSTER, knights:knight, 50, 3, 5
6476, badlands, minecraft:wooded_badlands, MONSTER, threateningly_mobs:lich_re, 10, 1, 1
6477, badlands, minecraft:wooded_badlands, MONSTER, ddenizens:magma_skeleton, 40, 1, 1
6478, badlands, minecraft:wooded_badlands, MONSTER, creatures_expanded:miststalker, 40, 1, 1
6479, badlands, minecraft:wooded_badlands, MONSTER, mocreatures:biggolem, 10, 1, 1
6480, badlands, minecraft:wooded_badlands, MONSTER, mocreatures:rat, 10, 1, 2
6481, badlands, minecraft:wooded_badlands, MONSTER, mocreatures:dirtscorpion, 10, 1, 3
6482, badlands, minecraft:wooded_badlands, MONSTER, mocreatures:minigolem, 40, 1, 1
6483, badlands, minecraft:wooded_badlands, MONSTER, mocreatures:caveogre, 50, 1, 2
6484, badlands, minecraft:wooded_badlands, MONSTER, mocreatures:plainmanticore, 50, 1, 1
6485, badlands, minecraft:wooded_badlands, MONSTER, mocreatures:silverskeleton, 70, 1, 1
6486, badlands, minecraft:wooded_badlands, MONSTER, mocreatures:darkmanticore, 50, 1, 3
6487, badlands, minecraft:wooded_badlands, MONSTER, mocreatures:cavescorpion, 50, 1, 3
6488, badlands, minecraft:wooded_badlands, MONSTER, threateningly_mobs:moon_priest, 10, 1, 1
6489, badlands, minecraft:wooded_badlands, MONSTER, fantasyfauna:mushcap_glowing, 50, 2, 4
6490, badlands, minecraft:wooded_badlands, MONSTER, knights:noble, 50, 1, 1
6491, badlands, minecraft:wooded_badlands, MONSTER, ddenizens:orc, 35, 1, 1
6492, badlands, minecraft:wooded_badlands, MONSTER, threateningly_mobs:ore_drill, 32, 1, 1
6493, badlands, minecraft:wooded_badlands, MONSTER, mobz:tank_zombie, 10, 1, 1
6494, badlands, minecraft:wooded_badlands, MONSTER, knights:peasant, 60, 2, 3
6495, badlands, minecraft:wooded_badlands, MONSTER, fantasyfauna:possessed_armor, 20, 1, 1
6496, badlands, minecraft:wooded_badlands, MONSTER, creatures_expanded:prosperisher_zombie, 50, 1, 2
6497, badlands, minecraft:wooded_badlands, MONSTER, threateningly_mobs:sandworm, 15, 1, 1
6498, badlands, minecraft:wooded_badlands, MONSTER, ddenizens:shadow, 30, 1, 1
6499, badlands, minecraft:wooded_badlands, MONSTER, creatures_expanded:shadowfiend, 35, 1, 2
6500, badlands, minecraft:wooded_badlands, MONSTER, ddenizens:shadowlord, 15, 1, 1
6501, badlands, minecraft:wooded_badlands, MONSTER, ddenizens:skeleton_warrior, 50, 1, 2
6502, badlands, minecraft:wooded_badlands, MONSTER, threateningly_mobs:solscarab_maximus, 10, 1, 1
6503, badlands, minecraft:wooded_badlands, MONSTER, mobz:archer, 10, 1, 2
6504, badlands, minecraft:wooded_badlands, MONSTER, mobz:bigboss, 50, 1, 1
6505, badlands, minecraft:wooded_badlands, MONSTER, mobz:boss_skeleton, 60, 1, 1
6506, badlands, minecraft:wooded_badlands, MONSTER, mobz:boss_zombie, 70, 1, 1
6507, badlands, minecraft:wooded_badlands, MONSTER, mobz:illusioner, 10, 1, 1
6508, badlands, minecraft:wooded_badlands, MONSTER, mobz:lord_of_darkness, 10, 1, 1
6509, badlands, minecraft:wooded_badlands, MONSTER, mobz:spider_mage, 40, 1, 1
6510, badlands, minecraft:wooded_badlands, MONSTER, specialmobs:endercreeper, 10, 1, 4
6511, badlands, minecraft:wooded_badlands, MONSTER, ddenizens:spectator, 25, 1, 1
6512, badlands, minecraft:wooded_badlands, MONSTER, threateningly_mobs:steelboar, 10, 1, 1
6513, badlands, minecraft:wooded_badlands, MONSTER, creatures_expanded:tremorgue, 25, 1, 2
6514, badlands, minecraft:wooded_badlands, MONSTER, creatures_expanded:undead_necromancer, 35, 1, 1
6515, badlands, minecraft:wooded_badlands, MONSTER, ddenizens:winged_skeleton, 70, 1, 1
6516, badlands, minecraft:wooded_badlands, MONSTER, pumpeddesertremake:sand_storm, 40, 1, 1
6517, badlands, minecraft:wooded_badlands, MONSTER, specialmobs:giantskeleton, 70, 1, 1
6518, badlands, minecraft:wooded_badlands, MONSTER, mobz:small_zombie, 70, 1, 1
6519, badlands, minecraft:wooded_badlands, MONSTER, mocreatures:undeadscorpion, 50, 1, 1
6520, badlands, minecraft:wooded_badlands, MONSTER, mobz:zombie_mage, 70, 1, 1
6521, badlands, minecraft:wooded_badlands, MONSTER, specialmobs:bruteskeleton, 70, 1, 1
6522, badlands, minecraft:wooded_badlands, MONSTER, specialmobs:gatlingskeleton, 70, 1, 1
6523, badlands, minecraft:wooded_badlands, MONSTER, specialmobs:knightskeleton, 70, 1, 1
6524, badlands, minecraft:wooded_badlands, MONSTER, specialmobs:ninjaskeleton, 70, 1, 1
6525, badlands, minecraft:wooded_badlands, MONSTER, specialmobs:sniperskeleton, 70, 1, 1
6526, badlands, minecraft:wooded_badlands, MONSTER, specialmobs:brutezombie, 70, 1, 1
6527, badlands, minecraft:wooded_badlands, MONSTER, specialmobs:plaguezombie, 70, 1, 1
6528, badlands, minecraft:wooded_badlands, MONSTER, specialmobs:fishingzombie, 70, 1, 1
6529, badlands, minecraft:wooded_badlands, MONSTER, specialmobs:hungryzombie, 70, 1, 1
6530, badlands, minecraft:wooded_badlands, MONSTER, specialmobs:minicreeper, 40, 1, 1
6531, badlands, minecraft:wooded_badlands, MONSTER, specialmobs:desertspider, 40, 1, 1
6532, badlands, minecraft:wooded_badlands, MONSTER, specialmobs:desertcavespider, 40, 1, 1
6533, badlands, minecraft:wooded_badlands, MONSTER, specialmobs:infernoblaze, 40, 1, 1
6534, badlands, minecraft:wooded_badlands, MONSTER, threateningly_mobs:solscarab_maximus, 20, 1, 1
6535, badlands, minecraft:wooded_badlands, CREATURE, iceandfire:hippogryph, 60, 1, 1
6536, badlands, minecraft:wooded_badlands, CREATURE, mocreatures:mouse, 10, 1, 2
6537, badlands, minecraft:wooded_badlands, CREATURE, mocreatures:bird, 16, 2, 3
6538, badlands, minecraft:wooded_badlands, CREATURE, mocreatures:lion, 10, 1, 3
6539, badlands, minecraft:wooded_badlands, CREATURE, mocreatures:snake, 14, 1, 2
6540, badlands, minecraft:wooded_badlands, CREATURE, mocreatures:filchlizard, 10, 1, 2
6541, badlands, minecraft:wooded_badlands, AMBIENT, ddenizens:boulder, 35, 1, 1
6542, badlands, minecraft:wooded_badlands, AMBIENT, mocreatures:ant, 12, 1, 4
6543, none, mocreatures:wyvernlair_desertlands, MONSTER, creatures_expanded:abomination, 20, 1, 1
6544, none, mocreatures:wyvernlair_desertlands, MONSTER, creatures_expanded:brood_spider, 35, 1, 1
6545, none, mocreatures:wyvernlair_desertlands, MONSTER, creatures_expanded:crumbling_skeleton, 50, 1, 1
6546, none, mocreatures:wyvernlair_desertlands, MONSTER, creatures_expanded:crystalline_golem, 20, 1, 1
6547, none, mocreatures:wyvernlair_desertlands, MONSTER, creatures_expanded:crystalline_spider, 45, 1, 3
6548, none, mocreatures:wyvernlair_desertlands, MONSTER, creatures_expanded:embersmog, 40, 1, 3
6549, none, mocreatures:wyvernlair_desertlands, MONSTER, creatures_expanded:fungal_ghoul, 60, 1, 2
6550, none, mocreatures:wyvernlair_desertlands, MONSTER, creatures_expanded:gargoyle, 50, 1, 3
6551, none, mocreatures:wyvernlair_desertlands, MONSTER, creatures_expanded:gloomknight, 5, 1, 1
6552, none, mocreatures:wyvernlair_desertlands, MONSTER, creatures_expanded:gloomweaver, 30, 1, 2
6553, none, mocreatures:wyvernlair_desertlands, MONSTER, creatures_expanded:gnasheart, 60, 1, 4
6554, none, mocreatures:wyvernlair_desertlands, MONSTER, creatures_expanded:graven, 36, 3, 5
6555, none, mocreatures:wyvernlair_desertlands, MONSTER, creatures_expanded:miststalker, 40, 1, 1
6556, none, mocreatures:wyvernlair_desertlands, MONSTER, fantasyfauna:possessed_armor, 20, 1, 1
6557, none, mocreatures:wyvernlair_desertlands, MONSTER, creatures_expanded:prosperisher_zombie, 50, 1, 2
6558, none, mocreatures:wyvernlair_desertlands, MONSTER, creatures_expanded:shadowfiend, 35, 1, 2
6559, none, mocreatures:wyvernlair_desertlands, MONSTER, creatures_expanded:tremorgue, 25, 1, 2
6560, none, mocreatures:wyvernlair_desertlands, MONSTER, creatures_expanded:undead_necromancer, 35, 1, 1
6561, none, mocreatures:wyvernlair_desertlands, MONSTER, specialmobs:bruteskeleton, 70, 1, 1
6562, none, mocreatures:wyvernlair_desertlands, MONSTER, specialmobs:gatlingskeleton, 70, 1, 1
6563, none, mocreatures:wyvernlair_desertlands, MONSTER, specialmobs:knightskeleton, 70, 1, 1
6564, none, mocreatures:wyvernlair_desertlands, MONSTER, specialmobs:ninjaskeleton, 70, 1, 1
6565, none, mocreatures:wyvernlair_desertlands, MONSTER, specialmobs:sniperskeleton, 70, 1, 1
6566, none, mocreatures:wyvernlair_desertlands, MONSTER, specialmobs:brutezombie, 70, 1, 1
6567, none, mocreatures:wyvernlair_desertlands, MONSTER, specialmobs:plaguezombie, 70, 1, 1
6568, none, mocreatures:wyvernlair_desertlands, MONSTER, specialmobs:fishingzombie, 70, 1, 1
6569, none, mocreatures:wyvernlair_desertlands, MONSTER, specialmobs:hungryzombie, 70, 1, 1
6570, none, mocreatures:wyvernlair_desertlands, MONSTER, specialmobs:minicreeper, 40, 1, 1
6571, none, mocreatures:wyvernlair_desertlands, MONSTER, specialmobs:desertspider, 40, 1, 1
6572, none, mocreatures:wyvernlair_desertlands, MONSTER, specialmobs:desertcavespider, 40, 1, 1
6573, none, mocreatures:wyvernlair_desertlands, MONSTER, specialmobs:infernoblaze, 40, 1, 1
6574, none, mocreatures:wyvernlair_desertlands, CREATURE, mocreatures:bunny, 12, 2, 3
6575, none, mocreatures:wyvernlair_desertlands, CREATURE, mocreatures:snake, 14, 1, 2
6576, none, mocreatures:wyvernlair_desertlands, CREATURE, mocreatures:filchlizard, 10, 1, 2
6577, none, mocreatures:wyvernlair_desertlands, CREATURE, mocreatures:wyvern, 50, 1, 3
6578, none, mocreatures:wyvernlair_desertlands, AMBIENT, mocreatures:firefly, 10, 1, 2
6579, none, mocreatures:wyvernlair_desertlands, AMBIENT, mocreatures:dragonfly, 10, 1, 2
6580, none, mocreatures:wyvernlair_desertlands, AMBIENT, mocreatures:grasshopper, 10, 1, 2
6581, none, mocreatures:wyvernlair_mountains, MONSTER, creatures_expanded:abomination, 20, 1, 1
6582, none, mocreatures:wyvernlair_mountains, MONSTER, creatures_expanded:brood_spider, 35, 1, 1
6583, none, mocreatures:wyvernlair_mountains, MONSTER, creatures_expanded:crumbling_skeleton, 50, 1, 1
6584, none, mocreatures:wyvernlair_mountains, MONSTER, creatures_expanded:crystalline_golem, 20, 1, 1
6585, none, mocreatures:wyvernlair_mountains, MONSTER, creatures_expanded:crystalline_spider, 45, 1, 3
6586, none, mocreatures:wyvernlair_mountains, MONSTER, creatures_expanded:embersmog, 40, 1, 3
6587, none, mocreatures:wyvernlair_mountains, MONSTER, creatures_expanded:fungal_ghoul, 60, 1, 2
6588, none, mocreatures:wyvernlair_mountains, MONSTER, creatures_expanded:gargoyle, 50, 1, 3
6589, none, mocreatures:wyvernlair_mountains, MONSTER, creatures_expanded:gloomknight, 5, 1, 1
6590, none, mocreatures:wyvernlair_mountains, MONSTER, creatures_expanded:gloomweaver, 30, 1, 2
6591, none, mocreatures:wyvernlair_mountains, MONSTER, creatures_expanded:gnasheart, 60, 1, 4
6592, none, mocreatures:wyvernlair_mountains, MONSTER, creatures_expanded:graven, 36, 3, 5
6593, none, mocreatures:wyvernlair_mountains, MONSTER, creatures_expanded:miststalker, 40, 1, 1
6594, none, mocreatures:wyvernlair_mountains, MONSTER, fantasyfauna:possessed_armor, 20, 1, 1
6595, none, mocreatures:wyvernlair_mountains, MONSTER, creatures_expanded:prosperisher_zombie, 50, 1, 2
6596, none, mocreatures:wyvernlair_mountains, MONSTER, creatures_expanded:shadowfiend, 35, 1, 2
6597, none, mocreatures:wyvernlair_mountains, MONSTER, creatures_expanded:tremorgue, 25, 1, 2
6598, none, mocreatures:wyvernlair_mountains, MONSTER, creatures_expanded:undead_necromancer, 35, 1, 1
6599, none, mocreatures:wyvernlair_mountains, MONSTER, specialmobs:bruteskeleton, 70, 1, 1
6600, none, mocreatures:wyvernlair_mountains, MONSTER, specialmobs:gatlingskeleton, 70, 1, 1
6601, none, mocreatures:wyvernlair_mountains, MONSTER, specialmobs:knightskeleton, 70, 1, 1
6602, none, mocreatures:wyvernlair_mountains, MONSTER, specialmobs:ninjaskeleton, 70, 1, 1
6603, none, mocreatures:wyvernlair_mountains, MONSTER, specialmobs:sniperskeleton, 70, 1, 1
6604, none, mocreatures:wyvernlair_mountains, MONSTER, specialmobs:brutezombie, 70, 1, 1
6605, none, mocreatures:wyvernlair_mountains, MONSTER, specialmobs:plaguezombie, 70, 1, 1
6606, none, mocreatures:wyvernlair_mountains, MONSTER, specialmobs:fishingzombie, 70, 1, 1
6607, none, mocreatures:wyvernlair_mountains, MONSTER, specialmobs:hungryzombie, 70, 1, 1
6608, none, mocreatures:wyvernlair_mountains, MONSTER, specialmobs:minicreeper, 40, 1, 1
6609, none, mocreatures:wyvernlair_mountains, CREATURE, mocreatures:bunny, 12, 2, 3
6610, none, mocreatures:wyvernlair_mountains, CREATURE, mocreatures:snake, 14, 1, 2
6611, none, mocreatures:wyvernlair_mountains, CREATURE, mocreatures:filchlizard, 10, 1, 2
6612, none, mocreatures:wyvernlair_mountains, CREATURE, mocreatures:wyvern, 50, 1, 3
6613, none, mocreatures:wyvernlair_mountains, AMBIENT, mocreatures:firefly, 10, 1, 2
6614, none, mocreatures:wyvernlair_mountains, AMBIENT, mocreatures:dragonfly, 10, 1, 2
6615, none, mocreatures:wyvernlair_mountains, AMBIENT, mocreatures:grasshopper, 10, 1, 2
6616, none, mocreatures:wyvernlairlands, MONSTER, creatures_expanded:abomination, 20, 1, 1
6617, none, mocreatures:wyvernlairlands, MONSTER, creatures_expanded:brood_spider, 35, 1, 1
6618, none, mocreatures:wyvernlairlands, MONSTER, creatures_expanded:crumbling_skeleton, 50, 1, 1
6619, none, mocreatures:wyvernlairlands, MONSTER, creatures_expanded:crystalline_golem, 20, 1, 1
6620, none, mocreatures:wyvernlairlands, MONSTER, creatures_expanded:crystalline_spider, 45, 1, 3
6621, none, mocreatures:wyvernlairlands, MONSTER, creatures_expanded:embersmog, 40, 1, 3
6622, none, mocreatures:wyvernlairlands, MONSTER, creatures_expanded:fungal_ghoul, 60, 1, 2
6623, none, mocreatures:wyvernlairlands, MONSTER, creatures_expanded:gargoyle, 50, 1, 3
6624, none, mocreatures:wyvernlairlands, MONSTER, creatures_expanded:gloomknight, 5, 1, 1
6625, none, mocreatures:wyvernlairlands, MONSTER, creatures_expanded:gloomweaver, 30, 1, 2
6626, none, mocreatures:wyvernlairlands, MONSTER, creatures_expanded:gnasheart, 60, 1, 4
6627, none, mocreatures:wyvernlairlands, MONSTER, creatures_expanded:graven, 36, 3, 5
6628, none, mocreatures:wyvernlairlands, MONSTER, creatures_expanded:miststalker, 40, 1, 1
6629, none, mocreatures:wyvernlairlands, MONSTER, fantasyfauna:possessed_armor, 20, 1, 1
6630, none, mocreatures:wyvernlairlands, MONSTER, creatures_expanded:prosperisher_zombie, 50, 1, 2
6631, none, mocreatures:wyvernlairlands, MONSTER, creatures_expanded:shadowfiend, 35, 1, 2
6632, none, mocreatures:wyvernlairlands, MONSTER, creatures_expanded:tremorgue, 25, 1, 2
6633, none, mocreatures:wyvernlairlands, MONSTER, creatures_expanded:undead_necromancer, 35, 1, 1
6634, none, mocreatures:wyvernlairlands, MONSTER, specialmobs:bruteskeleton, 70, 1, 1
6635, none, mocreatures:wyvernlairlands, MONSTER, specialmobs:gatlingskeleton, 70, 1, 1
6636, none, mocreatures:wyvernlairlands, MONSTER, specialmobs:knightskeleton, 70, 1, 1
6637, none, mocreatures:wyvernlairlands, MONSTER, specialmobs:ninjaskeleton, 70, 1, 1
6638, none, mocreatures:wyvernlairlands, MONSTER, specialmobs:sniperskeleton, 70, 1, 1
6639, none, mocreatures:wyvernlairlands, MONSTER, specialmobs:brutezombie, 70, 1, 1
6640, none, mocreatures:wyvernlairlands, MONSTER, specialmobs:plaguezombie, 70, 1, 1
6641, none, mocreatures:wyvernlairlands, MONSTER, specialmobs:fishingzombie, 70, 1, 1
6642, none, mocreatures:wyvernlairlands, MONSTER, specialmobs:hungryzombie, 70, 1, 1
6643, none, mocreatures:wyvernlairlands, MONSTER, specialmobs:minicreeper, 40, 1, 1
6644, none, mocreatures:wyvernlairlands, CREATURE, mocreatures:bunny, 12, 2, 3
6645, none, mocreatures:wyvernlairlands, CREATURE, mocreatures:snake, 14, 1, 2
6646, none, mocreatures:wyvernlairlands, CREATURE, mocreatures:filchlizard, 10, 1, 2
6647, none, mocreatures:wyvernlairlands, CREATURE, mocreatures:wyvern, 50, 1, 3
6648, none, mocreatures:wyvernlairlands, AMBIENT, mocreatures:firefly, 10, 1, 2
6649, none, mocreatures:wyvernlairlands, AMBIENT, mocreatures:dragonfly, 10, 1, 2
6650, none, mocreatures:wyvernlairlands, AMBIENT, mocreatures:grasshopper, 10, 1, 2
6651, none, mocreatures:wyvernlairlandsforest, MONSTER, creatures_expanded:abomination, 20, 1, 1
6652, none, mocreatures:wyvernlairlandsforest, MONSTER, creatures_expanded:brood_spider, 35, 1, 1
6653, none, mocreatures:wyvernlairlandsforest, MONSTER, creatures_expanded:crumbling_skeleton, 50, 1, 1
6654, none, mocreatures:wyvernlairlandsforest, MONSTER, creatures_expanded:crystalline_golem, 20, 1, 1
6655, none, mocreatures:wyvernlairlandsforest, MONSTER, creatures_expanded:crystalline_spider, 45, 1, 3
6656, none, mocreatures:wyvernlairlandsforest, MONSTER, creatures_expanded:embersmog, 40, 1, 3
6657, none, mocreatures:wyvernlairlandsforest, MONSTER, creatures_expanded:fungal_ghoul, 60, 1, 2
6658, none, mocreatures:wyvernlairlandsforest, MONSTER, creatures_expanded:gargoyle, 50, 1, 3
6659, none, mocreatures:wyvernlairlandsforest, MONSTER, creatures_expanded:gloomknight, 5, 1, 1
6660, none, mocreatures:wyvernlairlandsforest, MONSTER, creatures_expanded:gloomweaver, 30, 1, 2
6661, none, mocreatures:wyvernlairlandsforest, MONSTER, creatures_expanded:gnasheart, 60, 1, 4
6662, none, mocreatures:wyvernlairlandsforest, MONSTER, creatures_expanded:graven, 36, 3, 5
6663, none, mocreatures:wyvernlairlandsforest, MONSTER, creatures_expanded:miststalker, 40, 1, 1
6664, none, mocreatures:wyvernlairlandsforest, MONSTER, fantasyfauna:possessed_armor, 20, 1, 1
6665, none, mocreatures:wyvernlairlandsforest, MONSTER, creatures_expanded:prosperisher_zombie, 50, 1, 2
6666, none, mocreatures:wyvernlairlandsforest, MONSTER, creatures_expanded:shadowfiend, 35, 1, 2
6667, none, mocreatures:wyvernlairlandsforest, MONSTER, creatures_expanded:tremorgue, 25, 1, 2
6668, none, mocreatures:wyvernlairlandsforest, MONSTER, creatures_expanded:undead_necromancer, 35, 1, 1
6669, none, mocreatures:wyvernlairlandsforest, MONSTER, specialmobs:bruteskeleton, 70, 1, 1
6670, none, mocreatures:wyvernlairlandsforest, MONSTER, specialmobs:gatlingskeleton, 70, 1, 1
6671, none, mocreatures:wyvernlairlandsforest, MONSTER, specialmobs:knightskeleton, 70, 1, 1
6672, none, mocreatures:wyvernlairlandsforest, MONSTER, specialmobs:ninjaskeleton, 70, 1, 1
6673, none, mocreatures:wyvernlairlandsforest, MONSTER, specialmobs:sniperskeleton, 70, 1, 1
6674, none, mocreatures:wyvernlairlandsforest, MONSTER, specialmobs:brutezombie, 70, 1, 1
6675, none, mocreatures:wyvernlairlandsforest, MONSTER, specialmobs:plaguezombie, 70, 1, 1
6676, none, mocreatures:wyvernlairlandsforest, MONSTER, specialmobs:fishingzombie, 70, 1, 1
6677, none, mocreatures:wyvernlairlandsforest, MONSTER, specialmobs:hungryzombie, 70, 1, 1
6678, none, mocreatures:wyvernlairlandsforest, MONSTER, specialmobs:minicreeper, 40, 1, 1
6679, none, mocreatures:wyvernlairlandsforest, CREATURE, mocreatures:bunny, 12, 2, 3
6680, none, mocreatures:wyvernlairlandsforest, CREATURE, mocreatures:snake, 14, 1, 2
6681, none, mocreatures:wyvernlairlandsforest, CREATURE, mocreatures:filchlizard, 10, 1, 2
6682, none, mocreatures:wyvernlairlandsforest, CREATURE, mocreatures:wyvern, 50, 1, 3
6683, none, mocreatures:wyvernlairlandsforest, AMBIENT, mocreatures:firefly, 10, 1, 2
6684, none, mocreatures:wyvernlairlandsforest, AMBIENT, mocreatures:dragonfly, 10, 1, 2
6685, none, mocreatures:wyvernlairlandsforest, AMBIENT, mocreatures:grasshopper, 10, 1, 2
